<?xml version="1.0" ?>
<root>
    <teiHeader>
        <fileDesc>
            <titleStmt>
                <title>Poitiers</title>
                <recordID>0075</recordID>
                <transcription/>
                <respStmt>
                    <resp/>
                    <name/>
                    <note>
                        <date/>
                        <problems/>
                    </note>
                </respStmt>
            </titleStmt>
            <sourceDesc>
                <baseText/>
                <textNeeded/>
                <noKnownText/>
                <fragment/>
                <ocrNote/>
                <msDesc/>
                <bibl/>
                <sourceNote/>
            </sourceDesc>
        </fileDesc>
        <profileDesc>
            <langUsage>Latin</langUsage>
            <languageNote/>
            <langUsage/>
            <creation>
                <year>1282</year>
                <origDate precision="circa">1280x1284</origDate>
                <dateNotes/>
                <origPlace>Poitiers</origPlace>
                <diocese>Poitiers</diocese>
                <province>Bordeaux</province>
                <country>France</country>
                <geo/>
                <placeNotes/>
                <orgName/>
                <persName/>
                <altName/>
                <regnalYears/>
                <delegated/>
                <classNotes/>
            </creation>
            <textDesc>
                <domain>Diocesan</domain>
            </textDesc>
            <genNotes/>
        </profileDesc>
    </teiHeader>
    <text>
        <body>
            <div>
                <head>Metadata</head>
                <p>RecordID: 75</p>
                <p>Year_Sort: 1282</p>
                <p>Year: 1280x1284</p>
                <p>Month: None</p>
                <p>Day: None</p>
                <p>Circa: Yes</p>
                <p>DatingNotes: None</p>
                <p>Place: Poitiers</p>
                <p>Diocese: Poitiers</p>
                <p>Province: Bordeaux</p>
                <p>CountryModern: France</p>
                <p>Jurisdiction_ID: D371</p>
                <p>Jurisdiction_ID2: None</p>
                <p>Jurisdiction_ID3: None</p>
                <p>Latitude: 46.581945</p>
                <p>Longitude: 0.336112</p>
                <p>PlaceNotes: None</p>
                <p>Classification: Diocesan</p>
                <p>IssuingAuthority: Gautier de Bruges</p>
                <p>IssuingAuthorityAlt: None</p>
                <p>RegnalStart: 1279</p>
                <p>RegnalEnd: 1305</p>
                <p>Delegated: None</p>
                <p>ClassificationNotes: None</p>
                <p>Language: Latin</p>
                <p>LanguageNotes: None</p>
                <p>TextNeeded: None</p>
                <p>NoKnownText: None</p>
                <p>Fragment: None</p>
                <p>Source: None</p>
                <p>SourceOther: None</p>
                <p>Edition: Avril, Statuts, V, 116-17</p>
                <p>EditionOther: None</p>
                <p>SourceNotes: None</p>
                <p>TranscriptionNotes: Reviewed </p>
                <p>BaseText: Hard Copy Scan</p>
                <p>OCR: Yes</p>
                <p>Transcription: None</p>
                <p>GeneralNotes: None</p>
                <p>BiblioRefs: None</p>
            </div>
            <div>
                <head>Text</head>
                <div>
                    <head>Capitulum 1</head>
                    <p>(1) De detractoribus. [1]</p>
                    <p>Cum secundum canonicas sanctiones detractores et hii qui famam non verentur ledere alienam deteriores censeantur hiis qui substantiam diripiunt alienam, et cautum sit quod non dimittitur peccatum nisi restituatur ablatum, precipimus quod sacerdotes in foro penitentiali confitentibus detractionis peccatum injungunt, quod famam ablatam lesis restituant, quantum in eis est ibi et apud eos, ubi verba blasphemie protulerant contrarium profitendo, vel aliter prout rei qualitas ad bonum fame ipsius lesi utilius suadebit, aliter ipsos penitentes, nisi famam quantum in eis est, et, prout peterunt, restituerint, detractionis predicte nullatenus absolventes.</p>
                </div>
                <div>
                    <head>Capitulum 2</head>
                    <p>(2) Ne rectores ecclesiarum vel religiosi [2] absque licentia peregrinentur.</p>
                    <p>Cum ministros altaris peregrinari absque superioris licentia canonica prohibeant instituta, inhibemus ne rectores ecclesiarum et religiosi quicumque sine nostra vel alterius superioris ad quem id pertineat licentia peregrinationis causa, voto crucis excepto, ecclesias deserant, vel ab eis se audeant absentare, quarum debent servitio insudare, et contrarium facientes penitentia juxta nostrum arbitrium imponenda.</p>
                </div>
                <div>
                    <head>Capitulum 3</head>
                    <p>(3) Qualiter justiciarii laici se debent habere in capcione clericorum delinquentium. [3]</p>
                    <p>Inhibemus in generali una monitione prehabita pro omnibus universos baillivos, justiciarios seculares et quoscumque laycos ne contra mandatum Ecclesie seu ecclesiastici judicis competentis capiant clericos ob delicti cujuscumque impositionem.</p>
                    <p>Si vero convictos vel deprehensos in delicto propter quod fuerant carcere mancipandi ceperint, ne fuge remedio se committant, precipimus et monemus quod captos statim, si de die, si vero de nocte, postquam dies illuxerit quam citius commode poterint, adducant et remittant, restituant et dimittant judici ecclesiastico competenti ipsos clericos, ipsius etiam requisitione minime expectata, capiendo, ducendo, vel tenendo corporaliter, ubi hoc cum moderamine inculpate tutele fieret non ledendo.</p>
                    <p>Contrarium vero facientes, vel hiis opem, consilium vel auctoritatem prebentes, volumus et declaramus ipso facto excommunicationis sententie subjacere.</p>
                </div>
                <div>
                    <head>Capitulum 4</head>
                    <p>(4) Inhibemus sub pena excommunicationis ne aliquis religiosus vel secularis defectum patiens in natalibus nobis presentetur a quocumque ad beneficium cui cura imminet animarum, nisi dispensationem a Sede apostolica obtinuerit, quam ad institutionem ipsius ab ipso precipimus exhiberi.</p>
                </div>
                <div>
                    <head>Capitulum 5</head>
                    <p>(5) Inhibemus et in generali monemus ne quis sacerdos nubentibus clandestine benedictionem presumat impendere nuptialem et ne quis parochianum vel parochianam sine licentia proprii sacerdotis ad benedictionem nuptialem recipere presumat, alioquin tam sacerdotes quam nubentes qui in premissis delinquerunt, quorum nomina per archipresbyteros et decanos ad quorum noticiam id devenerint, nobis precipimus nunciari juxta nostrum arbitrium graviter punituri.</p>
                </div>
                <div>
                    <head>Capitulum 6</head>
                    <p>(6) Ne sacerdotes habeant focarias.</p>
                    <p>Item monemus in generali una monitione perhibita pro omnibus ne sacerdotes, clerici et alii in sacris ordinibus constituti focarias vel mulieres aliquas, unde populus vel ecclesia scandalizet, vel de quibus possit mala suspicio suboriri in domibus propriis vel alibi teneant, alioquin sciant se Galonis sententia innodatos.</p>
                </div>
                <div>
                    <head>Capitulum 7</head>
                    <p>(7) De vigiliis.</p>
                    <p>Cum ex nocturnis vigiliis que a peregrinantibus in ecclesiis fieri consueverunt, plerumque contingat ecclesias ipsas, sanguinis, seminis effusione fedari et alia enormia committi, ubi erat delictorum venia postulanda, precipimus quod sacerdotes in generali in ecclesiis suis et etiam nihilominus ipsi et quilibet confessores et specialiter quilibet ipsi in penitentiali foro confitenti inhibeant sub pena excommunicationis, ne in ecclesiis ad quas peregrinationis causa accesserint presumant vigilare, nisi sint infirmi, vel de familia infirmorum sive parentela, vel personis infirmorum necessarie pernoctare, vel de nocte vigilias exercere, et ipsos efficaciter inducant ut promittant se ab hujusmodi vigiliis abstinere, contrarium facientes, sacramenta ecclesiastica negantur.</p>
                </div>
                <div>
                    <head>Footnotes</head>
                    <p>[1] Originally [De detractoribus].</p>
                    <p>[2] Originally [vel religiosi].</p>
                    <p>[3] Originally [Qualiter justiciarii laici se debent habere in capcione clericorum delinquentium].</p>
                </div>
            </div>
        </body>
    </text>
</root>
