<?xml version="1.0" ?>
<root>
    <teiHeader>
        <fileDesc>
            <titleStmt>
                <title>Beziers</title>
                <recordID>0160</recordID>
                <transcription/>
                <respStmt>
                    <resp/>
                    <name/>
                    <note>
                        <date/>
                        <problems/>
                    </note>
                </respStmt>
            </titleStmt>
            <sourceDesc>
                <baseText/>
                <textNeeded/>
                <noKnownText/>
                <fragment/>
                <ocrNote/>
                <msDesc/>
                <bibl/>
                <sourceNote/>
            </sourceDesc>
        </fileDesc>
        <profileDesc>
            <langUsage>Latin</langUsage>
            <languageNote/>
            <langUsage/>
            <creation>
                <year>1369</year>
                <origDate>1369-04-17</origDate>
                <dateNotes/>
                <origPlace>Béziers</origPlace>
                <diocese>Béziers</diocese>
                <province>Narbonne</province>
                <country>France</country>
                <geo/>
                <placeNotes/>
                <orgName/>
                <persName/>
                <altName/>
                <regnalYears/>
                <delegated/>
                <classNotes/>
            </creation>
            <textDesc>
                <domain>Diocesan</domain>
            </textDesc>
            <genNotes/>
        </profileDesc>
    </teiHeader>
    <text>
        <body>
            <div>
                <head>Metadata</head>
                <p>RecordID: 160</p>
                <p>Year_Sort: 1369</p>
                <p>Year: 1369</p>
                <p>Month: 4</p>
                <p>Day: 17</p>
                <p>Circa: None</p>
                <p>DatingNotes: None</p>
                <p>Place: Béziers</p>
                <p>Diocese: Béziers</p>
                <p>Province: Narbonne</p>
                <p>CountryModern: France</p>
                <p>Jurisdiction_ID: D407</p>
                <p>Jurisdiction_ID2: None</p>
                <p>Jurisdiction_ID3: None</p>
                <p>Latitude: 43.347615</p>
                <p>Longitude: 3.218991</p>
                <p>PlaceNotes: None</p>
                <p>Classification: Diocesan</p>
                <p>IssuingAuthority: Hugues de la Jugie</p>
                <p>IssuingAuthorityAlt: None</p>
                <p>RegnalStart: 1349</p>
                <p>RegnalEnd: 1371</p>
                <p>Delegated: None</p>
                <p>ClassificationNotes: None</p>
                <p>Language: Latin</p>
                <p>LanguageNotes: None</p>
                <p>TextNeeded: None</p>
                <p>NoKnownText: None</p>
                <p>Fragment: None</p>
                <p>Source: None</p>
                <p>SourceOther: None</p>
                <p>Edition: Martene, Thes IV, 659-60</p>
                <p>EditionOther: None</p>
                <p>SourceNotes: None</p>
                <p>TranscriptionNotes: Reviewed </p>
                <p>BaseText: ['GoogleBooks', 'Data Capture']</p>
                <p>OCR: None</p>
                <p>Transcription: None</p>
                <p>GeneralNotes: None</p>
                <p>BiblioRefs: None</p>
            </div>
            <div>
                <head>Text</head>
                <div>
                    <head>Incipit</head>
                    <p>IN synodo Paschali per dominum H. episcopum Biterrensem ex parte nostri episcopi Biterrensis fuit ordinatum in sancta synodo Paschae Domini anno Domini M. CCC. LXIX. die XVII. mensis Aprilis.</p>
                </div>
                <div>
                    <head>Capitulum 1</head>
                    <p>(1) Primo, ordinatur in ista sancta synodo quod in monitionibus et citationibus nostris et nostrorum officialium scribantur per capellanos quibus diriguntur exequendae per eos acta sicut jacent, scilicet an persona citata vel monita sit inventa personaliter vel non, sub poena x. solidorum nobis sine misericordia applicanda, et etiam in praedictis apponant sua sigilla cum bona cera.</p>
                </div>
                <div>
                    <head>Capitulum 2</head>
                    <p>(2) Item, quod omnes priores habeant statuta synodalia completa hinc ad proximam synodum B. Lucae proxime venientis, sub poena x. solidorum, et quod de dictis statutis faciant fidem illa die officiali nostro Biterrensi, ut dictam poenam evadere possint.</p>
                </div>
                <div>
                    <head>Capitulum 3</head>
                    <p>(3) Item, quod in dicta synodo B. Lucae proxime sequenti portent officiali nostro Biterrensi, seu procuratori nostro Biterrensi nomina excommunicatorum qui ultra annum in excommunicatione steterunt, et per quem sunt excommunicati, et ad instantiam cujus, et pro qua de causa, sub poena excommunicationis.</p>
                    <p>Item, nomina sortilegorum.</p>
                    <p>Item, concubinariorum et concubinarum manifestorum.</p>
                    <p>Item, nomina eorum qui non confitentur, nec receperint sanctam Eucharistiam in die Paschae Domini.</p>
                    <p>Item, nomina testantium, et quod portent copias et clausulas testamentorum ad pias causas, et revelent etiam notarios qui dicta testamenta receperint, et quod etiam omnibus diebus explicetur hoc populo.</p>
                </div>
                <div>
                    <head>Capitulum 4</head>
                    <p>(4) Item, injungitur omnibus viris ecclesiasticis, qui pro hujuscemodi sancta synodo venerunt, quod nullus recedat sine licentia, nisi completa ipsa synodo.</p>
                </div>
                <div>
                    <head>Capitulum 5</head>
                    <p>(5) Item, quod quilibet resideat in sua curata ecclesia, nisi habeat licentiam de non residendo specialem a domino nostro antedicto.</p>
                </div>
                <div>
                    <head>Capitulum 6</head>
                    <p>(6) Item, volumus et mandamus vobis omnibus prioribus et aliis curatis, quod dum eritis in ecclesiis vestris una die dominica vel festiva citra quindecim dies proxime sequentes, vocato populo quilibet curatorum celebrare habeat unam missam Sancti Spiritus alta voce, pro pace et fructibus terrae, et in crastinum aliam pro defunctis.</p>
                    <p>Et volumus quod primitus hoc populo exponatur, et tam celebrantibus quam audientibus cuilibet auctoritate omnipotentis Dei et nobis attributa damus et concedimus xx. dies indulgentiae in remissionem vestrorum et suorum peccatorum.</p>
                </div>
                <div>
                    <head>Footnotes</head>
                </div>
            </div>
        </body>
    </text>
</root>
