<?xml version="1.0" ?>
<root>
    <teiHeader>
        <fileDesc>
            <titleStmt>
                <title>Carcassonne</title>
                <recordID>0163</recordID>
                <transcription/>
                <respStmt>
                    <resp/>
                    <name/>
                    <note>
                        <date/>
                        <problems/>
                    </note>
                </respStmt>
            </titleStmt>
            <sourceDesc>
                <baseText/>
                <textNeeded/>
                <noKnownText/>
                <fragment/>
                <ocrNote/>
                <msDesc/>
                <bibl/>
                <sourceNote/>
            </sourceDesc>
        </fileDesc>
        <profileDesc>
            <langUsage>Latin</langUsage>
            <languageNote/>
            <langUsage/>
            <creation>
                <year>1277</year>
                <origDate>1277-04-06</origDate>
                <dateNotes/>
                <origPlace>Carcassonne</origPlace>
                <diocese>Carcassonne</diocese>
                <province>Narbonne</province>
                <country>France</country>
                <geo/>
                <placeNotes/>
                <orgName/>
                <persName/>
                <altName/>
                <regnalYears/>
                <delegated/>
                <classNotes/>
            </creation>
            <textDesc>
                <domain>Other</domain>
            </textDesc>
            <genNotes/>
        </profileDesc>
    </teiHeader>
    <text>
        <body>
            <div>
                <head>Metadata</head>
                <p>RecordID: 163</p>
                <p>Year_Sort: 1277</p>
                <p>Year: 1277</p>
                <p>Month: 4</p>
                <p>Day: 6</p>
                <p>Circa: None</p>
                <p>DatingNotes: None</p>
                <p>Place: Carcassonne</p>
                <p>Diocese: Carcassonne</p>
                <p>Province: Narbonne</p>
                <p>CountryModern: France</p>
                <p>Jurisdiction_ID: D402</p>
                <p>Jurisdiction_ID2: None</p>
                <p>Jurisdiction_ID3: None</p>
                <p>Latitude: 43.21306</p>
                <p>Longitude: 2.352028</p>
                <p>PlaceNotes: None</p>
                <p>Classification: Other</p>
                <p>IssuingAuthority: Bernard de Capendu</p>
                <p>IssuingAuthorityAlt: None</p>
                <p>RegnalStart: 1267</p>
                <p>RegnalEnd: 1278</p>
                <p>Delegated: None</p>
                <p>ClassificationNotes: Episcopal mandate</p>
                <p>Language: Latin</p>
                <p>LanguageNotes: None</p>
                <p>TextNeeded: None</p>
                <p>NoKnownText: None</p>
                <p>Fragment: None</p>
                <p>Source: Paris BnF lat 1613, fol 45v</p>
                <p>SourceOther: None</p>
                <p>Edition: Avril, Statuts, VI, 454</p>
                <p>EditionOther: None</p>
                <p>SourceNotes: [MF 2267] [R 62981] [downloaded from BnF]</p>
                <p>TranscriptionNotes: Reviewed </p>
                <p>BaseText: ['Hard Copy Scan', 'Digital MS']</p>
                <p>OCR: Yes</p>
                <p>Transcription: None</p>
                <p>GeneralNotes: None</p>
                <p>BiblioRefs: None</p>
            </div>
            <div>
                <head>Text</head>
                <div>
                    <head>All Text</head>
                    <p>Item statutum domini Bernardi Carcassonensis episcopi contra usurpatores officii et juris alieni.</p>
                    <p>Quoniam nonnulli tam religiosi quam alii falcem in alterius messem mittentes, sacramenta ecclesiastica ministrandi, ac verbum Dei populis predicandi quam nec jus nec aliquod privilegium eis tribuit sibi frequenter usurpant presumptione damnabili potestatem, non attendentes quanta ex his proveniant pericula animarum, idcirco nos, Bernardus Carcassonensis episcopus, animarum fallacia detrimente diocesi vitare volentes, hoc perpetuo decreto statuimus ne quis religiosus vel quis alius cujuscumque ordinis preminentie, status, dignitatis aut conditionis existat, in civitate vel diocesi Carcassonensi sacramenta ecclesiastica cuiquam ministrare, nec ecclesias vel altaria consecrare, ungere, dedicare vel similia attentare absque nostra licentia speciali, nec jus parochialibus ecclesiis competens de jure, consuetudine sive usu, de cetero audeat usurpare seu etiam exercere, simili modo prohibentes ne quisquam religiosus residentiam non faciens in civitate vel diocesi Carcassonensi, absque nostra licentia in eisdem civitate vel diocesi potestatem sibi vindicet predicandi.</p>
                    <p>Qui autem in aliquo predictorum casuum contrarium fecerint, nisi privilegio Sedis Apostolice sint muniti eosdem et recipientem quemlibet, autoritate constitutionis presentis excommunicationis sententie decernimus subjacere.</p>
                    <p>Actum Carcassone VIII idus aprilis, anno Domini MCC septuagesimo septimo presentibus domnis P. ... majori archidiacono, G. ... minori archidiacono, S. ... archipresbytero minori, magistro B. ... de Portiano officiali Carcassonensi et plurimis aliis.</p>
                </div>
                <div>
                    <head>Footnotes</head>
                </div>
            </div>
        </body>
    </text>
</root>
