<?xml version="1.0" ?>
<root>
    <teiHeader>
        <fileDesc>
            <titleStmt>
                <title>Meaux</title>
                <recordID>0184</recordID>
                <transcription/>
                <respStmt>
                    <resp/>
                    <name/>
                    <note>
                        <date/>
                        <problems/>
                    </note>
                </respStmt>
            </titleStmt>
            <sourceDesc>
                <baseText/>
                <textNeeded/>
                <noKnownText/>
                <fragment/>
                <ocrNote/>
                <msDesc/>
                <bibl/>
                <sourceNote/>
            </sourceDesc>
        </fileDesc>
        <profileDesc>
            <langUsage>Latin</langUsage>
            <languageNote/>
            <langUsage/>
            <creation>
                <year>1363</year>
                <origDate>1363</origDate>
                <dateNotes/>
                <origPlace>Meaux</origPlace>
                <diocese>Meaux</diocese>
                <province>Sens</province>
                <country>France</country>
                <geo/>
                <placeNotes/>
                <orgName/>
                <persName/>
                <altName/>
                <regnalYears/>
                <delegated/>
                <classNotes/>
            </creation>
            <textDesc>
                <domain>Diocesan</domain>
            </textDesc>
            <genNotes/>
        </profileDesc>
    </teiHeader>
    <text>
        <body>
            <div>
                <head>Metadata</head>
                <p>RecordID: 184</p>
                <p>Year_Sort: 1363</p>
                <p>Year: 1363</p>
                <p>Month: None</p>
                <p>Day: None</p>
                <p>Circa: None</p>
                <p>DatingNotes: None</p>
                <p>Place: Meaux</p>
                <p>Diocese: Meaux</p>
                <p>Province: Sens</p>
                <p>CountryModern: France</p>
                <p>Jurisdiction_ID: D458</p>
                <p>Jurisdiction_ID2: None</p>
                <p>Jurisdiction_ID3: None</p>
                <p>Latitude: 48.960278</p>
                <p>Longitude: 2.888333</p>
                <p>PlaceNotes: None</p>
                <p>Classification: Diocesan</p>
                <p>IssuingAuthority: None</p>
                <p>IssuingAuthorityAlt: None</p>
                <p>RegnalStart: None</p>
                <p>RegnalEnd: None</p>
                <p>Delegated: None</p>
                <p>ClassificationNotes: None</p>
                <p>Language: Latin</p>
                <p>LanguageNotes: None</p>
                <p>TextNeeded: None</p>
                <p>NoKnownText: None</p>
                <p>Fragment: None</p>
                <p>Source: None</p>
                <p>SourceOther: None</p>
                <p>Edition: Martene, Thes., IV, coll 915-23</p>
                <p>EditionOther: None</p>
                <p>SourceNotes: None</p>
                <p>TranscriptionNotes: Reviewed </p>
                <p>BaseText: ['GoogleBooks', 'Data Capture']</p>
                <p>OCR: None</p>
                <p>Transcription: In two parts</p>
                <p>GeneralNotes: None</p>
                <p>BiblioRefs: None</p>
            </div>
            <div>
                <head>Text</head>
                <div>
                    <head>Incipit</head>
                    <p>OFficialis Meldensis decano de Columbariis, salutem.</p>
                    <p>Aliqua statuta synodalia antiqua et nova in synodo Meldensi publicata, ut inferius continentur, vobis mittimus, ut eorum copiam apud vos habeatis.</p>
                    <p>Et per curatos vestri decanatus penes se habeantur.</p>
                    <p>Et inter alia statuta inseri, eaque frequenter publicari faciatis, et legi cum ceteris statutis antiquis synodalibus faciatis.</p>
                </div>
                <div>
                    <head>Capitulum A1</head>
                    <p>(A1) Contra curatos.</p>
                    <p>Statutum antiquum.</p>
                    <p>Omnes personae, quae de jure, usu et consuetudine tenentur venire ad synodum et non veniunt, reputantur contumaces, nisi tales sint canonice impediti.</p>
                    <p>Super quo impedimento excusatores tenentur habere speciales, vel non veniendi licentiam a summo pontifice, vel aliis superioribus nostris, aut a nobis ostenderint habuisse, ipsosque in hiis scriptis excommunicamus, et per dioecesim excommunicati denuncientur, donec a canone absoluti fuerint.</p>
                </div>
                <div>
                    <head>Capitulum A2</head>
                    <p>(A2) Item, statutum antiquum quo continetur quod caste vivere debent universi presbyteri in sacris ordinibus constituti ab omni vitio libidinis praecaventes.</p>
                    <p>Strictissime inhibemus ac injungimus omnibus curatis et ecclesiarum rectoribus dioecesis Meldensis sub poena excommunicationis et privationis beneficiorum suorum, ne in domibus eorum concubinas, focarias, ganeas, populas, seu alias juvenes mulieres suspectas, de quibus possit suspicio exoriri habere praesumant, ipsosque tenore praesentium monemus, ut a se illas removeant, ipsas nullatenus admissuri, sub poenis excommunicationis et amissionis beneficiorum suorum, una monitione pro omnibus monemus.</p>
                    <p>Quod si praemissa non adimpleverint, aut in contrarium venerint, ratione praemissa absque ulteriori monitione ad privationem suorum beneficiorum procedemus, et ulterius prout est canonicis constitutionibus et synodalibus et conciliis provincialibus constitutum.</p>
                </div>
                <div>
                    <head>Capitulum A3</head>
                    <p>(A3) Item, praecipimus omnibus decanis nobis subditis sub poena emendae, quatenus omnes curatos in praesenti synodo minime comparentes, nec residentiam in suis curis facientes, nobis antequam recedant aut saltem infra octo dies proximo numerandos per suas speciales litteras nobis notificent.</p>
                    <p>Idem de ceteris in Meldensi dioecesi beneficiatis volumus observari.</p>
                </div>
                <div>
                    <head>Capitulum A4</head>
                    <p>(A4) Item, statutum antiquum.</p>
                    <p>Suscepti regiminis cura nos sollicitat in damnositatibus nostrae ecclesiae subvenire, et jura et libertates ejusdem industria ac remedio quibus possumus defendere.</p>
                    <p>Idcirco in hiis scriptis excommunicamus omnes qui de cetero impedient jurisdictionem nostram ecclesiasticam, clam vel manifeste, directe vel indirecte, cui statuto adjiciendo nos officialis Meldensis inhibemus abbatibus, prioribus, decanis, archidiaconis, presbyteris, et aliis personis ecclesiasticis domino episcopo Meldensi subditis, sub poena excommunicationis et emendae, ne indebite aliquid attentent, innovent, vel immutent, quod sit in praejudicium jurisdictionis ecclesiasticae dicti domini; et ne cujuscumque inferioris domini mandata contra jura exequantur.</p>
                </div>
                <div>
                    <head>Capitulum A5</head>
                    <p>(A5) Item, cum sit ecclesiasticis beneficiis ipsorum dispendiosa vacatio, quam periculosa soleat esse animabus non jura testantur, sed magistra rerum experientia efficax manifestat.</p>
                    <p>Cupientes ipsorum vacationibus diurnis obviare, praecipimus sub poena suspensionis a divinis et emendae, omnibus decanis nobis subditis, quatenus vacationem beneficiorum memoratorum nobis antequam recedant, notificent.</p>
                    <p>Et quamprimum aliqua vacare contigerit, infra quindecim dies a dicta vacatione sibi notos reddant debite certiores.</p>
                </div>
                <div>
                    <head>Capitulum A6</head>
                    <p>(A6) Item, quia hii qui ad regimen ecclesiarum assumuntur, ut gregis sibi crediti diligentius gerere curam possint, in eisdem residere personaliter tenentur: nihilominus hii rectores animarum cura postposita a dictis beneficiis absentes sine causa rationabili et superiorum licentia absunt, et inofficiata deserunt, et in alienis beneficiis usque hodie demorantur: licet tempore quo recipiunt beneficia, de facienda residentia et oneribus beneficiorum incumbentibus supportandis praestiterint juramentum; alienisque beneficiis deserviant, ad sua non attendentes [1] quae tamen beneficia ecclesiastica propter officia divina sunt constituta [2] et minime deservita et si officiata minus bene domosque beneficia beneficiorum eorum nimis deformari permittunt: ex quibus divinus cultus minuitur, ecclesiastica sacramenta contemnuntur, crescit indevotio populi, pullulant haereses, morum subversio in populo et clero frequenter obrepit, et animarum pericula et corporum quamplurima in divinae Majestatis offensam et scandalum quamplurimorum subsequuntur.</p>
                    <p>Hinc est quod cupientes necessitatibus ecclesiarum subvenire, et beneficiatorum periculosam negligentiam juris executione supplere, tenore praesentium monemus omnes et singulos rectores ecclesiarum parochialium civitatis et dioecesis Meldensis, et sub debito juramenti, et sub poena suspensionis, excommunicationis, et privationis beneficiorum eorumdem, et aliis canonicis poenis praecipimus, quatenus in suis praedictis ecclesiis resideant, et omnia quae ad ipsos spectant exerceant, prout est a sanctis patribus constitutum: alioquin contra ipsos per executionem praemissorum procedemus, si praemissa neglexerint adimplere.</p>
                </div>
                <div>
                    <head>Capitulum A8</head>
                    <p>(A8) Item, cum omnibus piis voluntatibus est per locorum dioecesanos providendum, ut secundum voluntatem defuncti contra non procedatur, curatis parochialibus nobis subditis sub poena decem librarum praecipimus, et eos tenore praesentium committimus, quatenus dum quis eorum parochianus, aut alius infra limitem suae parochiae contigit mori, illico post obitum suum corpore ecclesiasticae tradito sepulturae, citent peremtorie coram nobis ad certam diem competentem ipsius defuncti executores aut heredes ad exhibendum nobis defuncti dictum testamentum, et reddendum tempore debito de susceptae executionis officio debitam rationem.</p>
                    <p>Alioquin ad executionem poenae praemissae et alias contra ipsos procedemus.</p>
                    <p>Data fuit haec copia decano de Columbariis die Jovis ante festum apostolorum Simonis et Judae.</p>
                    <p>Anno Domini millesimo trecentesimo sexagesimo tertio.</p>
                </div>
                <div>
                    <head>Capitulum B1</head>
                    <p>(B1) OMnes illi qui in praesenti synodo comparere tenentur et non intersunt, nisi legitimum impedimentum seu justam excusationem habuerint, de quibus infra mensem proximo futurum legitima nobis seu officiali nostro fuerit facta fides, reputamus contumaces, ac ipsos omnes et singulos cujuscumque status, gradus, ordinis, aut conditionis existant; quos sua exigente contumacia in hiis scriptis excommunicamus, dicto lapso tempore casu praemisso excommunicatos nominatim et palam ac publice denunciari faciemus.</p>
                </div>
                <div>
                    <head>Capitulum B2</head>
                    <p>(B2) Item, omnes gratias et litteras cujuscumque tenoris existant per nos aut vicarios seu officiales nostros factas et concessas revocamus.</p>
                </div>
                <div>
                    <head>Capitulum B3</head>
                    <p>(B3) Item, scire debent omnes curati seu rectores ecclesiarum parochialium tam per juramentum in sua institutione fieri seu praestari solitum, quam alias ad residentiam personalem in suis ecclesiis efficaciter obligari, nisi per nos seu vicarios nostros vel alium ad hoc a nobis potestatem habentem secum fuerit legitime dispensatum.</p>
                </div>
                <div>
                    <head>Capitulum B4</head>
                    <p>(B4) Item, quod fructus beneficiorum, in quibus non sunt curati, vel quorum curati sunt absentes, vel non promoti, et etiam illorum qui non comparuerunt in synodo praesenti, et qui in ecclesiis suis die sabbati sancta non interfuerunt, ad nos spectant; et de hoc caveant decani et quod diligentiam faciant de levando et colligendo tales fructus quilibet in decanatu suo: nam si super hoc fuerit defectus factus, ipsos fructus beneficiorum praedictorum recuperabimus.</p>
                </div>
                <div>
                    <head>Capitulum B5</head>
                    <p>(B5) Item, quod fructus et proventus beneficiorum omnium tam ecclesiarum parochialium, quam aliorum quorum possessores nondum praestiterunt juramentum, a suis praedecessoribus in sua institutione nobis aut nostris praedecessoribus praestari solitum, ad manus nostras ponant, quousque per se vel procuratorem idoneum dictum juramentum praestiterint, et fidem fecerint de titulo, si alias quam auctoritate nostra fuerint instituti.</p>
                </div>
                <div>
                    <head>Capitulum B6</head>
                    <p>(B6) Cum nos in synodalibus nostris institutis annorum praecedentium monuerimus et moneri fecerimus in scriptis rectores et administratores leprosiarum, xenodochiorum, domorum-Dei, et aliorum piorum locorum nostrae dioecesis, quatenus infra duos menses a die tunc celebratae synodi, coram nobis aut deputatis nostris, cum titulis suarum rectoriarum, gestis et compotis suae administrationis comparerent: in quo penitus fuerunt negligentes et rimissi.</p>
                    <p>Ea propter monemus omnes et singulos dictorum locorum piorum rectores hac nostrae synodi peremtoria monitione pro omnibus, quatenus infra unius mensis proximo sequentis spatium, dictos suos titulos et compota afferant ad nos aut curiam nostram ea verificaturi: alioquin contra ipsos, et eorum quemlibet, ad privationem dictarum rectoriarum et administrationum, et alias prout juris fuerit et rationis procedemus.</p>
                </div>
                <div>
                    <head>Capitulum B7</head>
                    <p>(B7) Item, vobis omnibus et singulis presbyteris sub poena excommunicationis districte praecipimus, quatenus infra tempora debita omnia testamenta parochianorum vestrorum, nec non cautiones intestatorum erga officiarios testamentorum curiae nostrae Meldensis afferatis, seu mittatis grossata in forma, prout decet, et sub eadem excommunicationis poena de dictis testamentis seu eorum effectu faciatis registrum seu prothocolum, quod penes vos remaneat.</p>
                </div>
                <div>
                    <head>Capitulum B8</head>
                    <p>(B8) Item, praecipimus ut unusquisque presbyter parochialis scribat omnia nomina excommunicatorum parochiae suae, et causam excommunicationis, et ea recitet omnibus diebus dominicis in ecclesia sua, ut evitentur ab omnibus, et erubescentes ad satisfactionem citius revocentur: et dicantur qui sunt excommunicati majori sententia vel aggravati, et si transierint ad aliam ecclesiam, dimittent successori suo nomina excommunicatorum sigillo sua sigillata.</p>
                    <p>Quod si per eos in hoc defectus fuerit, ut audivimus, ex quo cimeteriorum pollutiones et pleraque vidimus inconvenientia contigisse, ipsos sub poena centum solidorum Turonensium praemonemus, quam super eis levabimus, faciemusque damna passis interesse resarciri.</p>
                </div>
                <div>
                    <head>Capitulum B9</head>
                    <p>(B9) Item, praecipimus sacerdotibus, ut omnes reditus et possessiones ecclesiae scribant in missalibus suis, et si aliquos reditus aut possessiones in posterum eis aut eorum ecclesiae inter vivos, vel in ultima voluntate relinqui contigerit in perpetuum vel ad tempus, praedicta relicta diligenter et infra anni spatium ecclesiae suae expediri faciant aut procurent, copiamque testamenti aut alterius cujuslibet voluntatis derelicti sub debito juramenti et excommunicationis poena.</p>
                    <p>Et prohibetur penitus omnibus presbyteris et parochialibus, ne de hiis quae sunt ecclesiae aut presbyterii alienent ab ecclesia, nisi per consilium episcopi, legatave perpetua aut in perpetuum.</p>
                </div>
                <div>
                    <head>Capitulum B10</head>
                    <p>(B10) Item, praecipimus omnibus curatis et capellanis quatenus dictum sanctum chrisma vadant quaesitum in sua propria persona, vel ipsum mittant quaesitum per certum presbyterum notum et probatum, et non per aliam personam.</p>
                </div>
                <div>
                    <head>Capitulum B11</head>
                    <p>(B11) Item, monemus omnes et singulos retinentes oblationes et legata facta ecclesiae Meldensi, et indulgentiae de alto passu, quatenus infra sex dies illas oblationes et legata afferant, seu mittant magistro fabricae dictae ecclesiae sub poena excommunicationis.</p>
                </div>
                <div>
                    <head>Capitulum B12</head>
                    <p>(B12) Finito sermone et laicis exclusis, quaeratur utrum sint praesentes archidiaconi, abbates, priores, et curati qui debent et tenentur personaliter interesse in synodo, et vocentur alta voce.</p>
                    <p>Archidiaconus Meldensis.</p>
                    <p>Archidiaconus Briae.</p>
                    <p>Abbas Resbacensis.</p>
                    <p>Abbas S. Faronis.</p>
                    <p>Abbas de Cagia.</p>
                    <p>Abbas de Julliaco.</p>
                    <p>Abbas de Camera-fontis.</p>
                    <p>Prior de Cella.</p>
                    <p>Prior de Radolio.</p>
                    <p>Prior sanctae Celiniae.</p>
                    <p>Decanatus de Domno-Martino.</p>
                    <p>Curatus de Triabaldoli.</p>
                    <p>Curatus de Charmentreio.</p>
                    <p>Curatus de Preciaco.</p>
                    <p>Curatus de Fraxinis.</p>
                    <p>Curatus de Jablinis.</p>
                    <p>Curatus de Leschiis.</p>
                    <p>Curatus de Chaliferno.</p>
                    <p>Curatus de Anneto.</p>
                    <p>Prior de Domno-Martino.</p>
                    <p>Prior de Cloya.</p>
                    <p>Prior de Soulliaco.</p>
                    <p>Prior de Gressiaco.</p>
                    <p>Prior de sancto Maximo.</p>
                    <p>Curatus de Compenso.</p>
                    <p>Curatus de Moriaco.</p>
                    <p>Curatus de Mictriaco.</p>
                    <p>Curatus de Mesnilio.</p>
                    <p>Curatus de Malo-respectu.</p>
                    <p>Curatus de Monciaco-veteri.</p>
                    <p>Curatus de Villa-nova.</p>
                    <p>Curatus de Novo-monasterio.</p>
                    <p>Curatus de Tilthiis.</p>
                    <p>Curatus de Milliaco.</p>
                    <p>Curatus de Nantholeto.</p>
                    <p>Curatus de Plexeto-Pomponiae.</p>
                    <p>Curatus de Plexeto-episcopi.</p>
                    <p>Curatus de Yverniaco.</p>
                    <p>Curatus de Charniaco.</p>
                    <p>Curatus de Villa-Regis.</p>
                    <p>Curatus de Cuisiaco.</p>
                    <p>Curatus de Vinantiis.</p>
                    <p>Curatus de Monte-ygerii.</p>
                    <p>Curatus de Monte-yonis.</p>
                    <p>Curatus de Venilliaco.</p>
                    <p>Curatus de Insulis.</p>
                    <p>Curatus de Messyaco.</p>
                    <p>Curatus de sancto Medardo.</p>
                    <p>Curatus de Rouvris.</p>
                    <p>Curatus de sancto Saturnino.</p>
                    <p>Decanatus de Aciaco.</p>
                    <p>Curatus de Aciaco.</p>
                    <p>Curatus de sancto Suppleto.</p>
                    <p>Curatus de sancto Pathusio.</p>
                    <p>Curatus de Oysseriaco.</p>
                    <p>Curatus de S. Petri de Bregiaco.</p>
                    <p>Curatus de S. Germani de Bregiaco.</p>
                    <p>Curatus de Pereyo.</p>
                    <p>Curatus de Sanaberis, Cannaberis vulgo Sennevieres.</p>
                    <p>Curatus de Boissiaco et Freneio.</p>
                    <p>Curatus de Villaribus sancti Genesii.</p>
                    <p>Curatus de Boullenciaco.</p>
                    <p>Curatus de Estavigniaco.</p>
                    <p>Curatus de Boulleria.</p>
                    <p>Curatus de Nantholio-Haudouyni.</p>
                    <p>Curatus de Lingniaco.</p>
                    <p>Curatus de Cuvernione.</p>
                    <p>Curatus de Caprae-villa.</p>
                    <p>Curatus de Villa-nova juxta Thoriacum.</p>
                    <p>Curatus de Marolio-firmitatis.</p>
                    <p>Curatus de Novis-casis.</p>
                    <p>Curatus de Villa-Refredi.</p>
                    <p>Curatus de Rouvris.</p>
                    <p>Curatus de Migniis.</p>
                    <p>Curatus de Roseto in Meldico.</p>
                    <p>Curatus de Ongnia.</p>
                    <p>Curatus de Tronciaco.</p>
                    <p>Curatus de Plexeto-Placiati.</p>
                    <p>Curatus de Plexeto-Vicecomitis.</p>
                    <p>Curatus de Congiaco.</p>
                    <p>Curatus de Silliaco.</p>
                    <p>Curatus de Vinciaco et Magnopere.</p>
                    <p>Curatus de Putheolis.</p>
                    <p>Curatus de Ponciaco.</p>
                    <p>Curatus de Chamberiaco.</p>
                    <p>Curatus de Latiniaco-sicco.</p>
                    <p>Curatus de Maquelinis.</p>
                    <p>Curatus de Nantholio prope Meldas.</p>
                    <p>Curatus de Bes et Antilliaco.</p>
                    <p>Curatus de Fourberiaco.</p>
                    <p>Curatus de Berregniaco.</p>
                    <p>Decanus de Gandeluco.</p>
                    <p>Curatus de Fullanis.</p>
                    <p>Curatus de Montigniaco.</p>
                    <p>Curatus de Bruneto.</p>
                    <p>Curatus de Vallibus.</p>
                    <p>Curatus de Gandeluco.</p>
                    <p>Curatus de Vandereto.</p>
                    <p>Curatus de Germiniaco subtus Columbas.</p>
                    <p>Curatus de Dusiaco.</p>
                    <p>Curatus de Croyaco.</p>
                    <p>Curatus de Malleo.</p>
                    <p>Curatus de Lisiaco.</p>
                    <p>Curatus de Merriaco.</p>
                    <p>Curatus de Tancroto.</p>
                    <p>Curatus de Jehanguis.</p>
                    <p>Curatus de Villaribus-Rigaudi.</p>
                    <p>Curatus de Columbis.</p>
                    <p>Curatus de Conchereto et Cresponello.</p>
                    <p>Curatus de Ocquerria.</p>
                    <p>Curatus de Rapido-monte.</p>
                    <p>Decanus de Firmitatibus.</p>
                    <p>Curatus de Triaportu.</p>
                    <p>Curatus de Insulis et Ermenteriis.</p>
                    <p>Curatus de S. Johanne de duobus gemellis.</p>
                    <p>Curatus de Vciaco.</p>
                    <p>Curatus de Samerone.</p>
                    <p>Curatus de Synello.</p>
                    <p>Curatus de Ligniaco.</p>
                    <p>Curatus de septem Sortibus.</p>
                    <p>Curatus de Firmitate-Augulphi.</p>
                    <p>Curatus de Condeto.</p>
                    <p>Curatus de Radolio.</p>
                    <p>Curatus de Lusenciaco.</p>
                    <p>Curatus de Meriaco.</p>
                    <p>Curatus de sancta Alda.</p>
                    <p>Curatus de Chaminiaco.</p>
                    <p>Curatus de Busseriis.</p>
                    <p>Curatus de sancto Cyrico.</p>
                    <p>Curatus de sancto Audoeno.</p>
                    <p>Curatus de Orliaco.</p>
                    <p>Curatus de Belloto.</p>
                    <p>Curatus de Hondevillaribus.</p>
                    <p>Curatus de sancto Bartholomaeo.</p>
                    <p>Curatus de sancti Martini de Campis.</p>
                    <p>Curatus de Firmitate-Galcherii.</p>
                    <p>Curatus de Joyaco supra Mucram.</p>
                    <p>Curatus de Chatrongiis.</p>
                    <p>Curatus de Choisiaco.</p>
                    <p>Curatus de S. Remigio de Vanna.</p>
                    <p>Curatus de sancto Simeone.</p>
                    <p>Curatus de Chanseriaco.</p>
                    <p>Curatus de Doua.</p>
                    <p>Curatus de S. Germani subtus Doua.</p>
                    <p>Curatus de Boyssiaco.</p>
                    <p>Curatus de Chailliaco.</p>
                    <p>Curatus de Saciaco.</p>
                    <p>Decanatus de Columbariis.</p>
                    <p>Curatus de Columbariis.</p>
                    <p>Curatus de Alneto.</p>
                    <p>Curatus de Moroto.</p>
                    <p>Curatus de Girodi-monasterio.</p>
                    <p>Curatus de Domunculis.</p>
                    <p>Curatus de Pomora.</p>
                    <p>Curatus de Sanciaco.</p>
                    <p>Curatus de Hoto et Vallecuriali.</p>
                    <p>Curatus de sancto Fiacrio.</p>
                    <p>Curatus de sancto Pathusio.</p>
                    <p>Curatus de sancto Augustino.</p>
                    <p>Curatus de Sanctis.</p>
                    <p>Curatus de Bellatilia.</p>
                    <p>Curatus de Amilliaco.</p>
                    <p>Curatus de Dagniaco.</p>
                    <p>Curatus de Bannoto.</p>
                    <p>Curatus de Joyaco-castro.</p>
                    <p>Curatus de Vodoya.</p>
                    <p>Prior Curatus de Peciaco.</p>
                    <p>Curatus de Planeto.</p>
                    <p>Curatus de Plexeto defuncti Aussoldi.</p>
                    <p>Curatus de Wisseria.</p>
                    <p>Decanatus de Creciaco.</p>
                    <p>Curatus de Mariolo prope Meldas.</p>
                    <p>Curatus de Condero sanctae Libariae.</p>
                    <p>Curatus de Elbeliaco.</p>
                    <p>Curatus de Coupeoreto.</p>
                    <p>Curatus de Magniaco.</p>
                    <p>Curatus de Bailliaco.</p>
                    <p>Curatus de Villa-novis-Comitis.</p>
                    <p>Curatus de Curia-Ebrodi.</p>
                    <p>Curatus de Villaribus supra Mucram.</p>
                    <p>Curatus de Monteriaco.</p>
                    <p>Curatus de Coulliaco.</p>
                    <p>Curatus de S. German juxta Coulliacum.</p>
                    <p>Curatus de Quinciaco.</p>
                    <p>Curatus de Boulleria.</p>
                    <p>Curatus de Colummis.</p>
                    <p>Curatus de Cella.</p>
                    <p>Curatus de Guerardo.</p>
                    <p>Curatus de Pesargiis.</p>
                    <p>Curatus de Tonquino.</p>
                    <p>Curatus de Ulmellis.</p>
                    <p>Curatus de Hungniaco.</p>
                    <p>Curatus de Villa-nova la Huree.</p>
                    <p>Curatus de Nigella.</p>
                    <p>Curatus de Brolio.</p>
                    <p>Curatus de Roseto in Bria.</p>
                    <p>Curatus de Venulla.</p>
                    <p>Curatus de Capellagerii.</p>
                    <p>Curatus de Fontaneto.</p>
                    <p>Curatus de Mella.</p>
                    <p>Curatus de Crepicordio.</p>
                    <p>Curatus de Domno Martino in Bria.</p>
                    <p>Curatus de Moressardo et Tigellis.</p>
                    <p>Curatus de Creciaco.</p>
                    <p>Curatus de Capella juxta Creciacum.</p>
                </div>
                <div>
                    <head>Explicit</head>
                    <p>EXPLICIT.</p>
                </div>
                <div>
                    <head>Footnotes</head>
                    <p>[1] open round brackets here</p>
                    <p>[2] close round brackets here</p>
                </div>
            </div>
        </body>
    </text>
</root>
