<?xml version="1.0" ?>
<root>
    <teiHeader>
        <fileDesc>
            <titleStmt>
                <title>Utrecht</title>
                <recordID>0261</recordID>
                <transcription/>
                <respStmt>
                    <resp/>
                    <name/>
                    <note>
                        <date/>
                        <problems/>
                    </note>
                </respStmt>
            </titleStmt>
            <sourceDesc>
                <baseText/>
                <textNeeded/>
                <noKnownText/>
                <fragment/>
                <ocrNote/>
                <msDesc/>
                <bibl/>
                <sourceNote/>
            </sourceDesc>
        </fileDesc>
        <profileDesc>
            <langUsage>Latin</langUsage>
            <languageNote/>
            <langUsage/>
            <creation>
                <year>1318</year>
                <origDate>1318-03-31</origDate>
                <dateNotes/>
                <origPlace>Utrecht</origPlace>
                <diocese>Utrecht</diocese>
                <province>Cologne</province>
                <country>Netherlands</country>
                <geo/>
                <placeNotes/>
                <orgName/>
                <persName/>
                <altName/>
                <regnalYears/>
                <delegated/>
                <classNotes/>
            </creation>
            <textDesc>
                <domain>Diocesan</domain>
            </textDesc>
            <genNotes/>
        </profileDesc>
    </teiHeader>
    <text>
        <body>
            <div>
                <head>Metadata</head>
                <p>RecordID: 261</p>
                <p>Year_Sort: 1318</p>
                <p>Year: 1318</p>
                <p>Month: 3</p>
                <p>Day: 31</p>
                <p>Circa: None</p>
                <p>DatingNotes: None</p>
                <p>Place: Utrecht</p>
                <p>Diocese: Utrecht</p>
                <p>Province: Cologne</p>
                <p>CountryModern: Netherlands</p>
                <p>Jurisdiction_ID: D543</p>
                <p>Jurisdiction_ID2: None</p>
                <p>Jurisdiction_ID3: None</p>
                <p>Latitude: 52.083</p>
                <p>Longitude: 5.1</p>
                <p>PlaceNotes: None</p>
                <p>Classification: Diocesan</p>
                <p>IssuingAuthority: Frederik van Zyrik</p>
                <p>IssuingAuthorityAlt: None</p>
                <p>RegnalStart: None</p>
                <p>RegnalEnd: None</p>
                <p>Delegated: None</p>
                <p>ClassificationNotes: None</p>
                <p>Language: Latin</p>
                <p>LanguageNotes: None</p>
                <p>TextNeeded: None</p>
                <p>NoKnownText: None</p>
                <p>Fragment: None</p>
                <p>Source: None</p>
                <p>SourceOther: None</p>
                <p>Edition: Joosting, Bronnen, V, 100-105</p>
                <p>EditionOther: None</p>
                <p>SourceNotes: None</p>
                <p>TranscriptionNotes: Reviewed </p>
                <p>BaseText: Data Capture</p>
                <p>OCR: None</p>
                <p>Transcription: None</p>
                <p>GeneralNotes: None</p>
                <p>BiblioRefs: None</p>
            </div>
            <div>
                <head>Text</head>
                <div>
                    <head>Incipit</head>
                    <p>Nos Fredericus, Dei gracia episcopus Traiectensis, videntes plurimos defectus et pericula enormia ecclesiis nobis subjectis propter absenciam rectorum ecclesiarum et aliorum beneficiorum, que personalem exigunt residenciam imminere, -- per hanc enim tollitur hospitalitas et grex dominicus minus sufficienter et indebite gubernatur, mercenarius enim, id est is cuius non sunt oves proprie, cum videt lupum venientem, fugit et recedit, -- presenti decreto statuimus precipimusque in virtute sancte obediencie et sub penis suspensionis et excommunicacionis late sentencie in hiis scriptis firmiter et districte mandamus:</p>
                </div>
                <div>
                    <head>Capitulum 1</head>
                    <p>(1) Ut quilibet rector ecclesie, cui cura imminet animarum, et quivis beneficiatus de beneficio quocunque, quod personalem requirit residenciam, infra duos menses a data presencium in sua personaliter resideat ecclesia vel beneficio nec se de cetero aliquatenus absentare presumat.</p>
                    <p>Alioquin quicunque secus fecerit, sentenciam suspensionis et excommunicacionis ipso facto incurrat.</p>
                    <p>Et si quis, quod absit, per duos alios menses immediate sequentes dictas nostras sentencias, in contemptu clavium sancte matris ecclesie sustinuerit, ex tunc suo beneficio, quod personalem requirit residendam, eo ipso sit privatus et patroni seu collatores ecclesiarum vel beneficiorum huiusmodi seu hii, qui de illis disponere habent, de ipsis infra tempus a jure statutum ordinent et disponant.</p>
                    <p>Alioquin nos ex tunc de illis disponere poterimus et auctore Domino feliciter disponemus; nisi forte causam proposuerit legitimam in terminis prenotatis coram nobis vel officiali nostro, quare ad premissa minime valeamus.</p>
                </div>
                <div>
                    <head>Capitulum 2</head>
                    <p>(2) Item statuimus in virtute sancte obediencie et sub pena excommunicacionis late sentencie in hiis scriptis districte et firmiter inhibemus, ne quis decanus sacerdos vel aliquis alter in partibus Frisie vel alias in nostra dyocesi ullo tempore de causis maioribus vel causis aut casibus episcopalibus, nobis a jure specialiter reservatis, cognoscat vel alias quomodolibet aliquatenus se intromittat nisi optentis a nobis auctoritate et mandato speciali.</p>
                    <p>Quibus optentis a nobis per concessa sibi tempora libere continue poterit exercere.</p>
                    <p>Qui vero contra hanc nostram inhibicionem facere presumpserit aut fecerit, excommunicacionis sentencia ipso facto sit ligatus; a qua a nullo preter a nobis seu officiali nostro absolvi valeat, nisi in puncto mortis; prestita tamen caucione de satisfaciendo Deo ecclesie et nobis de tanta temeritatis audacia perpetrata.</p>
                </div>
                <div>
                    <head>Capitulum 3</head>
                    <p>(3) Item statuimus et in virtute sancte obediencie et sub pena excommunicacionis late sentencie in hiis scriptis districte precipiendo mandamus, ne quis nostre civitatis vel dyocesis, cuiuscunque status gradus aut dignitatis existat, a sentenciis excommunicacionis suspensionis vel interdicti, virtute statutorum synodalium nostrorum vel predecessorum nostrorum latis occasione matrimoniorum clamdestinorum vel alias quomodocunque, absolvere valeat; absoluciones autem omnium huiusmodi nobis seu officiali nostro presentibus reservamus.</p>
                </div>
                <div>
                    <head>Capitulum 4</head>
                    <p>(4) Item statuimus districte precipiendo mandantes, ne consiliarii seu consules aut procuratores ecclesiarum parrochialium nostre civitatis et dyocesis de rebus ecclesiarum ipsarum sine consilio et consensu rectorum vel presbiterorum earundem ordinare vel disponere presumant; alioquin sentencie excommunicacionis subjaceant ipso facto.</p>
                </div>
                <div>
                    <head>Capitulum 5</head>
                    <p>(5) Item statuimus, quod, si quis in nuncios seu portitores litterarum curie nostre Traiectensis seu officialium foraneorum aut provisorum manus injecerit violentas aut litteras curie nostre seu officialium eorundem ruperit vel surripuerit, si sit habens jurisdictionem temporalem, eo ipso excommunicatus existat et terra sua ecclesiastico subjaceat interdicto; si vero sit persona privata, sentencia excommunicacionis sit ligata et in parrochia qualibet, ubi malefactorem talem esse constiterit, cessetur a divinis.</p>
                </div>
                <div>
                    <head>Capitulum 6</head>
                    <p>(6) Precipimus quoque universis et singulis ecclesiarum rectoribus presbiteris capellanis et clericis nostre civitatis et dyocesis quibuscunque, ut presens nostrum statutum et penas ac sentencias in eo inflictas sine expectacione alterius mandati statim post noticiam delicti commissi irrefragabiliter observent et in ecclesiis suis denuncient singulis diebus dominicis et festivis tale delictum commissum esse per talem et propter hoc sentencias huiusmodi secundum qualitatem delicti secutas esse et eas firmiter ab omnibus observandas; cum intimacione eciam quod, si absolucionem super sentenciis huiusmodi breviter a nobis non procuraverint seu ab officiali nostro, pene et sentencie acriores infligentur.</p>
                    <p>Alioquin rectores et presbiteri, non observantes hoc nostrum statutum in omni sua forma et parte, excommunicacionis sentenciam ipso facto se noverint incurrisse.</p>
                </div>
                <div>
                    <head>Capitulum 7</head>
                    <p>(7) Ne vero inter viros religiosos ordinum mendicancium, qui utique in ecclesia Dei fructum afferunt cum paciencia et quorum consiliis et doctrinis virtutes plantari solent et vicia extirpari, ex parte una et clerum, cui in eadem ecclesia commissum est regimen animarum, discordia que mater est licium persistendi suscipiat incentivum, premissis sane duximus adiciendum, quod tam decani christianitatis quam provisores et ecclesiarum rectores decretales Libri Septimi noviter emanatis, que vobis omnibus hic astantibus cum ea, qua decet reverenda, publicamus, sicut in eius cavetur principio et in scolis et in judiciis observandum, -- quarum decretalium una titulo De sepulturis incipiens Dudum a Bonifacio papa octavo et cetera, reliqua in tytulo De religiosis domibus super beghinarum cetibus abolendis cuius principium sic existit Cum de quibusdam mulieribus beghinabus etc. collocantur, tercia vero eodem libro tytulo De hereticis contra hereticos beghardos et beghinas que incipit Ad nostrum, -- penes se et suas ecclesias habeant et observent.</p>
                </div>
                <div>
                    <head>Capitulum 8</head>
                    <p>(8) Ceterum universa et singula statuta monita et mandata reverendorum patrum et dominorum Johannis de Zirich et Guydonis de Hanonia Traiectensium episcoporum felicis recordacionis predecessorum nostrorum presentibus confirmamus; mandantes ea sub penis in ipsis et ceteris insertis inviolabiliter observari, quousque de maturiori consilio illa duxerimus emendari.</p>
                    <p>Precipientes insuper universis et singulis ecclesiarum</p>
                    <p>rectoribus communiter et divisim in nostra civitate et dyocesi constitutis, ut ipsa et hec nostra statuta in suis ecclesiis habeant et recipiant incunctanter eisque utantur et illa teneant sine contradictione qualibet et observent.</p>
                    <p>In quorum omnium testimonium et robur perpetuo valiturum sigillum nostrum duximus presentibus apponendum.</p>
                </div>
                <div>
                    <head>Explicit</head>
                    <p>Actum publicatum datum anno Domini MoCCCo decimo octavo, feria sexta post dominicam Oculi.</p>
                </div>
                <div>
                    <head>Footnotes</head>
                </div>
            </div>
        </body>
    </text>
</root>
