<?xml version="1.0" ?>
<root>
    <teiHeader>
        <fileDesc>
            <titleStmt>
                <title>Nogaro</title>
                <recordID>0274</recordID>
                <transcription/>
                <respStmt>
                    <resp/>
                    <name/>
                    <note>
                        <date/>
                        <problems/>
                    </note>
                </respStmt>
            </titleStmt>
            <sourceDesc>
                <baseText/>
                <textNeeded/>
                <noKnownText/>
                <fragment/>
                <ocrNote/>
                <msDesc/>
                <bibl/>
                <sourceNote/>
            </sourceDesc>
        </fileDesc>
        <profileDesc>
            <langUsage>Latin</langUsage>
            <languageNote/>
            <langUsage/>
            <creation>
                <year>1290</year>
                <origDate>1290-08-19</origDate>
                <dateNotes/>
                <origPlace>Nogaro</origPlace>
                <diocese>Auch</diocese>
                <province>Auch</province>
                <country>France</country>
                <geo/>
                <placeNotes/>
                <orgName/>
                <persName/>
                <altName/>
                <regnalYears/>
                <delegated/>
                <classNotes/>
            </creation>
            <textDesc>
                <domain>Provincial</domain>
            </textDesc>
            <genNotes/>
        </profileDesc>
    </teiHeader>
    <text>
        <body>
            <div>
                <head>Metadata</head>
                <p>RecordID: 274</p>
                <p>Year_Sort: 1290</p>
                <p>Year: 1290</p>
                <p>Month: 8</p>
                <p>Day: 19</p>
                <p>Circa: None</p>
                <p>DatingNotes: None</p>
                <p>Place: Nogaro</p>
                <p>Diocese: Auch</p>
                <p>Province: Auch</p>
                <p>CountryModern: France</p>
                <p>Jurisdiction_ID: None</p>
                <p>Jurisdiction_ID2: None</p>
                <p>Jurisdiction_ID3: None</p>
                <p>Latitude: 43.7592</p>
                <p>Longitude: -0.0328</p>
                <p>PlaceNotes: None</p>
                <p>Classification: Provincial</p>
                <p>IssuingAuthority: Armanieu II d'Armagnac</p>
                <p>IssuingAuthorityAlt: None</p>
                <p>RegnalStart: None</p>
                <p>RegnalEnd: None</p>
                <p>Delegated: None</p>
                <p>ClassificationNotes: None</p>
                <p>Language: Latin</p>
                <p>LanguageNotes: None</p>
                <p>TextNeeded: None</p>
                <p>NoKnownText: None</p>
                <p>Fragment: None</p>
                <p>Source: None</p>
                <p>SourceOther: None</p>
                <p>Edition: Duffour, Livre Rouge, 40-48</p>
                <p>EditionOther: Mansi 24, col 1066-1072</p>
                <p>SourceNotes: http://books.google.com/books?id=mstTAAAAYAAJ</p>
                <p>TranscriptionNotes: Reviewed </p>
                <p>BaseText: ['GoogleBooks', 'WebDownload']</p>
                <p>OCR: Yes</p>
                <p>Transcription: None</p>
                <p>GeneralNotes: None</p>
                <p>BiblioRefs: None</p>
            </div>
            <div>
                <head>Text</head>
                <div>
                    <head>Incipit</head>
                    <p>Statuta provincialia sub anno MoCCXC.</p>
                    <p>Notum sit omnibus quod, anno Domini MCCXC, die sabbati proximo post festum assumptionis Beate Marie Virginis, nobis A., Dei gratia, archiepiscopo Auxitano, assistentibus apud Nugarolium in concilio provinciali cum venerabilibus fratribus nostris, Conseranensi, Olorensi, Tarviensi, Lascurrensi, Adurensi et sancte Quitterie episcopis, et vicariis ecclesie Convenarum, sede vacante, et procuratoribus aliorum suffraganeorum nostrorum ecclesie Auxitane, necnon cum procuratoribus omnium capitulorum ecclesiarum cathedralium, collegiatarum ipsius provincie, et abbatibus Pessani et Reule Silvestrensis, et pluribus prioribus, preceptoribus, arcHipresbyteris et aliis ecclesiarum prelatis diocesium et Provincie predictarum, fuit concorditer ordinatum quod super Violentia et spoliatione facta prefato episcopo et ecclesie Lascurensi moneantur nobilis vir comes Fuxi et uxor eius et eorum Senescallus in Bearnio, per Tarviensem et Olorensem episcopos, quod infra xv dies post monitionem ipsorum restituant dicto episcopo Lascurrensi civitatem Lascurrensem et castra ac loca et alia bona in monitione super hoc confecta contenta.</p>
                    <p>Alioquin excommunicationis sententia sint ligati.</p>
                    <p>Et quod ad perpetuam rei memoriam inter provincialia statuta scribatur, ut si forte in futurum per aliquos principes attemptentur, contra ipsos modo simili procedatur.</p>
                    <p>Sententia excommunicationis lata dudum in raptores manifestos provincie auxitane fuit ratifficata et confirmata ibidem.</p>
                </div>
                <div>
                    <head>Capitulum 1</head>
                    <p>(1) Quia per abusum litterarum multi vexantur et affliguntur laboribus et expensis, in predicto concilio exstitit constitutum quod tam clerici, cuiuscumque conditionis aut status existant, qui litteris apostolicis abutuntur vel litteris legatorum sedis apostolice, videlicet utendo falsis litteris scienter, vel qui litteras nomine suo vel nomine ecclesie sue impetratas tradunt aliis pro adversariis fatigandis, et qui eas ad sic utendum recipiunt et qui litteris vocatis : ea que de bonis utuntur contra aliquos contra quos de iure, secundum formam ipsarum, dicte littere non procedunt vel possunt extendi, vel aliis litteris apostolicis generalibus, sententiam excommunicationis incurrant et etiam iudices qui scienter aliquos sic faciunt per suas litteras fatigari.</p>
                </div>
                <div>
                    <head>Capitulum 2</head>
                    <p>(2) Quoniam sortilegia ydololatrie comparantur per quam anime dampnabiliter decipiuntur, omnes sortilegi fuerunt in dicto concilio excommunicationis sententia innodati.</p>
                </div>
                <div>
                    <head>Capitulum 3</head>
                    <p>(3) Fuit in dicto concilio institutum quod clericus aut religiosus, cuiuscumque conditionis aut status existat, qui clericum aut religiosum super actu particulari vel super crimine in iudicium vocari seu citari fecerit coram iudice seculari, excommunicationis sententie subiaceat ipso facto et vocato seu sic citato de expensis et interesse satisfacere teneatur.</p>
                    <p>Item quod leprosi super actionibus personalibus non conveniantur coram iudicibus secularibus et si conventi fuerint, non teneantur respondere coram ipsis et ad interesse teneantur eisdem qui eos sic procuraverint conveniri.</p>
                    <p>Et nichilominus iudices seculares compellantur per censuram ecclesiasticam ne ipsos super talibus actionibus respondere compellant.</p>
                    <p>Item quod leprosi eundo ad villas et per villas et ad castra signum portent consuetum in veste superiori et non intrent nundinas vel mercata; alioquin quinque solidis currentis monete mulctentur ordinario applicanda.</p>
                </div>
                <div>
                    <head>Capitulum 4</head>
                    <p>(4) Quia quod contra prelatos agitur, facile in subditos derivatur, dignum est ut perpetrata contra ipsos emendatione debita corrigantur ne, concussis columpnis Ecclesie, edifficium diruatur.</p>
                    <p>Idcirco statuimus quod quicumque episcopum hostiliter, maliciose cum armis fuerit insecutus, invaserit, percusserit vel ceperit vel socius fuerit facientis aut fieri mandaverit, aut factum ratum habuerit, aut consilium dederit vel favorem, aut postea receptaverit aut deffensaverit scienter eumdem, excommunicationis sententiam incurrat ipso facto, a qua nequeat, nisi in articulo mortis, nisi a nobis vel a summo pontifice, liberari; et si in mortis articulo quis absolutus fuerit, corpus ipsius sepultura christiana careat donec de premissis satisfecerit competenter.</p>
                    <p>Nec ad thonsuram clericalem et ad sacros ordines vel ad beneficia ecclesiastica admittatur nec in domibus regularibus alicuius prelationis assequatur honorem.</p>
                    <p>Si secus factum fuerit, sit irritum ipso facto; et omnibus feudis, locationibus, arrendationibus ecclesiarum et beneficiis que ab ecclesia et monasteriis cenobiis obtinet in provincia, ipso iure, perpetuo sit privatus, que ad ipsas ecclesias ipso facto libere revertantur.</p>
                    <p>Et quod si quis predictorum filium vel filios habeat beneficiatum vel beneficiatos, quovis beneficio sit eo ipso privatus, spe promotionis eo ipso omnino sublata.</p>
                    <p>Dentur cuncta eius edifficia in ruinam et nullo tempore reparentur, et sit infamis perpetuo; et tam insecutor quam alii supradicti tanti mali participes, quamdiu in sua malicia perdurabunt, singulis diebus dominicis et festivis, pulsatis campanis et candelis exstinctis, per omnes illius loci ecclesias in quo tantum facinus fuerit attemptatum et diocesum vicinarum excommunicati publice nuncientur.</p>
                    <p>Et loca ubi perpetrata predicta fuerint et ubi predicti delinquentes huiusmodi recepti fuerint, usque ad condignam satisfactionem ecclesiastico subiaceant interdicto.</p>
                    <p>In aliis quibuscumque locis, quamdiu ibi fuerint cessetur omnino a divinis preter in casibus a iure permissis, et aliis penis super hoc vel similibus a iure statutis nichilominus in suo robore duraturis.</p>
                </div>
                <div>
                    <head>Capitulum 5</head>
                    <p>(5) Idem sit in abbatibus, prioribus, archidiaconis, canonicis ecclesiarum cathedralium et rectoribus, exceptis tribus penis, scilicet quod filii talium non perdent habita beneficia et quod sua edifficia non dentur in ruinam et quod non admittantur ad sacros ordines, thonsuram, vel beneficia ecclesiastica, nec ad honorem prelationis in domibus regularibus.</p>
                </div>
                <div>
                    <head>Capitulum 6</head>
                    <p>(6) Statuimus quod si quis vel si que violenter occupaverit bona vel res ecclesiasticarum personarum vel retinuerit occupata, vel mandaverit, vel suo nomine factum ratum habuerit, vel consilium vel auxilium ad hoc dederit, ipso facto sit excommunicationis vinculo innodatus, et loca ubi sit violentia vel ad que reducitur usque ad satisfactionem condignam sint supposita ecclesiastico interdicto.</p>
                    <p>Si castra, villa vel locus ecclesie vel monasterii, vel ecclesiasticarum personarum occupentur, quamdiu stabit iniuria, sit ipse locus suppositus ecclesiastico interdicto, et omnia loca, terre taliter occupantium vel mandantium vel ratum habentium, nisi requisiti infra octo dies emendaverint usque ad condignam satisfactionem ipso facto ecclesiastico iaceant interdicto.</p>
                </div>
                <div>
                    <head>Capitulum 7</head>
                    <p>(7) Addimus quod rectores ecclesiarum, dum fuerint requisiti per personas ecclesiasticas vel clericos dampnum passos de premissis, cessent a divinis et servent contenta superius expressata, nullo alio mandato a superiore suo expectato.</p>
                </div>
                <div>
                    <head>Capitulum 8</head>
                    <p>(8) Ad evitandum animarum periculum et ecclesiarum indempnitatibus auxitane provincie providendum, omnes et singulos utriusque sexus, cuiuscumque dignitatis, conditionis, aut status existant, qui contra ecclesie libertatem, immunitatem, iura, iurisdictionem et privilegia eiusdem, sive consistant in spiritualibus et temporalibus, modis quibuscumque acquisita, vel contra laudabiles consuetudines erga ipsas ecclesias pia devotione fidelium introductas venire nituntur ipsa usurpando, aut ipsis ecclesiis et personis ecclesiasticis onera presertim gravia imponere, aut contra premissa vel aliquod eorumdem statutum, ordinationem, colligationem, conspirationem, confederationem, coniurationem, pacta, promissiones inter se clam vel palam, directe vel indirecte inire vel facere super consiliis expensarum vel sumptuum contributionem, vel alias quoquo modo ad invicem factis vel faciendis, perpetuo vel ad tempus, necnon omnes et singulos, cuiuscumque conditionis aut status existant, qui, prelatos, ecclesias, monasteria, capitula, collegia seu conventus, seu alias personas ecclesiasticas, ad submissiones sibi faciendas bonorum immobilium seu iurium ipsarum ecclesiarum actenus compulerunt, quocumque quesito colore seu modo, vel alias quolibet modo, nisi infra duos menses a tempore huiusmodi inchoando, de predictis satisfecerint ecclesiis competenter et ipsa bona iura in pristinam dimiserint libertatem, vel de cetero personas ecclesiasticas ad huiusmodi submissiones, ut premittitur, faciendas compulerint, et quoscumque dantes in predictis vel aliquo predictorum consilium, auxilium vel favorem singulas personas excommunicationis, collegia et universitates interdicti sententiis ipso facto decernimus subiacere.</p>
                    <p>Prelati vero, religiosi clerici et persone ecclesiastice qui vel que presentem constitutionem et alia iura super hoc edicta non servaverint, penas super hoc inflictas ipso facto se noverint incurrisse.</p>
                    <p>Presentem autem constitutionem per suffraganeos nostros in suis synodis semel et per rectores ecclesiarum in suis ecclesiis quolibet anno, sub pena ingressus ecclesie, quam non parendo ipso facto incurrant, precipimus publicari.</p>
                </div>
                <div>
                    <head>Capitulum 9</head>
                    <p>(9) Sacro approbante concilio interpretando statutum nostrum editum in concilio Nugarolensi quod incipit : Statuimus quod si quis vel si que violenter occupaverint bona res ecclesie vel ecclesiasticarum personarum vel retinuerint ocCupata, etc., declaramus omnes et singulos utriusque sexus qui post dictum statutum bona, iura, vel res ecclesiarum que eisdem competunt vel debentur de consuetudine vel de iure, quoad proPrietatem vel possessionem aut etiam ad utrumque, qui retinuerint requisiti, occupaverint, seu substraxerint predicta vel aliquod predictorum, ipsis ecclesiis vel personis ecclesiasticis, ipso in penas dicti statuti incidisse; mandantes dictas penas in dictis personis et locis usque ad condignam satisfactionem inviolabiliter observari.</p>
                    <p>Statuimus quod quicumque utriusque sexus, bona, res vel iura ecclesiarum que eisdem, de iure vel consuetudine, competunt Vel debentur, quoad possessionem vel proprietatem, coniunctim ve1 divisim, occupaverint vel retinuerint requisiti, vel in premissis dederint auxilium, consilium vel favorem, eo ipso excommunicationis incurrant sententiam.</p>
                    <p>Si autem domini locorum vel eorum loca tenentes consules, iurati predicta faciunt ubi predicta facta fuerint vel aliquod de predictis, nisi fecerint dari, restitui vel emendari requisiti, ipso facto sint suppositi ecclesiastico interdicto.</p>
                </div>
                <div>
                    <head>Footnotes</head>
                </div>
            </div>
        </body>
    </text>
</root>
