<?xml version="1.0" ?>
<root>
    <teiHeader>
        <fileDesc>
            <titleStmt>
                <title>Langeais</title>
                <recordID>0289</recordID>
                <transcription/>
                <respStmt>
                    <resp/>
                    <name/>
                    <note>
                        <date/>
                        <problems/>
                    </note>
                </respStmt>
            </titleStmt>
            <sourceDesc>
                <baseText/>
                <textNeeded/>
                <noKnownText/>
                <fragment/>
                <ocrNote/>
                <msDesc/>
                <bibl/>
                <sourceNote/>
            </sourceDesc>
        </fileDesc>
        <profileDesc>
            <langUsage>Latin</langUsage>
            <languageNote/>
            <langUsage/>
            <creation>
                <year>1255</year>
                <origDate precision="circa">1255 (ca.)</origDate>
                <dateNotes/>
                <origPlace>Langeais</origPlace>
                <diocese/>
                <province>Tours</province>
                <country>France</country>
                <geo/>
                <placeNotes/>
                <orgName/>
                <persName/>
                <altName/>
                <regnalYears/>
                <delegated/>
                <classNotes/>
            </creation>
            <textDesc>
                <domain>Provincial</domain>
            </textDesc>
            <genNotes/>
        </profileDesc>
    </teiHeader>
    <text>
        <body>
            <div>
                <head>Metadata</head>
                <p>RecordID: 289</p>
                <p>Year_Sort: 1255</p>
                <p>Year: 1255 (ca.)</p>
                <p>Month: None</p>
                <p>Day: None</p>
                <p>Circa: Yes</p>
                <p>DatingNotes: dating uncertain; Cossart places it circa 1278 because it follows legatine council of Bourges 1276 in several MSS, and Palazzini dates it 1271x1284, but Avril argues for c. 1255 (see his edition, p209-11), arguing convincingly that it must date to before 1261</p>
                <p>Place: Langeais</p>
                <p>Diocese: None</p>
                <p>Province: Tours</p>
                <p>CountryModern: France</p>
                <p>Jurisdiction_ID: None</p>
                <p>Jurisdiction_ID2: None</p>
                <p>Jurisdiction_ID3: None</p>
                <p>Latitude: 47.3267</p>
                <p>Longitude: 0.4069</p>
                <p>PlaceNotes: None</p>
                <p>Classification: Provincial</p>
                <p>IssuingAuthority: None</p>
                <p>IssuingAuthorityAlt: None</p>
                <p>RegnalStart: None</p>
                <p>RegnalEnd: None</p>
                <p>Delegated: None</p>
                <p>ClassificationNotes: None</p>
                <p>Language: Latin</p>
                <p>LanguageNotes: None</p>
                <p>TextNeeded: None</p>
                <p>NoKnownText: None</p>
                <p>Fragment: None</p>
                <p>Source: None</p>
                <p>SourceOther: None</p>
                <p>Edition: Avril, Tours, 214-23</p>
                <p>EditionOther: None</p>
                <p>SourceNotes: None</p>
                <p>TranscriptionNotes: Reviewed </p>
                <p>BaseText: Hard Copy Scan</p>
                <p>OCR: Yes</p>
                <p>Transcription: None</p>
                <p>GeneralNotes: None</p>
                <p>BiblioRefs: None</p>
            </div>
            <div>
                <head>Text</head>
                <div>
                    <head>Incipit</head>
                    <p>Concilium Langesiense circa annum MCCLV celebratum [1].</p>
                    <p>Ubi duo vel tres congregati sunt in nomine meo, ibi ego sum in medio eorum dicit Dominus.</p>
                    <p>In ipsius itaque Domini nostri Jesu Christi nomine congregati, qui inter multos medium locum sibi elegit, ut testatur scriptura, ad ejus gloriam et honorem, nostri presentis auctoritate concilii, promulgamus statuta dicentes.</p>
                </div>
                <div>
                    <head>Capitulum 1</head>
                    <p>(1) De procurationibus post visitationem prestandis.</p>
                    <p>Quia cautum est in jure procurationes ratione visitationis deberi in victualibus, non in pecunias numerata, ac nonnulli ecclesiarum prelati non visitantes ecclesias, ab eis etiam in pecunia recipere procurationes presumunt, inhibemus ne pecuniam pro procurationibus recipiant, sed expensas tantum modo in victualibus a locis, que visitaverint recipiant moderatas, nisi a locis a quibus taxate sunt procurationes in pecunia ab antiquo, vel que inhabilia sunt ad sustentationem prelati, adeo quod in eis prelatus honeste procurari non possit, que tamen loca, ante procurationis susceptionem, prelatos statuimus visitare teneri.</p>
                </div>
                <div>
                    <head>Capitulum 2</head>
                    <p>(2) Ut archidiaconi, archipresbyteri et decani alii extra civitatem, officiales non habeant.</p>
                    <p>Item, inherentes predecessorum nostrorum vestigiis, qui iidem in suis provincialibus conciliis apud Castrum Gonterii et Turonis celebratis deliberatione provida statuerunt, presentibus innovamus firmiter inhibentes ne archidiaconi, archipresbyteri et alii jurisdictionem habentes ecclesiasticam, extra civitatem officiales seu allocatos habeant, immo extra civitatem consuetum officium in personis propriis fideliter exequantur, processus autem, si qui per eosdem officiales seu allocatos habiti fuerint, decernimus penitus non valere.</p>
                </div>
                <div>
                    <head>Capitulum 3</head>
                    <p>(3) De matrimoniis clandestinis.</p>
                    <p>Verum quia clandestina matrimonia in causis matrimonialibus frequenter magnas dubitationes inducunt, et quandoque legitima matrimonia separantur et illegitima remanent copulata, precipimus ut diocesani subditis suis in synodis suis et etiam visitantes, districte prohibeant, ne per verba de presenti ad matrimonia inter aliquos contrahenda procedant, donec ante portas Ecclesie convenerint volentes contrahere benedictionem suscepturi, sed tunc demum ad matrimonium contrahendum per verba de presenti coram sacerdote contrahentes procedant.</p>
                </div>
                <div>
                    <head>Capitulum 4</head>
                    <p>(4) De filiis presbyterorum.</p>
                    <p>Cum carnis concupiscentia statum clericalem multipliciter dehonestet, maxime quando usus usque ad sobolis procreationem perdurat, statuimus ne clericis, maxime in sacris ordinibus constituti, filiis suis ab ipsis in sacris ordinibus procreatis, vel etiam concubinis in ultima voluntate aliquid legare presumant.</p>
                    <p>Si quis vero predictis personis aliquod legatum reliquerit, si rector existat, ecclesie, cujus rector existit, aut si ecclesiam non habeat, ecclesie a qua vivens ecclesiastica consueverit percipere sacramenta, dictum legatum decernimus applicari, nec impudico patri viventi liceat filium sic creatum secum tenere.</p>
                </div>
                <div>
                    <head>Capitulum 5</head>
                    <p>(5) De testamentis et eorum executoribus.</p>
                    <p>Item, inter emptorem et venditorem debet esse discretio personalis, hinc est, cum executores testamentorum unius persone vicem obtineant, scilicet testatoris, definimus quod nullus executor aliquid possit emere per se vel per alium vel quomodo titulo sibi retinere de rebus seu de bonis deputatis executioni testamenti cujus executor existit.</p>
                    <p>Juris exemplum in hoc sequentes prohibentis procuratori aliquid emere de bonis eorum procurationi seu gubernationi commissis, contractus vero contra hoc statutum initos decernimus non tenere.</p>
                    <p>Emptores nihilominus ad restitutionem dupli pretii rei empte in executionis utilitatem convertende decreto hujusmodi condemnantes.</p>
                </div>
                <div>
                    <head>Capitulum 6</head>
                    <p>(6) De excommunicatis ultra annum.</p>
                    <p>Initium superbie hominis est apostatare et radix heretice pravitatis contemnere claves et Ecclesie potestatem.</p>
                    <p>Quia igitur nonnulli excommunicationum sententias et, quod detestabilius est, Dominici corporis sacramentum contemnentes, diuturnis temporibus in sententiis excommunicationis commorantur, de participatione Dominici corporis interim non curantes, presenti decreto statuimus ut quicumque excommunicationis sententiam ultra annum continuum sustinuerit animo indurato, in quocumque testamento efficiatur non capax, nec sine magna solemnitate et gravi pena et publica absolvatur.</p>
                </div>
                <div>
                    <head>Capitulum 7</head>
                    <p>(7) De abusoribus litterarum apostolicarum.</p>
                    <p>Dignum est ut quos Dei timor ae malo non revocat, censuram sentiant ecclesiastice discipline.</p>
                    <p>Inde est quod nos statutum felicis recordationis Gregorii pape IX contra litterarum apostolicarum abusores editum De rescriptis, Quia nonnulli, desiderantes observari in omnes illos qui in aliquem casuum abusus in dicta constitutione contentorum de cetero committere presumpserint, nisi moniti canonice ab ordinario, destiterint, si clerici in sacris existentes fuerint, suspensionis, si laici aut in minoribus ordinibus constituti, excommunicationis sententiam contra ipsos promulgamus, absolvendi predictos potestate ordinariis concessa.</p>
                </div>
                <div>
                    <head>Capitulum 8</head>
                    <p>(8) Qualiter ecclesia parrochialis ad firmam tradi potest.</p>
                    <p>Secundum evangelicam veritatem, mercenarius judicatur non pastor, qui in beneficiis ecclesiasticis temporalia principaliter contemplatur, prohibemus igitur ne parochiales ecclesie, que quotidianam instantiam et presentiam pastorum suorum desiderant, ad firmam tradantur sine speciali licencia et expresso consensu diocesani, nec tunc ad arbitrium rectoris ecclesie taxabitur firma, sed ad judicium diocesani.</p>
                </div>
                <div>
                    <head>Capitulum 9</head>
                    <p>(9) Ne participantes cum excommunicatis in generali excommunicentur.</p>
                    <p>Cum excommunicationis sententia medicinalis censeatur, nolentes quod medicina unius alii transeat ad venenum, prohibemus ne cum excommunicationis sententiam in aliquem seu ine aliquos promulgari contingat, pretextu alicujus aggravationis sententie in participantes cum ipsis, aliqua sententia promulgetur, nisi ex magna causa prelatus hoc viderit faciendum.</p>
                </div>
                <div>
                    <head>Capitulum 10</head>
                    <p>(10) De cessionibus.</p>
                    <p>Quia juris subsidium ad magnum dispendium, trahi non debet, et cessiones actionum ex licitis causis sint permisse, nonnunquam a pluribus fraudulenter et etiam simulate fiunt, statuimus ut cum quis ex cessione sibi facta agere voluerit, ante litis contestationem jurare teneatur quod cessionem, ex qua agit, sibi factam non recepit fraudulenter.</p>
                    <p>Quod si actor jurare noluerit, reus ad litis contestationem nullatenus compellatur, aliis exceptionibus contra cessionem reo nihilominus reservatis.</p>
                </div>
                <div>
                    <head>Capitulum 11</head>
                    <p>(11) De regularibus religiosis.</p>
                    <p>Adolescens juxta vias suas, etiam cum senuerit, non recedet ab eis, prohibemus ne pueri monachi antequam ad decimum octavum annum pervenerint, ad prioratus causa morandi transmittantur, sed in claustro commorentur ibidem cum senioribus instruendi in regularibus disciplinis, nisi ordinarius ex causa aliquibus duxerit concedendum.</p>
                </div>
                <div>
                    <head>Capitulum 12</head>
                    <p>(12) Ne abbates vel abbatisse plures in domibus, id est monasteriis, recipiant quam locorum facultates poterunt sustentari [2].</p>
                    <p>Inter discipulos Domini quisquam egens non erat, sed singulis dividebatur prout cuique opus erat, ut in Actibus Apostolorum.</p>
                    <p>Merito igitur prohibemus ne abbates vel abbatisse, priores vel priorisse, monachos vel moniales plures in suis monasteriis vela cenobiis recipiant, quam ex locorum facultatibus competenter poterunt sustentari.</p>
                    <p>Diocesanis vero locorum super hoc diligenti cura commissa, ut in dictis locis sibi subjectis certum instituant numerum personarum, prout pensatis locorum facultatibus, Deum habentes pre oculis, viderint expedire.</p>
                </div>
                <div>
                    <head>Capitulum 13</head>
                    <p>(13) Ne monachi soli incedant vel in prioratibus soli morentur.[3]</p>
                    <p>Scriptum est : Ve soli, quia si ceciderit non habet sublevantem, precipimus igitur abbatibus et prioribus ut monachos sibi subditos singulariter esse, vel solitarios in prioratibus commorari de cetero non permittant.</p>
                </div>
                <div>
                    <head>Capitulum 14</head>
                    <p>(14) Ne abbates vel abbatisse prioratus vacantes denudare presumant.[4]</p>
                    <p>Ex cupiditate, que radix est omnium malorum, videtur procedere quod abbates prioratus vacantes cessione, morte vel commutatione priorum, bonis in prioratibus inventis, denudant et etiam aliquando priores translati, ob hoc mendicare [5] successores videntur, nos, indemnitati locorum providere volentes, inhibemus ne priores in sui translatione vel commutatione, seu etiam abbates loca vacantia bonis mobilibus ibidem existentibus denudare presumant in grave dispendium prioratus vel prioris instituendi, circa quod prelati vigilent diligenter.</p>
                </div>
                <div>
                    <head>Capitulum 15</head>
                    <p>(15) De postulando quod advocati causas injustas non fovebant nec sustinebunt [6].</p>
                    <p>Rem non novam aggredientes, statuimus ut assueti patroni seu advocati causarum, cum in curia ad postulandum seu ad advocandum admittuntur, jurent quod scienter injustas causas non fovebunt, et quod clientulis suis fidele pro posse suo patrocinium exhibebunt.</p>
                    <p>Et quia nonnulle Cause frequenter per advocatorum imperitiam amittuntur, volumus ut nulli ad postulandum in foro ecclesiastico admittantur, nisi studuerint per triennium ad minus in jure canonico et civili, vel alias in exercendis litibus sunt experti, statutis aliis circa advocatos aditis in suo robore duraturis.</p>
                </div>
                <div>
                    <head>Capitulum 16</head>
                    <p>(16) De juramento officialium.</p>
                </div>
                <div>
                    <head>Explicit</head>
                    <p>Juxta sententiam Salomonis: Xenia [7] et dona excoecant oculos judicum, et quasi mutus in ore Deus advertit corruptiones eorum, definimus itaque ut officiales et alii demandatam jurisdictionem ecclesiasticam habentes, in institutione sua jurent quod munera non accipient ratione officii et bona fide causas audient et decident. Actum et ordinatum de consensu venerabilium fratrum suffraneorum nostrorum presentium apud Langeis, die et anno...</p>
                </div>
                <div>
                    <head>Footnotes</head>
                    <p>[1] removed &lt;&gt;</p>
                    <p>[2] removed &lt;&gt;</p>
                    <p>[3] removed &lt;&gt;</p>
                    <p>[4] removed &lt;&gt;</p>
                    <p>[5] parentheses around mendicare</p>
                    <p>[6] removed &lt;&gt;</p>
                    <p>[7] parentheses around Xenia</p>
                </div>
            </div>
        </body>
    </text>
</root>
