<?xml version="1.0" ?>
<root>
    <teiHeader>
        <fileDesc>
            <titleStmt>
                <title>Embrun</title>
                <recordID>0316</recordID>
                <transcription/>
                <respStmt>
                    <resp/>
                    <name/>
                    <note>
                        <date/>
                        <problems/>
                    </note>
                </respStmt>
            </titleStmt>
            <sourceDesc>
                <baseText/>
                <textNeeded/>
                <noKnownText/>
                <fragment/>
                <ocrNote/>
                <msDesc/>
                <bibl/>
                <sourceNote/>
            </sourceDesc>
        </fileDesc>
        <profileDesc>
            <langUsage>Latin</langUsage>
            <languageNote/>
            <langUsage/>
            <creation>
                <year>1290</year>
                <origDate>1290</origDate>
                <dateNotes/>
                <origPlace>Embrun</origPlace>
                <diocese>Embrun</diocese>
                <province>Embrun</province>
                <country>France</country>
                <geo/>
                <placeNotes/>
                <orgName/>
                <persName/>
                <altName/>
                <regnalYears/>
                <delegated/>
                <classNotes/>
            </creation>
            <textDesc>
                <domain>Provincial</domain>
            </textDesc>
            <genNotes/>
        </profileDesc>
    </teiHeader>
    <text>
        <body>
            <div>
                <head>Metadata</head>
                <p>RecordID: 316</p>
                <p>Year_Sort: 1290</p>
                <p>Year: 1290</p>
                <p>Month: None</p>
                <p>Day: None</p>
                <p>Circa: None</p>
                <p>DatingNotes: None</p>
                <p>Place: Embrun</p>
                <p>Diocese: Embrun</p>
                <p>Province: Embrun</p>
                <p>CountryModern: France</p>
                <p>Jurisdiction_ID: None</p>
                <p>Jurisdiction_ID2: None</p>
                <p>Jurisdiction_ID3: None</p>
                <p>Latitude: 44.5658</p>
                <p>Longitude: 6.4961</p>
                <p>PlaceNotes: None</p>
                <p>Classification: Provincial</p>
                <p>IssuingAuthority: Raymond de Mevouillon</p>
                <p>IssuingAuthorityAlt: None</p>
                <p>RegnalStart: 1289</p>
                <p>RegnalEnd: 1294</p>
                <p>Delegated: None</p>
                <p>ClassificationNotes: None</p>
                <p>Language: Latin</p>
                <p>LanguageNotes: None</p>
                <p>TextNeeded: None</p>
                <p>NoKnownText: None</p>
                <p>Fragment: None</p>
                <p>Source: None</p>
                <p>SourceOther: None</p>
                <p>Edition: Martene, Thes IV, 209-210</p>
                <p>EditionOther: Mansi 24, col 1064-1066</p>
                <p>SourceNotes: None</p>
                <p>TranscriptionNotes: Reviewed </p>
                <p>BaseText: ['GoogleBooks', 'Data Capture']</p>
                <p>OCR: None</p>
                <p>Transcription: None</p>
                <p>GeneralNotes: None</p>
                <p>BiblioRefs: None</p>
            </div>
            <div>
                <head>Text</head>
                <div>
                    <head>Capitulum 1</head>
                    <p>(1) HAEc statuta, quae nos frater R. de Medullione Dei patientia sanctae Ebredunensis ecclesiae archiepiscopus per dictum dominum Henricum bonae memoriae Ebredunensem archiepiscopum ac postmodum Ostiensem episcopum comperimus esse facta, una cum venerabilibus G. Dignensi, B. Glandatensi, LANTELMO Grassiensi, B. Senecensi, HUGONE Nicensi, et GUILLELMO Venciensi Dei gratia episcopis suffraganeis nostris, fratre P. abbate Boschaudunensi, ac procuratoribus capitulorum ecclesiarum ipsorum constituti in nostro provinciali concilio apud Ebredunum anno M. CC. XC. die sabbati ante assumtionem B. Mariae Virginis evocato, et cum continuatione dierum subsequentium celebrato, de ipsorum consilio et assensu expresso statuta ipsa utpote scientia confirmamus, ac per Ebredunensem civitatem, diocesim et provinciam volumus et praecipimus perpetuo firmiter et efficaciter observari: non intendentes, propter haec statuta statutis aliquibus in Ebredunensi et aliis praemissis ecclesiis hactenus rite et canonice factis praejudicium aliquod generari, seu consuetudinibus in eisdem hactenus observatis.</p>
                </div>
                <div>
                    <head>Capitulum 2</head>
                    <p>(2) Item nos praedictus frater R. archiepiscopus cum praefatis suffraganeis nostris unanimiter et concorditer in praesenti concilio statuimus et ordinamus.</p>
                    <p>Ut nullus in clericum tonsuretur, nisi sit de legitimo matrimonio.</p>
                    <p>Ut nullus tonsoret aliquem in clericum, nisi comperto quod sit de legitimo matrimonio natus, et nisi habeat litteras testimoniales de corona ab illo a quo ipsam accepit, per quas possit facere fidem loco et tempore opportunis, quod [1] fuerit tonsoratus.</p>
                </div>
                <div>
                    <head>Capitulum 3</head>
                    <p>(3) De precibus et orationibus spiritualibus in Missa faciendis.</p>
                    <p>Item statuimus et ordinamus, ut pro praesenti tribulatione et persequutione quae imminet ecclesiis mitigandis speciales orationes et preces diebus singulis in missis parochialibus et conventualibus post Pater noster ad Dominum effundantur, secundum modum inferius annotatum.</p>
                    <p>Dicto Pater noster, sed libera nos a malo, incipiat presbyter Deus in adjutorium meum intende; et dicatur totus psalmus Gloria Patri, etc. Sicut erat, etc.</p>
                    <p>Kyrie Eleyson, Christe eleyson, Pater noster. Et ne nos etc.</p>
                    <p>Versus. Mitte nobis Domine auxilium de Sancto.</p>
                    <p>Responsus. Et de Sion tuere nos.</p>
                    <p>Versus. Domine exaudi, etc.</p>
                    <p>Dominus vobiscum.</p>
                    <p>Oremus.</p>
                    <p>Protege nos Domine famulos tuos, et alia oratio.</p>
                    <p>Praesta quaesumus, omnipotens Deus, ut qui juste pro peccatis nostris affligimur, pro tui nominis gloria misericorditer liberemur.</p>
                    <p>Item, alia oratio.</p>
                    <p>Concede nobis omnipotens, et justissime Deus, apud quem nulla est iniquitas, ut qui sanctuarii tui possessiones et jura diripiendo invadunt, satisfactione celeri corrigantur.</p>
                    <p>Per Christum Dominum nostrum, amen.</p>
                    <p>Libera nos, etc.</p>
                    <p>Et istud fiat quotiescumque nos praefatus id duxerimus revocandum.</p>
                </div>
                <div>
                    <head>Capitulum 4</head>
                    <p>(4) De indulgentia concessa per archiepiscopum et praelatos, omnibus fidelibus qui speciales orationes fecerint in praemissis.</p>
                    <p>Nos autem praefatus archiepiscopus de praedictorum suffraganeorum nostrorum consilio et assensu omnibus fidelibus vere poenitentibus et confessis, qui pro istis tribulationibus sedandis, singulis diebus aliquam orationem spiritualem fecerint, xx. dies de injunctis sibi poenitentiis, relaxamus.</p>
                    <p>Et nos etiam suffraganei ejus praedicti ac quilibet nostrorum alios xx. dies consimiliter indulgemus.</p>
                    <p>In quorum omnium testimonium, nos praefatus archiepiscopus et suffraganei ejusdem sigilla nostra praesenti paginae duximus appendenda.</p>
                </div>
                <div>
                    <head>Footnotes</head>
                    <p>[1] Printed &quot;qud&quot;</p>
                </div>
            </div>
        </body>
    </text>
</root>
