<?xml version="1.0" ?>
<root>
    <teiHeader>
        <fileDesc>
            <titleStmt>
                <title>Palermo</title>
                <recordID>0372</recordID>
                <transcription/>
                <respStmt>
                    <resp/>
                    <name/>
                    <note>
                        <date/>
                        <problems/>
                    </note>
                </respStmt>
            </titleStmt>
            <sourceDesc>
                <baseText/>
                <textNeeded/>
                <noKnownText/>
                <fragment/>
                <ocrNote/>
                <msDesc/>
                <bibl/>
                <sourceNote/>
            </sourceDesc>
        </fileDesc>
        <profileDesc>
            <langUsage>Latin</langUsage>
            <languageNote/>
            <langUsage/>
            <creation>
                <year>1388</year>
                <origDate>1388</origDate>
                <dateNotes/>
                <origPlace>Palermo</origPlace>
                <diocese>Palermo</diocese>
                <province>Palermo</province>
                <country>Italy</country>
                <geo/>
                <placeNotes/>
                <orgName/>
                <persName/>
                <altName/>
                <regnalYears/>
                <delegated/>
                <classNotes/>
            </creation>
            <textDesc>
                <domain>Provincial</domain>
            </textDesc>
            <genNotes/>
        </profileDesc>
    </teiHeader>
    <text>
        <body>
            <div>
                <head>Metadata</head>
                <p>RecordID: 372</p>
                <p>Year_Sort: 1388</p>
                <p>Year: 1388</p>
                <p>Month: None</p>
                <p>Day: None</p>
                <p>Circa: None</p>
                <p>DatingNotes: None</p>
                <p>Place: Palermo</p>
                <p>Diocese: Palermo</p>
                <p>Province: Palermo</p>
                <p>CountryModern: Italy</p>
                <p>Jurisdiction_ID: None</p>
                <p>Jurisdiction_ID2: None</p>
                <p>Jurisdiction_ID3: None</p>
                <p>Latitude: 38.116667</p>
                <p>Longitude: 13.366667</p>
                <p>PlaceNotes: None</p>
                <p>Classification: Provincial</p>
                <p>IssuingAuthority: Ludovico Bonito</p>
                <p>IssuingAuthorityAlt: None</p>
                <p>RegnalStart: None</p>
                <p>RegnalEnd: None</p>
                <p>Delegated: None</p>
                <p>ClassificationNotes: None</p>
                <p>Language: Latin</p>
                <p>LanguageNotes: None</p>
                <p>TextNeeded: None</p>
                <p>NoKnownText: None</p>
                <p>Fragment: None</p>
                <p>Source: None</p>
                <p>SourceOther: None</p>
                <p>Edition: Mansi 26, col 745-754</p>
                <p>EditionOther: None</p>
                <p>SourceNotes: None</p>
                <p>TranscriptionNotes: Reviewed </p>
                <p>BaseText: ['GoogleBooks', 'Data Capture']</p>
                <p>OCR: None</p>
                <p>Transcription: None</p>
                <p>GeneralNotes: None</p>
                <p>BiblioRefs: None</p>
            </div>
            <div>
                <head>Text</head>
                <div>
                    <head>Capitulum 1</head>
                    <p>(1) Capitula de pertinentibus ad divinum cultum.</p>
                    <p>In primis ordinamus, quod omnes clerici beneficiati, infirmitate corporali non gravati, veniant ad omnes horas omni die: canonici vero in ecclesiis cathedralibus teneantur venire in omnibus diebus dominicis, et feriis duplicibus, et semiduplicibus ad missam et primas et secundas vesperas: ad matutinum vero in dictis diebus veniant, quando commode poterunt interesse, supra quo eorum conscientiam oneramus: si quis vero ipsorum canonicorum defuerit praedictis diebus in [1] aliqua dictarum horarum, videl. missae et vesperarum, ipso facto sit privatus communia unius mensis, et applicetur servientibus canonicis: caeteri vero clerici et sacerdotes inferiores, si defuerint die aliquo, seu hora, puniantur per eorum dioecesanos secundum quod eis secundum Deum videbitur expedire, plus vel minus secundum rationem defectus, et cogant ipsi dioecesani clericos in aliis ecclesiis sine cura beneficiatos servire ecclesiae cathedrali secundum proportionem reddituum cujuscumque.</p>
                </div>
                <div>
                    <head>Capitulum 2</head>
                    <p>(2) De redditibus canonicorum, et clericorum non servientium, in ecclesia expendendis et distribuendis inter personas servientes.</p>
                    <p>Item statuimus, et ordinamus, quod redditus et proventus canonicorum, et clericorum non servientium, et residentium, saltem per tres partes anni, qui non fuerint actu in studio generali theologiae, decretorum, seu legum, per dioecesanos ipsorum expendantur, et distribuantur inter personas idoneas, quae servierint ecclesiae in divinis officiis in supplementum dictorum non residentium, seu non servientium, ut jura canonica mandant, ita quod redditus canonicorum absentium praesentibus, et servientibus applicentur, si ibi fuerint canonici servientes: redditus vero aliorum clericorum non canonicorum absentium aliis clericis servientibus tribuantur ad arbitrium ipsorum episcopi.</p>
                </div>
                <div>
                    <head>Capitulum 3</head>
                    <p>(3) Capitula de pertinentibus ad honestatem, et vitam clericorum, quod clerici non teneant concubinam.</p>
                    <p>Item ut in omnia honeste, et secundum Deum fiant in clero totius nostrae provinciae Panormitanae, prohibemus universis, et singulis totius nostrae provinciae clericis cujuscumque status, aut gradus existant, tenere concubinam seu fornicariam mulierem publice in domo propria, vel aliena: qui vero contrarium fecerit, a suo dioecesano a divinis officiis, et beneficiis ecclesiasticis suspendatur, taliter suspensus restitui non possit, nisi dumtaxat fornicaria muliere primitus a suo remota consortio, et injuncta pro delicto poenitentia salutari: qui vero sic suspensus a divinis praesumpserit divina et ecclesiastica ministrare sacra, aut divinis in ecclesia officiis interesse, tamquam irregularis effectus omnibus beneficiis ecclesiasticis expolietur, prout jura canonica mandant.</p>
                </div>
                <div>
                    <head>Capitulum 4</head>
                    <p>(4) Quod clerici non intrent in tabernam in locis et terris, in quibus habitant, et de prohibito ludo taxillorum.</p>
                    <p>Item prohibemus omnibus clericis, beneficiatis, seu in sacris ordinibus constitutis intrare tabernam ad comedendum in locis, et terris, in quibus faciunt residentiam, nec ludant ibi ad aleas, vel taxillos, aut inhoneste in nuptiis laicorum chorizent, sub poena unciae unius persolvendae dioecesano suo.</p>
                </div>
                <div>
                    <head>Capitulum 5</head>
                    <p>(5) De prohibita portatione armorum per clericos.</p>
                    <p>Item prohibemus omnibus clericis nostrae provinciae arma portare publice, vel occulte in terris, in quibus resident: quod si contrarium fecerint, per suum dioecesanum ab officio, et beneficio suspendantur; et quibus haec poena non competit, careant tertio moniti privilegio clericali.</p>
                </div>
                <div>
                    <head>Capitulum 6</head>
                    <p>(6) Quomodo clerici habeant portare capillos, barbam, et coronam.</p>
                    <p>Item mandamus omnibus clericis nostrae provinciae beneficiatis, et non beneficiatis, canonicis, rectoribus, et aliis quacumque dignitate fulgentibus, quod portent capillos usque ad aures tantum, et non infra aures, pertonsos, barbamque rasam, vel tonsam, et coronam portent in capite congruentem, magnam: qui vero contrarium fecerit in aliquo praemissorum, tertio monitus a suo dioecesano suspendatur ab administratione sacramentorum, et cui haec poena non competit, tertio monitus careat privilegio clericali.</p>
                </div>
                <div>
                    <head>Capitulum 7</head>
                    <p>(7) Confirmatio praedictorum capitulorum.</p>
                    <p>Capitula supraposita sunt praedecessorum nostrorum scilicet Rev. Patris arch. Matthaei, et Epis. Rogeri Mazar. et Agrig, quae in nullo immutamus; sed ea de novo confirmamus ac varietate temporis suadente, modificamus, et addimus, et alia de novo facimus, prout licet, quia quae de novo emergunt etc.</p>
                </div>
                <div>
                    <head>Capitulum 8</head>
                    <p>(8) De habentibus duos canonicatus.</p>
                    <p>Capitulum praedecessorum nostrum quod incipit: Item statuimus etc. volumus penitus observari in canonicis unius Ecclesiae tantum: in aliis vero canonicis duarum Ecclesiarum, si Metropolitanae fuerint, et suffraganeae per tres partes anni serviant metropolitanae, et per residuum suffraganeae; ubi vero habuerint duos Canonicatus in Ecclesiis inferioribus metropolitanae per dimidiam partem anni deserviant uni, et per aliam partem alteri.</p>
                </div>
                <div>
                    <head>Capitulum 9</head>
                    <p>(9) Quod nemo retineat maritatam in domo sua.</p>
                    <p>Capitulum quod incipit: Item quod omnia honeste, et volumus penitus observari in non maritatis: in maritatis quidem volumus, quod si quis temeritate propria praesumpserit in domo sua retinere, ab officio, et beneficio fore suspensus, quam volumus ipso facto incurrere, si post viginti dies a tempore publicationis praemissorum statutorum de domo propria non expulerit.</p>
                </div>
                <div>
                    <head>Capitulum 10</head>
                    <p>(10) Quod canonici et clerici quotam eis contingentem habeant in distributionibus cotidianis secundum merita eorum.</p>
                    <p>Item quia secundum jura canonica qui altari servit de altari vivere debeat, qui ad onus eligitur, a mercede repelli non debeat, statuimus et ordinamus, ut tam Canonici, quam Clerici nostrae majoris ecclesiae Panormitanae Metropol., quam quarumcumque aliarum ecclesiarum nostrae Provinciae secundum eorum meritorum exigentiam de distributionibus cotidianis quotam eis contingentem recipere debent, quod arbitrio eorum superioris relinquatur.</p>
                </div>
                <div>
                    <head>Capitulum 11</head>
                    <p>(11) Quod nullus Clericus assumat Cappellaniam, nec Missam sine licentia superioris.</p>
                    <p>Item quod nullus Sacerdos audeat assumere cappellaniam, nec missam de continuo vel ad certum tempus ut Cappellanus celebrare in aliquo loco exempto, nec in Collegio saecularium sine expressa licentia sui superioris, et contrarium faciens, sit ipso facto a Divinis suspensus.</p>
                </div>
                <div>
                    <head>Capitulum 12</head>
                    <p>(12) Quod quilibet beneficiatus saltem semel in hebdomada celebret, vel celebrari faciat in suo beneficio.</p>
                    <p>Item quod quilibet clericus beneficiatus saltem semel in hebdomada debeat per se, vel per alium in dicto beneficio, quantumcumque minimo, Missam celebrare, et in casu, quo stabiliter in dicto beneficio celebrare, vel celebrari facere non posset, prout est dictum, celebret, vel celebrari faciat in majori Ecclesia, vel Parochia, infra cujus limites extiterit predictum beneficium, et si beneficium abundaverit in fructibus, pluries teneatur celebrare arbitrio superioris: et qui praemissa adimplere negligerit, privetur fructibus dicti beneficii, et contribuantur alicui idoneo Sacerdoti pro praedicta celebratione.</p>
                </div>
                <div>
                    <head>Capitulum 13</head>
                    <p>(13) De recipiendis Ordinibus.</p>
                    <p>Item quod nullus ordinatus in minoribus ordinibus seu sacris debeat ad ordines praedictos recipi, nisi per eosdem ordinatos litterae eorum ordinationis in eorum testimonium ostendantur; et recipientes contra tenorem hujus constitutionis, arbitrio sui superioris puniantur.</p>
                </div>
                <div>
                    <head>Capitulum 14</head>
                    <p>(14) De non percipiendis fructibus Ecclesiae, nisi prius habitis litteris Episcopalibus, et per executorem habeatur possessio.</p>
                    <p>Item quod nullus promotus per ordinarium ad aliquam dignitatem, canonicatem, vel beneficium cum cura, vel sine cura debeat se miscere, vel administrare, seu fructus Ecclesie ad quam est promotus, percipere, nisi prius habitis litteris episcopal:, et per exequutorem datum in suis litteris, habeat possessionem, et contrarium faciens ipso facto a dignitate, canonicatu, vel beneficio sit suspensus.</p>
                    <p>Quod stante clerico per annum in habitu laicali non deferente tonsuram clericalem, beneficio privetur.</p>
                    <p>Quod si quis clericus beneficiatus, quantumcumque de caetero monitus non fuerit, in habitu laicali per annum permanserit, vel tonsuram clericalem non detulerit, aut canonicas horas, seu officium divinum, et nocturnum Dominicae dicere neglexerit, aut se saecularium negotiis immiscuerit a divinis obsequiis se totaliter abstinendo, ipso facto, sit beneficio, vel beneficiis suis privatus, et Praelatus talia beneficia retinere possit, et valeat legitime conferre tamquam beneficia vacantia.</p>
                </div>
                <div>
                    <head>Capitulum 15</head>
                    <p>(15) De non procurandis negotiis saecularium per clericos sine licentia superioris.</p>
                    <p>Quod nullus clericus audeat, nec valeat sine licentia sui superioris negotia alicujus saecularis procurare: quod si quis contrafecerit, ab officiis, et beneficiis suspendatur.</p>
                </div>
                <div>
                    <head>Capitulum 16</head>
                    <p>(16) Quod nullus clericus vendat vinum manibus propriis.</p>
                    <p>Item nullus clericus publice in domo sua, vel aliena manibus propriis vinum vendat ad minutum, nec etiam volentibus bibere in eodem loco, per alium vendi facere audeat; et contrarium faciens ab officio, et beneficio suspendatur.</p>
                </div>
                <div>
                    <head>Capitulum 17</head>
                    <p>(17) De prohibita conjuratione contra praelatum.</p>
                    <p>Item quod nullus clericus cujuscumque gradus, vel conditionis existat, faciat conjurationem, vel conventiculum, seu conspirationem per se, vel per alium facere praesumat contra eorum praelatum, vel ejus ecclesiam, vel aliam personam ecclesiasticam, quod ipsorum respiciat incommodum in persona, vel rebus sub poena excommunicationis, quam volumus ipso facto incurrere; nec per alium absolvi, quam per nostrum Metropolitanum.</p>
                </div>
                <div>
                    <head>Capitulum 18</head>
                    <p>(18) De prohibito exercitio mercantiarum, et emptionum vel venditionum ad tempus.</p>
                    <p>Item quod nullus clericus cujuscumque gradus, status, aut conditionis existat, debeat mercantias exercere, nec emere, vel vendere res aliquas ad tempus plusquam communiter valent, vel similiter valituras, et contrarium facienti actio in praedictis contractibus denegetur.</p>
                </div>
                <div>
                    <head>Capitulum 19</head>
                    <p>(19) De modo indumentorum portandorum per clericos.</p>
                    <p>Item quod nullus clericus cujuscumque gradus debeat indumenta rubra, vel viridia apportare, nec cappucceos de scarlato, nec subtilares cum punta, nec corrigias de argento, nec annulos, nisi quibus ex dignitate competit, sub poena amissionis rei prohibitae.</p>
                </div>
                <div>
                    <head>Capitulum 20</head>
                    <p>(20) De exemptione clericorum.</p>
                    <p>Item quod nullus clericus, qui se exemptum existimaverit, privilegio exemptionis gaudere possit, nisi illud per ordinarium, vel ejus metropolitanum, sicut justum videbitur, fuerit approbatum.</p>
                </div>
                <div>
                    <head>Capitulum 21</head>
                    <p>(21) De non discedendo sine litteris dimissoriis.</p>
                    <p>Item quod nullus clericus, cujuscumque gradus, status, vel conditionis existat, egrediatur extra regnum sine litteris dimissoriis, sub poena privationis beneficiorum ipsorum: non beneficiati autem sui superioris arbitrio puniantur.</p>
                </div>
                <div>
                    <head>Capitulum 22</head>
                    <p>(22) Quod nemo petat beneficium vacaturum, nisi corpus decedentis sit prius sepultum.</p>
                    <p>Item quod nullus clericus per se, vel per alium, nomine suo vel de sua scientia, et voluntate petat beneficium vacaturum, nisi prius corpus decedentis traditum fuerit sepulturae; qui si beneficiatus extiterit, perdat fructus beneficiorum suorum per annum; si vero beneficiatus non fuerit, sit per sex menses a divinis suspensus.</p>
                </div>
                <div>
                    <head>Capitulum 23</head>
                    <p>(23) De non impediendis redditibus alterius beneficialis.</p>
                    <p>Quod nullus clericus, cujuscumque status, vel conditionis existat, debeat occupare, seu occupari facere, vel impedire redditus vel proventus beneficii alterius beneficialis quocumque modo vel occasione sub poena privationis beneficiorum [2] suorum; si beneficialis non fuerit, sui superioris arbitrio puniatur.</p>
                </div>
                <div>
                    <head>Capitulum 24</head>
                    <p>(24) De non sepeliendis defunctis in cimiteriis religiosorum mendicantium sine permissione parochialis ecclesiae.</p>
                    <p>Item constituimus, et ordinamus, quod capellani, et ecclesiarum rectores non permittant Religiosos mendicantes quoquo modo funera, seu defunctos in eorum cimiterio sepelire sine permissione ecclesiae parochialis, ac maxime pueros minores decedentes intra annum, consuetudine aliqua allegata in contrarium non obstante, sub poena arbitraria; et si dicti Religiosi contrarium facere praesumpserint, dicti cappellani recursum habeant ad ordinarios, qui debeant procedere contra tales Religiosos, prout erit juris opportunum.</p>
                    <p>Quod quando quis sepelitur in Ecclesia de jure non cimiteriata, tres partes cerae acquirantur parochiali ecclesiae.</p>
                    <p>Item quod si aliquis de disciplina elegerit sepeliri in ecclesia eorum non de jure cimiteriata, quod tres partes cerae portatae in funere, quomodocumque portentur, acquirantur ecclesiae Parochiali, cujus defunctus extiterit Pachianus; reliqua vero pars attribuatur cappellano servienti ecclesiae, in qua eliget sepeliri, reservato jure cathedralis ecclesiae, jure vel consuetudine introducto.</p>
                    <p>Si quis huic constitutioni transgressor extiterit, sui superioris arbitrio puniatur.</p>
                </div>
                <div>
                    <head>Capitulum 25</head>
                    <p>(25) De quarta parte legatorum ad pias causas episcopis acquirenda.</p>
                    <p>Item quod de omnibus legatis ad pias causas, quomodocumque, vel qualitercumque, et in quibusque casibus, factis, debeatur quarta episcopis, ubi jure, vel consuetudine solvitur, non obstante statuto, seu constitutione a quibuscumque cujuscumque gradus, status, et conditionis existant, quas volumus per istud capitulum irritari, et nullas censeri: et contrarium facientes, seu observantes, arbitrio sui superioris puniantur.</p>
                </div>
                <div>
                    <head>Capitulum 26</head>
                    <p>(26) De non donandis, et concedendis ad emphyteusim, vel ad longum tempus bonis ecclesiarum.</p>
                    <p>Item quod nullus clericus, seu rector alicujus ecclesiae, et etiam abbas, seu abbatissa, audeat, nec debeat inconsulto suo praelato ad emphyteusim concedere bona suae ecclesiae, vel monasterii, nec etiam ad longum tempus scilicet quinquennium locare; et contrarium faciens puniatur arbitrio sui superioris, et alis concessio sit de jura nulla.</p>
                </div>
                <div>
                    <head>Capitulum 27</head>
                    <p>(27) De reparandis ecclesiis per beneficiales.</p>
                    <p>Item quod quilibet clericus, seu persona ecclesiastica debeat reparare ecclesias suas, et etiam reficere, ac earum bona secundum competunt facultates dictorum beneficiorum, nec permittere ipsas ad ruinam pervenire, et si ejus culpa seu negligentia aliquod praedium ruinam passum fuerit, per superiorem cogatur ad reficiendum tale praedium sui culpa dirutum, et alias ad arbitrium sui superioris puniatur.</p>
                </div>
                <div>
                    <head>Capitulum 28</head>
                    <p>(28) Quod canonici in minoribus ordinibus constituti infra annum debeant ad sacros ordines promoveri.</p>
                    <p>Item quod nonnulli canonici tam in nostra Panormitana ecclesia, quam in aliis suffraganeis ecclesiae nostrae in minoribus instituti ad sacros ordines promoveri contempserint, et sic per eosdem in nullo dictis ecclesiis deservitur; statuimus, ut de caetero unusquisque canonicus dictarum ecclesiarum infra annum, postquam possessionem sui canonicatus et praebendae pacifice fuerit adeptus, debeat ad sacros ordines promoveri; et illi qui nunc in dictis ecclesiis in minoribus ordinibus sunt constituti, debeant post celebrationem praesentis capituli infra menses sex ad sacros ordines promoveri; alias si praemissa adimplere neglexerint, seu noluerint, ipso facto perdant fructus praebendae suae, quousque ad sacros ordines promoveantur.</p>
                </div>
                <div>
                    <head>Capitulum 29</head>
                    <p>(29) De non revelando id quod in capitulo ordinatum et dictum fuerit.</p>
                    <p>Quod nullus canonicus quod in capitulo fuerit ordinatum, vel capitulariter dictum, audeat extra capitulum revelare: quod si qui contrafecerit, per hanc constitutionem decernimus fructibus canonicatus per annum fore privatum; et qui denunciaverit illum revelantem secreta capituli, habeat tertiam partem dictorum fructuum, et credatur dicto denunciantis cum unico teste tantum.</p>
                    <p>Sequens concilium fiat secunda dominica mensis novemb. XIV. indictione anni proxime futuri.</p>
                    <p>Ludovicus Dei, et Apostolicae sedis gratia Panormitanus Archiepiscopus, licet immeritus, venerabilibus abbatibus, Prioribus, archipresbyteris, archidiaconis, canonicis, praepositis, et ecclesiarum rectoribus, necnon presbyteris, diaconis, subdiaconis, et aliis clericis universae nostrae provinciae salutem in Domino, qui est salus simul vivorum, et mortuorum.</p>
                    <p>Cum virtutes nobis naturaliter ignotas aetas in tantum tenetur corrumpere, quod nisi fuisset scientia divinitus inspirata, non immerito homo fine privaretur Deifico; et quia propter hominum varias imaginationes dilucide ipsarum nodus nequit perfecte decidi, attendentes nos esse ex injuncto nobis officio adstrictos curis solitis maxime clericorum, et eorum scandala, in quantum possumus removere, quoniam ad hoc positi sumus, ut subjectorum corrigamus errores, et de ipsis in districto judicio tenemur reddere rationem: assistentibus nobis reverendis, et in Christo patribus suffraganeis episcopis Matthaeo Agrigentino, et Francisco Magariensi, necnon et domino Ludovico Dejudicefacio, vicegerenti episcopi Melevitani, ac de eorum consilio congregata synodo, prout nobis jure injungitur, constitutiones juribus papalibus non dissonas, sed effectu consonas edere non omisimus; quas in provincia nostra per clericos in eadem existentes, ut supra, observari mandamus, poenis inferius adnotatis: mandamus Rev. suffraganeis nostris ut in suis synodis praedictas constitutiones debeant publicare, quas synodos ab isto die infra sex menses precipimus celebrari.</p>
                </div>
                <div>
                    <head>Explicit</head>
                    <p>Datum Panormi in nostro Archiepiscopali Palatio anno domini 1388. X. mensis Nov. XII. indict.</p>
                </div>
                <div>
                    <head>Footnotes</head>
                    <p>[1] &quot;in&quot; printed in round brackets.</p>
                    <p>[2] ed. bebeficiorum</p>
                </div>
            </div>
        </body>
    </text>
</root>
