<?xml version="1.0" ?>
<root>
    <teiHeader>
        <fileDesc>
            <titleStmt>
                <title>Geneva</title>
                <recordID>0448</recordID>
                <transcription/>
                <respStmt>
                    <resp/>
                    <name/>
                    <note>
                        <date/>
                        <problems/>
                    </note>
                </respStmt>
            </titleStmt>
            <sourceDesc>
                <baseText/>
                <textNeeded/>
                <noKnownText/>
                <fragment/>
                <ocrNote/>
                <msDesc/>
                <bibl/>
                <sourceNote/>
            </sourceDesc>
        </fileDesc>
        <profileDesc>
            <langUsage>Latin</langUsage>
            <languageNote/>
            <langUsage/>
            <creation>
                <year>1345</year>
                <origDate precision="circa">1343x1352</origDate>
                <dateNotes/>
                <origPlace>Geneva</origPlace>
                <diocese>Geneva</diocese>
                <province>Vienne</province>
                <country>Switzerland</country>
                <geo/>
                <placeNotes/>
                <orgName/>
                <persName/>
                <altName/>
                <regnalYears/>
                <delegated/>
                <classNotes/>
            </creation>
            <textDesc>
                <domain>Diocesan</domain>
            </textDesc>
            <genNotes/>
        </profileDesc>
    </teiHeader>
    <text>
        <body>
            <div>
                <head>Metadata</head>
                <p>RecordID: 448</p>
                <p>Year_Sort: 1345</p>
                <p>Year: 1343x1352</p>
                <p>Month: None</p>
                <p>Day: None</p>
                <p>Circa: Yes</p>
                <p>DatingNotes: None</p>
                <p>Place: Geneva</p>
                <p>Diocese: Geneva</p>
                <p>Province: Vienne</p>
                <p>CountryModern: Switzerland</p>
                <p>Jurisdiction_ID: D465</p>
                <p>Jurisdiction_ID2: None</p>
                <p>Jurisdiction_ID3: None</p>
                <p>Latitude: 46.2</p>
                <p>Longitude: 6.15</p>
                <p>PlaceNotes: None</p>
                <p>Classification: Diocesan</p>
                <p>IssuingAuthority: Alamand de Saint-Jeoire</p>
                <p>IssuingAuthorityAlt: None</p>
                <p>RegnalStart: 1342</p>
                <p>RegnalEnd: 1366</p>
                <p>Delegated: None</p>
                <p>ClassificationNotes: None</p>
                <p>Language: Latin</p>
                <p>LanguageNotes: None</p>
                <p>TextNeeded: None</p>
                <p>NoKnownText: None</p>
                <p>Fragment: None</p>
                <p>Source: Geneva, AE, MS hist 47, f°151r-152r</p>
                <p>SourceOther: None</p>
                <p>Edition: [extracts in] Fleury, Histoire de l'Eglise de Geneve, I, 437-38</p>
                <p>EditionOther: None</p>
                <p>SourceNotes: https://books.google.com/books?id=Ov8PAAAAYAAJ; </p>
                <p>TranscriptionNotes: Reviewed </p>
                <p>BaseText: ['GoogleBooks', 'WebDownload', 'Digital MS']</p>
                <p>OCR: None</p>
                <p>Transcription: None</p>
                <p>GeneralNotes: None</p>
                <p>BiblioRefs: None</p>
            </div>
            <div>
                <head>Text</head>
                <div>
                    <head>Incipit</head>
                    <p>Alie constituciones.</p>
                    <p>In nomine domini, amen.</p>
                    <p>Cum ad morum reformacionem et subditorum nostrorum correpconem multa et varia tam a constitutionis institutis quam aprobantes concilio olim emanaverint constituciones et statuta quibus non debemus nec etiam possumus in aliquo derogare, que supplectione, declaratione et interpretacione propter simplincitatem partim et ignorantiam aliquorum indigent prout experiencia docuit et relatione didacimus presbiterorum.</p>
                    <p>Idcirco, ut omnes dubiorum materia amputetur ex predictis constitutionibus, prout sequntur de consensu nostri capituli Gebennensis duximus ex ipsis aliqua declaranda.</p>
                </div>
                <div>
                    <head>Capitulum 1</head>
                    <p>(1) De registris faciendi.</p>
                    <p>In primis, quod omnes curati et eorum vicarium, prout nomina excomunicatis quod recipiunt teneantur ipsa rescribere et datam literam excomunicatoriarum parrochiam cartulario teneantur insertere, quod illud idem de absolucionibus faciant injungimus et mandamus etiam ut ultra decem personas nominatas expresse in literis participantis cum excomunicatis non apponantur et si ultra inserte fuerit, nullatenus excequantur.</p>
                </div>
                <div>
                    <head>Capitulum 2</head>
                    <p>(2) De secularibus inquisitionibus contra personas eclesiasticas.</p>
                    <p>Item cum officios seculares curie temporalium tam clerici quam layci contra clericos et laycos et personas eclesiasticas inquisitiones facientes excominicationis censeantur eandem excomunicationem scienter, dictantes articulos inquisitionum et titulos earumdem, et dictas inquisitiones fieri procurantes et scriptores et super excessibus requirentes clericos ut corum ipsis respondeant excomunicationis pariter nuncientur.</p>
                </div>
                <div>
                    <head>Capitulum 3</head>
                    <p>(3) De oficialibus et plurorum aliorum laycorum.</p>
                    <p>Item, moneatis parrochiani confirmandis de confirmacione [1], ut donum sancti spiritus valeant accipere, ut quod non veniant ad confirmationem nisi prius peccata sua confessi fuerint sacerdotis.</p>
                    <p>Item in quadragesima ante missarum sollempnia et completo vespertino officio, quod post horam nonam decantandum est, nulli fideli, et specialiter clerico et sacerdoti, aut personne cuiuscumque eclesiastice commedere, licet cum tali tempore teneantur maxime icinnare.</p>
                    <p>Item ne antequam missam integre celebrentur potissime diebus dominicis et antequam bendictio inflixa sit a sacerdote ab eclesia nullus recedat.</p>
                    <p>Item quod velato capite aliquis, nisi in infirmitatis suis detenti, ad altare non existent.</p>
                    <p>Item nequis altare in nostre dyocesis ecclesia, sine consensu nostro et licencia construantur, et nisi dedicatione ipsius altaris facta fuerit, psaltem de constructis a decem annis, ibidem nullatenus celebretur.</p>
                    <p>Et si aliquis contrarium fecerit ultra transgressionis penam excomunicationis eidem inferendum ipso jure noviter incursurum.</p>
                    <p>Item legitur constitutio Viennensis edita contra sacerdotes pro testamentis facta parrochianorum et infra quindecim dies infignuetur domino episcopo vel eius officiali.</p>
                </div>
                <div>
                    <head>Capitulum 4</head>
                    <p>(4) Revocantur procuratis</p>
                    <p>Item statuimus ne aliqui notarii sine presentia curati alicuius sui parrochiani recipiant testamenta.</p>
                    <p>Item si contingat ipsos curatos vel eorum vicarum aliquas literas inscripturas sigilli vel alio suis [2] modo suspectas presentare in virtute sancte Dei obedientie precipimus illas literas suspectas per vos retineri et cum expensis nostris ad nos vel officialem nostrum transmitti, et nomina presentantium intimare ne recipiant aliquas literas absolutorum nisi fuerint signate propria manu sigilli feri nostri et bene asponeat et omni careant fraude, dolo et suspectione.</p>
                    <p>Precipimus sub pena vinginti solidorum Gebenensis omnibus et singulis nostre dyocesis ecclesiarum rectoribus ut ipsi infra proxime feste beati Michaelis constitutiones tam provinciales quam synodi actenus edictas habere debeatur et procurent, illi videlicet qui non habent presentem transcriptum, statuimus ut petant in domo officiali nostri scribendi per manum Johanis Horrorum, clerici, jurati.</p>
                </div>
                <div>
                    <head>Footnotes</head>
                    <p>[1] \de confirmacione/</p>
                    <p>[2] \suis/</p>
                </div>
            </div>
        </body>
    </text>
</root>
