<?xml version="1.0" ?>
<root>
    <teiHeader>
        <fileDesc>
            <titleStmt>
                <title>Mondonedo</title>
                <recordID>0574</recordID>
                <transcription/>
                <respStmt>
                    <resp/>
                    <name/>
                    <note>
                        <date/>
                        <problems/>
                    </note>
                </respStmt>
            </titleStmt>
            <sourceDesc>
                <baseText/>
                <textNeeded/>
                <noKnownText/>
                <fragment/>
                <ocrNote/>
                <msDesc/>
                <bibl/>
                <sourceNote/>
            </sourceDesc>
        </fileDesc>
        <profileDesc>
            <langUsage>Old Spanish</langUsage>
            <languageNote/>
            <langUsage/>
            <creation>
                <year>1324</year>
                <origDate>1324-08-17</origDate>
                <dateNotes/>
                <origPlace>Mondoñedo</origPlace>
                <diocese>Mondoñedo</diocese>
                <province>Santiago</province>
                <country>Spain</country>
                <geo/>
                <placeNotes/>
                <orgName/>
                <persName/>
                <altName/>
                <regnalYears/>
                <delegated/>
                <classNotes/>
            </creation>
            <textDesc>
                <domain>Diocesan</domain>
            </textDesc>
            <genNotes/>
        </profileDesc>
    </teiHeader>
    <text>
        <body>
            <div>
                <head>Metadata</head>
                <p>RecordID: 574</p>
                <p>Year_Sort: 1324</p>
                <p>Year: 1324</p>
                <p>Month: 8</p>
                <p>Day: 17</p>
                <p>Circa: None</p>
                <p>DatingNotes: None</p>
                <p>Place: Mondoñedo</p>
                <p>Diocese: Mondoñedo</p>
                <p>Province: Santiago</p>
                <p>CountryModern: Spain</p>
                <p>Jurisdiction_ID: D620</p>
                <p>Jurisdiction_ID2: None</p>
                <p>Jurisdiction_ID3: None</p>
                <p>Latitude: 43.428056</p>
                <p>Longitude: -7.362778</p>
                <p>PlaceNotes: None</p>
                <p>Classification: Diocesan</p>
                <p>IssuingAuthority: Gonzalo II</p>
                <p>IssuingAuthorityAlt: None</p>
                <p>RegnalStart: None</p>
                <p>RegnalEnd: None</p>
                <p>Delegated: None</p>
                <p>ClassificationNotes: None</p>
                <p>Language: Old Spanish</p>
                <p>LanguageNotes: None</p>
                <p>TextNeeded: None</p>
                <p>NoKnownText: None</p>
                <p>Fragment: None</p>
                <p>Source: None</p>
                <p>SourceOther: None</p>
                <p>Edition: Synodicon Hispanum, 1, 16-18</p>
                <p>EditionOther: None</p>
                <p>SourceNotes: None</p>
                <p>TranscriptionNotes: Reviewed </p>
                <p>BaseText: ['Library Scan', 'Hard Copy Scan']</p>
                <p>OCR: Yes</p>
                <p>Transcription: None</p>
                <p>GeneralNotes: None</p>
                <p>BiblioRefs: None</p>
            </div>
            <div>
                <head>Text</head>
                <div>
                    <head>All Text</head>
                    <p>Carta de graça que o bispo Don Gonçalvo feso aos clerigos</p>
                    <p>Sabian qantos esta carta viren commo Don Gonçalvo, pola graça de Deus, bispo de Mendonedo, en senbra con Don Pedro Gonçalves dayan et todoo cabidoo desse miismo lugar, seendo ajuntados con la clerizia de nosso bispado enno synodo geeral dos clerigos que se agora faz en Vilamayor da See de Mendonedo, por esta festa de Santa Maria dAgosto da era desta carta, segundo que he acostumado et manda a constituiçon de se y fazer cada anno por la dita festa, et parando mentes a os grandes males et danpnos et periglos et afficamentos et mingoas que as ditas iglesias han reçebudo de la morte del Rey D.</p>
                    <p>Sancho et del Rey Don Fernando, a que Deus perdone, aaco por razon da terra, que he astragada por los malfeytores, con mingoa et deffalecemento de justiça; doendonos deles et da sua pobleza, de commo son agravados et endevedados et perderon os averes que suyan aver; por lles acorrermos a estas coytas et tribulaçoes et les fazermos aiuda et ben et merçee, damoslles et outorgamos que cada un dos clerigos que agora son vivos et benefiços teen et os gaanaren depoys en nosso bispado que depoys de sua morte haian ben et conplidamente, eles et seus herees, as rendas et os fruytos et dereytos deles, do dia que finaren ata un anno conplido, salvo que fique tanto das rendas et dos fruytos desses benefiçios porque as iglesias seian servidas das horas et os dereytos et padroadigos et rendas da See et dos padroes et as tallas et as outras cousas que y acaesçeren por lo benefiçio ou por la parte do clerigo que finar pagadas.</p>
                    <p>Et esto que se faça por los herees do clerigo finado, a mandamento do bispo ou do archidiago da terra, se conplir.</p>
                    <p>Et mandamos que esta graça non valla senon pera os clerigos que agora son vivos et benefiçiados, assy dos benefiçios que agora teen, commo dos benefiçios que gaanaren depoys, segundo sobredito he, en guysa que depoys da morte de cada un clerigo, fique o seu benefiçio livre et quito, depoys do anno conplido, pera outro clerigo a que o deren, sen deveda et sen carrega nehua.</p>
                    <p>Et nos, bispo sobredito, fazemos esta miisma graça qanto dos benefiçios parrochiaes ao dayan, perssoas, coengos et raçoeyros de nosa iglesia, porque ha y alguus que os han agora et os poden aver et gaanar depoys.</p>
                    <p>Et nos, a clerizia et clerigos sobreditos, veendo et entendendo a graça et ben et merçee que nos vos, o dito sennor obispo, con outorgamento do dayan et cabidoo de vossa iglesia, fazedes et en commo sommos theudos de servir aa iglesia de Mendonedo et a vos, acordamos nos, todos en un, de vos servirmos et vos darmos en aiuda viinte mili mr., desta moeda del Rey Don Fernando, pera pagardes a deveda que devedes aos mercadores na corte de Roma, en que lles a iglesia et vos sodes obligados, por liçençia et mandado de nosso sennor o Papa, pera o serviço que fezestes aa sua camara et ao collegio dos cardeaes, qando foy proveudo de vos aa dita iglesia de Mendonedo.</p>
                    <p>Et prometemos de vos pagar os ditos viinte mill mr., cada un a sua parte que lle couber de pagar, por los talleyros deles de la festa de San Martinno primeyra que ven ata dia de Natal, outrossy primeyro, que ven, sub as peas que sobre esto son postas por los vigarios da iglesia de Mendonedo, por razon que vos et a iglesia seiades mays çedo quitos da deveda sobredita.</p>
                    <p>Et nos, obispo, dayan et cabidoo sobreditos, veendo a boa entençon de vos, a clerizia et clerigos sobreditos, et que avedes zelo et amor da iglesia et de nos pera a aiudar a desendevedar, prometemos aa boa fe, assi commo a nos cae de prometer, de vos gardarmos et teermos esta graça sobredita, que vos fazemos, et de non irmos contra ela en nehun tempo por nos nen por outro, salvo aquel que non pagar aquelo que lle acaer de pagar, que non debe haver esta graça.</p>
                    <p>Et assy o notificamos a nossos successores que o garden et cunplan, porque son teudos de o gardar, et speçialmente por razon da aiuda sobredita que nos prometedes et fazedes pera a deveda sobredita da iglesia de Roma.</p>
                    <p>Et que esto seia çerto et non venna en dulta, nos, obispo, dayan et cabidoo sobreditos, mandamos ende fazer a vos, a clerizia et clerigos sobreditos, esta carta por Pedro Eannes, raçoeyro et notario publico da iglesia de Mendonedo, et que ponna en ela seu sinal, en testemoyo de verdade, et a registre enno livro do cabidoo.</p>
                    <p>Et por mays firmidue, fezemosla seelar de nosos seelos pendentes de çera et mandamos que o dito notario de esta con seu signo et con seelo de nos, obispo, aos clerigos do dayadigo et dos arcidiadengos et da chantria et da maestrescolia et das admiistraçoes do cabidoo que a quiseren tomar.</p>
                    <p>Et eu, Pedro Eannes, raçoeyro et notario sobredito, a todas las cousas presente foy et, por mandado do dito sennor obispo, dayan et cabidoo et clerisia sobreditos, en minna presença fige escrivir et registrar aqui, en este livro do cabidoo, et, en testemoyo de verdade, puge en ela meu sinal, que tal he.</p>
                    <p>Signo: Petrus Iohannis, notarius [1].</p>
                    <p>Os que presentes foron, o dito sennor obispo, Don Pedro Gonçalves dayan, Don Affonso Peres chantre, Don Roy Fernandes archidiago de Trasancos, Don Johan Deus archidiago de Asumara, Johan Yanes et Garcia Peres coengos et vigarios geeraes do bispado de Mendonedo.</p>
                    <p>Item Don Pay Yanes maestrescola, Don Fernan Peres abbade do moesteyro de Vilanova de Lourençaa, Don Johan Fernandes prior do moesteyro de Pedroso, et os coengos et raçoeyros [2] et clerigos do choro da iglesia de Mendonedo et a clerisia sobredita.</p>
                    <p>Feyta en Vilamayor, esta feyra des et sete dias do mes de Agosto, era de mili et ccc. et sesenta et dous annos.</p>
                </div>
                <div>
                    <head>Footnotes</head>
                    <p>[1]: &quot;Signo...notarius&quot; in parentheses in text</p>
                    <p>[2]: &quot;racoeyros&quot; in text</p>
                </div>
            </div>
        </body>
    </text>
</root>
