<?xml version="1.0" ?>
<root>
    <teiHeader>
        <fileDesc>
            <titleStmt>
                <title>Mondonedo</title>
                <recordID>0576</recordID>
                <transcription/>
                <respStmt>
                    <resp/>
                    <name/>
                    <note>
                        <date/>
                        <problems/>
                    </note>
                </respStmt>
            </titleStmt>
            <sourceDesc>
                <baseText/>
                <textNeeded/>
                <noKnownText/>
                <fragment/>
                <ocrNote/>
                <msDesc/>
                <bibl/>
                <sourceNote/>
            </sourceDesc>
        </fileDesc>
        <profileDesc>
            <langUsage>Old Spanish</langUsage>
            <languageNote/>
            <langUsage/>
            <creation>
                <year>1379</year>
                <origDate>1379-08-18</origDate>
                <dateNotes/>
                <origPlace>Mondoñedo</origPlace>
                <diocese>Mondoñedo</diocese>
                <province>Santiago</province>
                <country>Spain</country>
                <geo/>
                <placeNotes/>
                <orgName/>
                <persName/>
                <altName/>
                <regnalYears/>
                <delegated/>
                <classNotes/>
            </creation>
            <textDesc>
                <domain>Diocesan</domain>
            </textDesc>
            <genNotes/>
        </profileDesc>
    </teiHeader>
    <text>
        <body>
            <div>
                <head>Metadata</head>
                <p>RecordID: 576</p>
                <p>Year_Sort: 1379</p>
                <p>Year: 1379</p>
                <p>Month: 8</p>
                <p>Day: 18</p>
                <p>Circa: None</p>
                <p>DatingNotes: None</p>
                <p>Place: Mondoñedo</p>
                <p>Diocese: Mondoñedo</p>
                <p>Province: Santiago</p>
                <p>CountryModern: Spain</p>
                <p>Jurisdiction_ID: D620</p>
                <p>Jurisdiction_ID2: None</p>
                <p>Jurisdiction_ID3: None</p>
                <p>Latitude: 43.428056</p>
                <p>Longitude: -7.362778</p>
                <p>PlaceNotes: None</p>
                <p>Classification: Diocesan</p>
                <p>IssuingAuthority: Francisco</p>
                <p>IssuingAuthorityAlt: None</p>
                <p>RegnalStart: None</p>
                <p>RegnalEnd: None</p>
                <p>Delegated: None</p>
                <p>ClassificationNotes: None</p>
                <p>Language: Old Spanish</p>
                <p>LanguageNotes: None</p>
                <p>TextNeeded: None</p>
                <p>NoKnownText: None</p>
                <p>Fragment: None</p>
                <p>Source: None</p>
                <p>SourceOther: None</p>
                <p>Edition: Synodicon Hispanum, 1, 20-21</p>
                <p>EditionOther: None</p>
                <p>SourceNotes: None</p>
                <p>TranscriptionNotes: Reviewed </p>
                <p>BaseText: ['Library Scan', 'Hard Copy Scan']</p>
                <p>OCR: Yes</p>
                <p>Transcription: None</p>
                <p>GeneralNotes: None</p>
                <p>BiblioRefs: None</p>
            </div>
            <div>
                <head>Text</head>
                <div>
                    <head>All Text</head>
                    <p>Constituiçon das horas de Santa Maria et officio ao sabbado</p>
                    <p>Enno nomme de Deus.</p>
                    <p>Amen.</p>
                    <p>Era de mill quatroçentos et des et sete annos, des et oyto dias do mes de Agosto, en presença de min, notario, et testemoyas subscriptas, pera ello chamadas et specialmente rogadas, seendo en cabidoo enna iglesia de Mendonedo, enno lugar capitular do dito cabidoo, et fasendo cabidoo, seendo chamados por campaa tanjuda segundo que he de uso et de custume, Don Francisco, por la merçee de Deus, bispo de Mendonedo, Don Pedro Aras deyan, Don Diego Fernandes arcidiago dAsumara, Don Diego Reymondo maestrescolla, Domingo Affonso et Pedro Gomes et Affonso Eanes et Affonso Fernandes et Lope Peres, Johan Affonso et todos los outros coengos da dita iglesia de Mendonedo, que presentes eran et capitolo çelebrantes, todos en concordia, por devoçion que avian enna Virgee Santa Maria, Madre de Jesucristo, estabelesçeron et feseron estatuto et constituyçon, valedeira pera sempre, que cada sabado resasen et disesem todo ofiçio das horas de Santa Maria, cantada et con missa cantada, segundo que se sol diser ennos sabados, salvo en algun sabado beer ou contesçer festa dAgosto et salvo ennos sabados da Coraesma.</p>
                    <p>Et se algua festa de santo, que non seean dobres, contesçer en algun sabado, que a muden pera outro dia.</p>
                    <p>Et esta constituyçon et estatuto estabelesçeron et mandaron que se gardasse en todo bispado de Mendonedo.</p>
                    <p>Et foy feyta et outorgada tam ben de todos los clerigos et rectores et prellados do dito bispado de Mendonedo, que enton presentes eran enno Signodo geeral que enton foy feyto et celebrado por lo dito bispo et perssoas et coengos da dita iglesia de Mendonedo.</p>
                    <p>Et desto, en commo se pasou, o dito bispo, deam, perssoas et coengos da dita iglesia de Mendonedo, madaron a min, notario subscripto, faser este publico estromento et escrito en este livro do cabidoo.</p>
                    <p>Testemoyas: os sobreditos capitolantes et Affonso Lopo et Pedro Deus et Estevoo Peres, Johan Eanes, clerigos et raçoeyros da dita iglesia de Mendonedo.</p>
                    <p>Et eu, Affonso Deus, coengo et notario da iglesia de Mendonedo, a esto que dito he, con las ditas testemoyas, foy presente et esta constituyçon, por outro en minna presença, fige scrivir et en ela puge meu nomme en signal, que tal he, por mandado do dito sennor obispo et perssoas et coengos sobreditos[1].</p>
                </div>
                <div>
                    <head>Footnotes</head>
                    <p>[1] Present in text following &quot;sobreditos&quot;: &quot;(Signo, en el que se lee: Afonso Deus, canonicus)&quot;</p>
                </div>
            </div>
        </body>
    </text>
</root>
