<?xml version="1.0" ?>
<root>
    <teiHeader>
        <fileDesc>
            <titleStmt>
                <title>Braga</title>
                <recordID>0599</recordID>
                <transcription/>
                <respStmt>
                    <resp/>
                    <name/>
                    <note>
                        <date/>
                        <problems/>
                    </note>
                </respStmt>
            </titleStmt>
            <sourceDesc>
                <baseText/>
                <textNeeded/>
                <noKnownText/>
                <fragment/>
                <ocrNote/>
                <msDesc/>
                <bibl/>
                <sourceNote/>
            </sourceDesc>
        </fileDesc>
        <profileDesc>
            <langUsage>Latin</langUsage>
            <languageNote/>
            <langUsage/>
            <creation>
                <year>1374</year>
                <origDate>1374-10-11</origDate>
                <dateNotes/>
                <origPlace>Braga</origPlace>
                <diocese>Braga</diocese>
                <province>Braga</province>
                <country>Portugal</country>
                <geo/>
                <placeNotes/>
                <orgName/>
                <persName/>
                <altName/>
                <regnalYears/>
                <delegated/>
                <classNotes/>
            </creation>
            <textDesc>
                <domain>Diocesan</domain>
            </textDesc>
            <genNotes/>
        </profileDesc>
    </teiHeader>
    <text>
        <body>
            <div>
                <head>Metadata</head>
                <p>RecordID: 599</p>
                <p>Year_Sort: 1374</p>
                <p>Year: 1374</p>
                <p>Month: 10</p>
                <p>Day: 11</p>
                <p>Circa: None</p>
                <p>DatingNotes: None</p>
                <p>Place: Braga</p>
                <p>Diocese: Braga</p>
                <p>Province: Braga</p>
                <p>CountryModern: Portugal</p>
                <p>Jurisdiction_ID: D617</p>
                <p>Jurisdiction_ID2: None</p>
                <p>Jurisdiction_ID3: None</p>
                <p>Latitude: 41.544167</p>
                <p>Longitude: -8.421944</p>
                <p>PlaceNotes: None</p>
                <p>Classification: Diocesan</p>
                <p>IssuingAuthority: Lourenço Vicente</p>
                <p>IssuingAuthorityAlt: None</p>
                <p>RegnalStart: None</p>
                <p>RegnalEnd: None</p>
                <p>Delegated: None</p>
                <p>ClassificationNotes: None</p>
                <p>Language: Latin</p>
                <p>LanguageNotes: None</p>
                <p>TextNeeded: None</p>
                <p>NoKnownText: None</p>
                <p>Fragment: None</p>
                <p>Source: None</p>
                <p>SourceOther: None</p>
                <p>Edition: Synodicon Hispanum, 2, 54-57</p>
                <p>EditionOther: None</p>
                <p>SourceNotes: None</p>
                <p>TranscriptionNotes: Reviewed </p>
                <p>BaseText: ['Library Scan', 'Hard Copy Scan']</p>
                <p>OCR: Yes</p>
                <p>Transcription: None</p>
                <p>GeneralNotes: None</p>
                <p>BiblioRefs: None</p>
            </div>
            <div>
                <head>Text</head>
                <div>
                    <head>Capitulum 1</head>
                    <p>(1) Statuimus ut omnes et singuli abbates, priores, rectores parrochiallium ecclesiarum juxta statutum concilii generallis in ipsis personaliter resideant et deseruiant in oficiis que dicte ecclesie exigunt et requirunt nisi nostram super hoc licenciam habuerint specialem.</p>
                    <p>Quod si facere neglexerint usque ad festum Natiuitatis dominice proximo uenturum predictos omnes prelibatis ecclesiis in quibus noluerint residere a prefatto festo in antea priuamus presenti constitutione ac priuatos esse denuntiamus nisi predicte ecclesie prebende uel dignitati fuerint anexe.</p>
                    <p>Et tunc in talibus ecclesiis statui debent perpetui uicarii secundum statuta concilii generallis et nostre Bracharensis ecclesie nisi in eis sint beneficiati huiusmodi seruiciis deputati uel a domino nostro de non residendo licentiam habeant specialem.</p>
                </div>
                <div>
                    <head>Capitulum 2</head>
                    <p>(2) Statuimus etiam et mandamus omnibus abbatibus et rectoribus et eorum singullis, in uirtute obedientie et sub pena excommunicationis, quod in quolibet anno in festo Natiuitatis Domini et in festis Circuncisionis et Apparicionis eiusdem et in die Cineris et in dominica Passionis et Ramis Palmarum et in die Pasce et Acenssionis Domini et Santi Spiritus et Santi Johannis Babtiste et in festiuitatibus omnium appostollorum et in omnibus festiuitatibus virginis Marie et in festiuitatibus Omnium Santorum necnon in festiuitatibus illorum santorum quorum nominibus ecclesie intitulantur seu nuncupantur et in omnibus festis precipuis, quilibet ipsorum rectorum in dictis suis ecclesiis missas cellebrent.</p>
                    <p>Quod si hoc facere recusauerint, nisi eos infirmitas uel inpotencia excuset, ipsos et ipsorum quemlibet ab ipsarum ecclesiarum perceptione fructuum usque ad annum suspendi uolumus ipso facto, interdicentes omnibus abbatibus, parrochianis et pheudotariis et uassallis ne eisdem rectoribus de iuribus suarum ecclesiarum interim respondeant dum fuerint sic suspensi et ipsi durante suspenssione a predictis aliquid recipere non attemptent.</p>
                    <p>Quod si contra fecerint excommunicationis sententiam incurrant ipso facto.</p>
                </div>
                <div>
                    <head>Footnotes</head>
                </div>
            </div>
        </body>
    </text>
</root>
