<?xml version="1.0" ?>
<root>
    <teiHeader>
        <fileDesc>
            <titleStmt>
                <title>Lisbon</title>
                <recordID>0603</recordID>
                <transcription/>
                <respStmt>
                    <resp/>
                    <name/>
                    <note>
                        <date/>
                        <problems/>
                    </note>
                </respStmt>
            </titleStmt>
            <sourceDesc>
                <baseText/>
                <textNeeded/>
                <noKnownText/>
                <fragment/>
                <ocrNote/>
                <msDesc/>
                <bibl/>
                <sourceNote/>
            </sourceDesc>
        </fileDesc>
        <profileDesc>
            <langUsage>Latin</langUsage>
            <languageNote/>
            <langUsage/>
            <creation>
                <year>1240</year>
                <origDate precision="circa">1240 (ca.)</origDate>
                <dateNotes/>
                <origPlace>Lisbon</origPlace>
                <diocese>Lisbon</diocese>
                <province>Braga</province>
                <country>Portugal</country>
                <geo/>
                <placeNotes/>
                <orgName/>
                <persName/>
                <altName/>
                <regnalYears/>
                <delegated/>
                <classNotes/>
            </creation>
            <textDesc>
                <domain>Diocesan</domain>
            </textDesc>
            <genNotes/>
        </profileDesc>
    </teiHeader>
    <text>
        <body>
            <div>
                <head>Metadata</head>
                <p>RecordID: 603</p>
                <p>Year_Sort: 1240</p>
                <p>Year: 1240 (ca.)</p>
                <p>Month: None</p>
                <p>Day: None</p>
                <p>Circa: Yes</p>
                <p>DatingNotes: None</p>
                <p>Place: Lisbon</p>
                <p>Diocese: Lisbon</p>
                <p>Province: Braga</p>
                <p>CountryModern: Portugal</p>
                <p>Jurisdiction_ID: D638</p>
                <p>Jurisdiction_ID2: None</p>
                <p>Jurisdiction_ID3: None</p>
                <p>Latitude: 38.713811</p>
                <p>Longitude: -9.139386</p>
                <p>PlaceNotes: None</p>
                <p>Classification: Diocesan</p>
                <p>IssuingAuthority: None</p>
                <p>IssuingAuthorityAlt: None</p>
                <p>RegnalStart: None</p>
                <p>RegnalEnd: None</p>
                <p>Delegated: None</p>
                <p>ClassificationNotes: None</p>
                <p>Language: Latin</p>
                <p>LanguageNotes: None</p>
                <p>TextNeeded: None</p>
                <p>NoKnownText: None</p>
                <p>Fragment: None</p>
                <p>Source: None</p>
                <p>SourceOther: None</p>
                <p>Edition: Synodicon Hispanum, 2, 285-297</p>
                <p>EditionOther: None</p>
                <p>SourceNotes: None</p>
                <p>TranscriptionNotes: Reviewed </p>
                <p>BaseText: ['Library Scan', 'Hard Copy Scan']</p>
                <p>OCR: Yes</p>
                <p>Transcription: None</p>
                <p>GeneralNotes: None</p>
                <p>BiblioRefs: None</p>
            </div>
            <div>
                <head>Text</head>
                <div>
                    <head>Incipit</head>
                    <p>In nomine sancte et indiuidue Trinitatis.</p>
                    <p>Incipiunt constitutiones ad faciendum diuinum officium sancte Ecclesie.</p>
                    <p>Districte precipitur sacerdotibus ut ieiuni intrent synodum.</p>
                    <p>In ieiunium enim debet fieri et oratione.</p>
                    <p>Districte item precipitur ut prelati induti casulis albis et stolis intrent synodum.</p>
                    <p>Prohibetur presbiteris ne causas adducant ad synodum aut aliqua negocia que non pertineant ad synodum, et ne sibi tunc minuant sanguinem [1] prohibetur cum debent interesse synodo.</p>
                    <p>Precipitur districtius ut omnes presbiteri, maxime curam animarum habentes, ueniant ad synodum et si graui infirmitate detenti aut alia neccessitate ineuitabili uenire non poterint suum capellanum mittant aut clericum loco sui.</p>
                    <p>Precipitur ut in eundo vel redeundo a synodo honeste ambulent presbiteri, et honesta querant hospitia ut in eis circunspecte se habeant, ne status clericorum uertatur in contemptum et obprobrium populo.</p>
                </div>
                <div>
                    <head>Capitulum 1</head>
                    <p>(1) De reuerentia exhibenda singulis sacramentis Precipitur in virtute Dei et domini nostri Ihesu Christi et sancte obedientie ut honor maximus et reuerentia debita singulis sacramentis sancte Ecclesie precipue a sacerdotibus et clericis exhibeatur, et ut laici similiter exhibeant frequenter sacerdotes moneant eos et exhortentur.</p>
                </div>
                <div>
                    <head>Capitulum 2</head>
                    <p>(2) Incipiunt capitula circa baptismum Baptismus cum reuerentia et honore celebretur et cum magna cautela, maxime in distinctione uerborum et prolatione in quibus tota uirtus consistit sacramenti et salus puerorum, scilicet, N.</p>
                    <p>ego baptizo te in nomine Patris et Filii et Spiritus Sancti [2].</p>
                    <p>Et in romano id est, in ydiomate, sub hac eadem forma doceant frequenter sacerdotes laicos baptizare debere pueros, in neccessitate etiam mulieres, patrem etiam et matrem pueri in summa neccessitate.</p>
                    <p>Item, mandamus quod presbiter faciat sic puerum baptizatum duci ad ecclesiam et ipsum cathezizet et ipsum crismate et sancto oleo inungat et alias solemnitates in eo suppleat iusta statuta sanctorum patrum.</p>
                    <p>Pro baptismo nichil omnino exigatur, sed si quid gratis offertur gratis accipiatur.</p>
                    <p>Fontes sub sera clausi custodiantur propter sortilegia.</p>
                    <p>Crisma similiter et sacrum oleum sub claue seruentur.</p>
                    <p>Et insuper sacerdos interroget diligenter laicum cum in neccessitate baptizauerit puerum, quid dixerit et quid et qualiter fecerit.</p>
                    <p>Et si inuenerit quidem laicum discrete et modo debito baptizasse et formam uerborum inuenerit in romano, id est in sua lingua, integre protulisse, approbet factum, sin autem iterum baptizet puerum sub his verbis: Si tu baptizatus es, ego non te rebaptizo, sed si tu baptizatus non es, ego baptizo te in nomine Patris et Filii et Spiritus Sancti.</p>
                    <p>Amen [3].</p>
                    <p>Ad eleuandum puerum de fonte tres non plures recipiantur patrini.</p>
                    <p>Quod enim amplius est a malo est.</p>
                    <p>Et hoc prohibetur pro remouenda futura impedimenta matrimonii contrahendi inter liberos patrinorum.</p>
                </div>
                <div>
                    <head>Capitulum 3</head>
                    <p>(3) De confirmatione Sacerdotes frenquenter moneant populum ad confirmationem puerorum.</p>
                    <p>Post baptismum enim debet suscipi sacramentum confirmationis.</p>
                    <p>Quod si confirmandus adultus fuerit confiteatur prius et postea confirmetur.</p>
                    <p>Nullus sacerdos confirmare aut consecrare uirgines presumat; solius enim episcopi est confirmare, uirgines consecrare, ecclesias dedicare, ordines dare et altaria erigere.</p>
                </div>
                <div>
                    <head>Capitulum 4</head>
                    <p>(4) Incipiunt capitula de sacramento altaris Summa reuerentia et honor maximus sacris altaribus exhibeatur et maxime ubi sacrosanctum Corpus Domini reseruatur et missa celebratur.</p>
                    <p>Linteamina altaris et etiam indumenta sepe abluantur ad reuerentiam et presentiam nostri Saluatoris et totius curie celestis que cum eo presens adest quotiens missa celebratur; et fiant de panno competenti.</p>
                    <p>Calices unde infirmi comunicantur decorentur et mundi custodiantur ut deuotius comunicent infirmi per eos, et similiter ampulle erismatis et olei sancti fiant de stagno uel de alio metallo competenti.</p>
                    <p>Ampulle uini et aque in ministerio altaris munde et integre habeantur.</p>
                    <p>Non permittant presbiteri diaconos defferre infirmis sanctum Corpus Domini, nisi in neccessitate cum sacerdos absens fuerit, sed semper sacerdotes cum magna reuerentia defferant illud et maturitate in pixide eburnea bene clausa propter casum et cum lucerna precedente et cruce, cantantes septem psalmos penitentiales cum letania pro infirmo in eundo et redeundo, et si uia longa fuerit addant quindecim psalmos et alias orationes, sic enim debitum persoluunt infirmis et audientes inuitent ad exhibendam Deo reuerentiam et honorem et orationem.</p>
                </div>
                <div>
                    <head>Capitulum 5</head>
                    <p>(5) De Corpore Christi Frequenter presbiteri moneant ut laici ubicumque uiderint defferri Corpus Domini statim genua flectant tanquam Domino et creatori suo et iunctis manibus quousque transierit orent.</p>
                    <p>In pulcriori parte altaris cum summa diligentia et honestate sub claue, si fieri potest, sanctum Domini Corpus custodiatur.</p>
                    <p>Nulli clerico permittatur seruire altari nisi in superpellicio aut capa clausa, nisi propter neccessitatem in ruralibus ecclesiis.</p>
                    <p>Item nullus nudis pedibus et tibiis presbitero ministret nisi in neccessitate.</p>
                </div>
                <div>
                    <head>Capitulum 6</head>
                    <p>(6) De celebratione Misse Nullus in die missam bis audeat celebrare aut cum duplici introitu, nisi in magna neccessitate.</p>
                    <p>Nullus antequam Matutinas dixerit canonicas et Primam presumat, nisi in aliqua neccessitate instante, celebrare missam.</p>
                    <p>Ad Horas beate Marie Virginis semper dicatur tercius uersus, scilicet ÔMaria mater gratieÕ.</p>
                    <p>Et cantetur in ecclesia cum tota deuotione non insurgendo et calciando.</p>
                </div>
                <div>
                    <head>Capitulum 7</head>
                    <p>(7) Incipiunt capitula circa confessionem Sacerdotes circa confessionem maximam curam adhibeant et cautelam, scilicet ut diligenter inquirant peccata usitata singillatim, inusitata autem nonnisi a longe per aliquam circunstantiam, sic tamen ut delinquentibus idem expertis detur materia confitendi.</p>
                    <p>Ad audiendum confessionem comuniorem locum in ecclesia sibi eligant sacerdotes ut comuniter ab omnibus uideri possint, et in locis absconditis aut extra ecclesiam nullus recipiat confessiones nisi in magna neccessitate vel infirmitate.</p>
                    <p>In confessione habeat sacerdos uultum humilem et oculos inclinatos ad terram, ne faciem respiciat confitentis, maxime mulieris, causa debite honestatis, et compatienter audiat que dixerit in spiritu lenitatis et si pro posse suo pluribus modis persuadeat ut confiteatur integre, aliter enim dicat N.</p>
                    <p>[3] ei nichil ualere confessionem ad salutem eternam.</p>
                    <p>Sacerdotes maiora peccata reseruent maioribus, uidelicet episcopis uel eorum uicariis, in confessione, sicut homicidia, sacrilegia, peccata contra naturam que committuntur in animalibus brutis cum eis coeundo, incestus et stupra uirginum, iniectiones manuum in parentes uel quoscumque religiosos, incendia, simonia, enormiter uota fracta, et huiusmodi, nichilominus tales remittendi sunt ad episcopum.</p>
                    <p>Item, in peccatis publicis et notoriis non potest iniungi penitentia nisi solum per episcopum uel eius uicarium.</p>
                    <p>In dubiis semper confessor consulat episcopum aut sapientes uiros quorum consilio certificatus soluat securius aut liget.</p>
                    <p>Audita confessione, semper confessor interroget confitentem si uelit abstinere ab omni mortali peccato, aliter eum non absoluat nec iniungat ei penitentiam ne inde confidat, sed moneat ipsum ut interim agat quicquid boni poterit ut Deus cor illius illustret ad penitentiam.</p>
                    <p>In iniungendis paruis penitentiis sibi caueant sacerdotes.</p>
                    <p>Secundum enim quantitatem culpe et possibilitatem confitentis debet esse quantitas penitentie, alioquin quod minus est requiretur ab eis, id est, a sacerdotibus.</p>
                    <p>In furto, usura, rapina, fraude, ualde sibi caueant sacerdotes ne alias iniungant penitentias, scilicet missarum helemosinarum et huiusmodi, priusquam reddiderint ablata.</p>
                    <p>Non enim dimittitur tale peccatum nisi restituatur ablatum.</p>
                    <p>Nullus sacerdos missas quas iniunxerit celebret nec tricennarium nec annuale, et pro uiuis nullum fiet tricennarium vel annuale.</p>
                    <p>Frequenter presbiteri moneant populum ad confessionem et precipue ab inicio Quadragesime instanter precipiant uenire generaliter ad confessionem.</p>
                    <p>Et precipimus obseruari constitutionem generalem que dicit ut si per annum ad minus semel aliquis non fuerit confessus proprio sacerdoti non tradatur ecclesiastice sepulture.</p>
                    <p>In confessione caueant sibi confessores ne inquirant nomina personarum cum quibus peccauerunt confitentes sed circunstantias tantum et qualitates.</p>
                    <p>Nullus ira uel odio uel etiam metu mortis audeat reuelare in aliquo confessionem signo uel uerbo generaliter uel specialiter, ut dicendo:ÔEgo scio quales estisÕ; et si reuelauerit absque misericordia debet degradari.</p>
                </div>
                <div>
                    <head>Capitulum 8</head>
                    <p>(8) De ieiunio Omnes sacerdotes precipiant instituta ieiunia seruari, ut ieiunium Quadragesime, iiii.</p>
                    <p>temporum, uigiliarum apostolorum et beate Virginis, et letaniarum, et beati Vincentii, in cibo quadragesimali, et sexte ferie, absque omni peccato.</p>
                    <p>Ex debito enim tenemur facere talia ieiunia.</p>
                </div>
                <div>
                    <head>Capitulum 9</head>
                    <p>(9) Incipiunt capitula circa matrimonium Matrimonium cum honore et reuerentia celebratur et in facie Ecclesie, non cum risu et iocose ne contempnatur, et antequam fiat semper in tribus dominicis aut tribus festiuis diebus a se distantibus quasi tribus edictis perquirat sacerdos a populo sub pena excomunicationis de legitimitate sponsi et sponse qui debeant coniungi et fide data de contrahendo.</p>
                    <p>Ante hec tria edicta nullus audeat aliquo modo matrimonium celebrare.</p>
                    <p>Prohibeant frequenter laicis presbiteri ne dent sibi fidem mutuo de contrahendo matrimonio nisi coram sacerdote et in loco celebri, scilicet, ante ianuas ecclesie et coram pluribus.</p>
                    <p>Semper in nuptiis prohibeantur per excomunicationem sortilegia fieri, malefici quoque et celantes consanguinitatem et alia impedimenta matrimonii, utpote uotum, ordinem, consanguinitatem, affinitatem, disparem cultum, compaternitatem, que tantum quatuor a matrimonio excludit personas, compatrem, commatrem, filiolum et fratrem uel sororem spiritualem, scilicet filium uel filiam patrini, hii excomunicentur.</p>
                    <p>Idem obseruetur in aliis personis prohibitis a contrahendo matrimonio.</p>
                    <p>Nullus sacerdos in casu dubio audeat perficere matrimonium inconsulto episcopo, sed ad eum semper referat omnes matrimonii dubietates.</p>
                    <p>Prohibetur districte, sub pena suspensionis, ne ullus sacerdos aut capellanus exigat aliquid ante benedictionem nuptialem sive pro testimonio ferendo siue pro celebrando matrimonio, siue pro loco sepulture alicui assignando.</p>
                    <p>Prohibeant sacerdotes in ecclesia publice sub pena excomunicationis ne alter coniugum transeat ad religionem aut recipiatur nisi per episcopum.</p>
                </div>
                <div>
                    <head>Capitulum 10</head>
                    <p>(10) De infirmorum unctione Cum reuerentia deferatur oleum sanctum ad infirmos et eos ungant sacerdotes cum magno honore et oratione, celebrantes.</p>
                    <p>Ea [4] que ad hoc ordinata sunt, et nichil inde penitus exigatur siue a paupere siue a diuite, sed si quid datum fuerit gratis accipiatur.</p>
                    <p>Ad sacramentum extreme unctionis moneant sepe populum sacerdotes non tantum diuites et senes sed pauperes et iuuenes omnes se paratos exihibeant cum neccesse fuerit.</p>
                    <p>Doceant frequenter sacerdotes populum hoc sacramentum posse licite iterari et sepe recipi, scilicet, in qualibet infirmitate magna unde metus est mortis, et post susceptum licite reuerti ad opus coniugale, alias cum eo eum qui conualuerit ab infirmitate.</p>
                    <p>Librum qui dicitur Manualis habeat quelibet ecclesia ubi continetur ordo seruicii extreme unctionis, cathecismi, baptismi et huiusmodi.</p>
                </div>
                <div>
                    <head>Capitulum 11</head>
                    <p>(11) De officio ecclesie Habeant etiam singula ecclesie canones penitentiales.</p>
                    <p>Et debent habere officium ecclesie ordinatum secundum usum et modum maioris ecclesie, id est, qui obseruatur in maiori ecclesia.</p>
                </div>
                <div>
                    <head>Capitulum 12</head>
                    <p>(12) De testamentis Prohibetur sacerdotibus ne testamenta sua ordinent per manum laicalem et ipsi frequenter prohibeant laicis ne sua testamenta faciant sine presentia proprii sacerdotis, quod si forte factum fuerit sine presentia proprii sacerdotis, decedens habeatur pro intestato quantum ad legatum ecclesie et prelatus ecclesie possit licite exigere terciam tercie bonorum illius qui sic decessit intestatus.</p>
                </div>
                <div>
                    <head>Capitulum 13</head>
                    <p>(13) De possessionibus ecclesiarum Precipitur prioribus et clericis ut omnes reddictus et possessiones ecclesie scribant in missalibus suis.</p>
                    <p>Et prohibetur penitus ne alienent ab ecclesia de hiis que sunt ecclesie nisi per consilium et consensum episcopi.</p>
                    <p>Similiter prohibetur ne aliqua de predictis consanguineis laicis uel aliis in prestimonium dent, et eis in uirtute obedientie districte precipimus ut si que sunt illicite alienata uel in prestimonium data ab eis uel a predecessoribus suis infra annum pro uiribus studeat reuocare.</p>
                </div>
                <div>
                    <head>Capitulum 14</head>
                    <p>(14) De Oratione dominica Exhortentur sepe populum presbiteri ad adiscendam dominicam Orationem et Credo in Deum et salutationem beate uirginis Marie et confessionem.</p>
                </div>
                <div>
                    <head>Capitulum 15</head>
                    <p>(15) De noto Moneant sepe populum, et maxime mulieres, ne faciant uota sua nisi cum magna deliberatione et assensu uirorum et consilio sacerdotum.</p>
                </div>
                <div>
                    <head>Capitulum 16</head>
                    <p>(16) De ludis [5] Prohibetur sacerdotibus penitus uniuersis ludere cum deciis et interesse spectaculis uel coreis assistere, tabernas intrare causa potandi, et sine amictu et comite clerico uel laico intrare domos alienas, aut discurrere per uicos et plateas, et ne habeant capas manicatas et uestes inordinatas omnino prohibetur.</p>
                </div>
                <div>
                    <head>Capitulum 17</head>
                    <p>(17) De fideiussoribus Nullus clericus fideiubeat iudeo uel feneratori, nec obliget pro pignore aliquo modo ornamenta ecclesie vel libros iudeo uel alii.</p>
                </div>
                <div>
                    <head>Capitulum 18</head>
                    <p>(18) De iureiurando Nullus clericus faciat iusiurandum uel pactionem siue conuentionem aliquam patronis antequam fuerit episcopo presentatus et ab eo institutus.</p>
                </div>
                <div>
                    <head>Capitulum 19</head>
                    <p>(19) De prole Prohibetur sacerdotibus ne habeant secum prolem quam in sacro ordine genuerint et hoc maxime propter scandalum laicorum.</p>
                    <p>Et ne in domibus suis habeant aleas uel decios omnino prohibetur.</p>
                </div>
                <div>
                    <head>Capitulum 20</head>
                    <p>(20) De legatis Precipitur presbiteris quod immobilia de bonis ecclesie adquisita ecclesiis suis tantummodo legent, de iure enim aliud facere non possunt; de mobilibus uero rationabile faciant legatum.</p>
                    <p>Intelligimus autem rationabile si in medietate bonorum mobilium non excesserint in legando.</p>
                </div>
                <div>
                    <head>Capitulum 21</head>
                    <p>(21) De honestate Prohibetur etiam prelatis ne habeant capellanos habentes capas manicatas, sicut nec ipse persone ecclesiarum debent habere.</p>
                </div>
                <div>
                    <head>Capitulum 22</head>
                    <p>(22) De clandestino matrimonio Item, precipimus omnibus presbiteris sub pena excomunicationis ne aliquos clandestino matrimonio coniungant uel benedicant, et excomunicentur illi qui clandestino faciunt coniungi se uel benedici et omnes illi qui interesse presumunt.</p>
                    <p>Item, precipitur presbiteris ut cum aliquis confitetur eis se fidem dedisse alicui mulieri de matrimonio contrahendo cum ea, et post fidem datam cognouit eam, non dent ei licentiam contrahendi cum alia quoniam sequens carnalis copula cum illa cui fidem dedit matrimonium confirmauit.</p>
                </div>
                <div>
                    <head>Capitulum 23</head>
                    <p>(23) Vt ecclesia beati Vincentii semel in anno peregre uisitetur Item, moneant presbiteri parrochianos suos tam in confessionibus suis quam in predicationibus siue ... ut saltem semel in anno peregre uisitent ecclesiam Vlixbonensem in honorem gloriosissimi martiris beati Vincentii.</p>
                </div>
                <div>
                    <head>Capitulum 24</head>
                    <p>(24) Pro domino rege Item, precipitur ut omnes presbiteri pro domino rege faciant generalem memoriam et quando potuerint specialem, et pro bono statu regni et uniuersalis Ecclesie et Vlixbonensis.</p>
                </div>
                <div>
                    <head>Capitulum 25</head>
                    <p>(25) De Eucaristiei Item, precipitur quod sacerdotes semper die octauo renouent sanctam Eucaristiam ne sui uetustate aliqui moueri ualeant ad horrorem.</p>
                </div>
                <div>
                    <head>Capitulum 26</head>
                    <p>(26) De negligentia misse Si per negligentiam euenerit ut perlecto canone et peracta consecratione nec uinum nec aqua reperiatur in calice, debet statim infundi utrumque et sacerdos reiterabit consecrationem ab illo loco canonis ÔSimili modo postquam cenatum estÕ usque ad finem.</p>
                    <p>Quod si de simplici uino uel de aqua sine uino fiat consecratio, uinum reputatur pro Sacramento sed aqua non reputatur et ideo ista negligencia de aqua maiori est penitentia emendanda, sed si quandoque hoc acciderit perinde ac si nichil fuisset appositum et procedatur ut supra dictum est.</p>
                    <p>Si quid de Sanguine Domini ceciderit super corporale rescindendum est ipsum corporale et in loco reliquiarum seruandum conbustum.</p>
                    <p>Si palla altaris intincta fuerit rescindenda est et simili modo seruanda et si casulam uel albam similiter fiat.</p>
                    <p>Si super quolibet uestimento, comburenda est pars illa et in sacrario cinis est reponendus.</p>
                    <p>Si uero in terram ceciderit, lingendus et extergendus et radendus est locus ille, siue lapis siue lignum siue terra, et puluis in supra reponendus est.</p>
                    <p>Porro si in ipsum Sanguinem musca uel aranea uel aliquid tale ceciderit, quia uix sine uomitu et periculo corporis aliquando sumi potest, in igne cremandus est et Sanguis Domini debet sumi.</p>
                    <p>Illud tamen quod intus ceciderit debet prius in calice uino perfundi et quanto citius et diligentius fieri potest ablui et super piscinam postea comburi, et illam ablutionem sacerdos sumat.</p>
                    <p>Si de Corpore Domini super quolibet indumentum ceciderit non incidetur sed uino abluitur et a ministro sumitur ipsum uinum.</p>
                    <p>Si infirmo datum reiciatur, prout diligentius poterit suscipiat, si dig et separari potest alio uomitu et contritum in calice uino sumatur, si integrum sumi non potest pro eo quod ore alterius proiectum est.</p>
                    <p>Si autem super lignum uel lapidem ceciderit modus supradictus de sanguine Domini obseruetur.</p>
                </div>
                <div>
                    <head>Capitulum 27</head>
                    <p>(27) De beneficiis.</p>
                    <p>Constitutiones domini Suerii [6] secundi episcopi Vlixbonensis Item, quod statutum fuit a domino Suerio [7] Vlixbonensi episcopo bone memorie, predecessore nostro, de beneficiis assignandis et a nobis postmodum confirmatum, iterum innouamus, uidelicet ut nullum beneficium habeatur pro canonice dato nisi per episcopum uel capitulum in parte sua fuerit assignatum, addentes ut in qualibet ecclesia certus et determinatus secundum possibilitatem ecclesie constituatur numerus clericorum.</p>
                </div>
                <div>
                    <head>Capitulum 28</head>
                    <p>(28) De sepulturis Item, statuimus quod in nulla ecclesia recipiatur parrochianus alterius ecclesie ad sepulturam nisi prius satisfactum fuerit uel satisdatum de iusticia ecclesie cuius parrochianus extitit conseruanda, si heredes uel executores tales non reliquerit qui pro ea sine difficultate compelli posint.</p>
                    <p>Et tunc capellanus eiusdem ecclesie uadat cum cruce sua et precedat corpus defuncti usque ad ecclesiam in qua elegerit sepeliri.</p>
                    <p>Item, precipimus ne in ecclesia uel cemiteriis secularia tractentur negocia, quoniam per hoc multa sacrilegia committuntur.</p>
                    <p>Item, precipimus sub pena magne emende ut constitutiones iste synodales in unaquaque ecclesia obseruentur et habeantur.</p>
                </div>
                <div>
                    <head>Capitulum 29</head>
                    <p>(29) De honestate Statuimus ut canonici ecclesie Cathedralis, prelati et sacerdotes et alii clerici ecclesiarum aliarum coronam et tonsuram et uestes deferant congruentes, camisias quoque consuticias in manicis uel aliis locis superfluis, aut sotulares consuticios non deferant uel rostratos, vel alias nimiam incisionem uel diminutionem habentes.</p>
                    <p>Rectores etiam ecclesiarum et sacerdotes capas et uestes clausas deferant, ad que omnia obseruanda tam rectores quam clerici per episcopum uel archidiaconum, prout eis uisum fuerit, compellantur.</p>
                    <p>Clerici etiam per proprios rectores, per subtractionem beneficiorum, ad hoc idem compellantur.</p>
                </div>
                <div>
                    <head>Capitulum 30</head>
                    <p>(30) De porcionibus Statuimus insuper quod nullus rector ecclesie parrochialis habeat porcionem in alia ecclesia parrochiali, et quod quam cito clericus porcionarius assumptus fuerit ad regimen animarum, porcio quam prius habebat in ecclesia parrochiali ipso iure uacet, et is ad quem eiusdem porcionis spectat collatio libere ipsam porcionem conferat cui causa secundum Deum uiderit conferendam.</p>
                    <p>Et hac constitutionem etiam ad preterita trahi uolumus et mandamus.</p>
                </div>
                <div>
                    <head>Capitulum 31</head>
                    <p>(31) De calice et correctione librorum Precipimus etiam quod quelibet ecclesia parrochialis habeat calicem argenteum.</p>
                    <p>Rectores quoque et alii clerici libros corrigant et emendent et maxime in canone misse.</p>
                </div>
                <div>
                    <head>Capitulum 32</head>
                    <p>(32) De arrendatione ecclesiarum Districte prohibemus prioribus ne ecclesias suas, in quibus tenentur canonicam residentiam facere, auctoritate propria arrendent, quod si urgente neccessitate uel euidente utilitate hoc facere uoluerint, hoc fiat per episcopum et per capitulum in parte sua.</p>
                    <p>Quod si contra ab aliquo fuerit atemptatum, arrendatio non ualeat ipso iure, et nos etiam ipsos transgressores animaduersione debita puniemus.</p>
                </div>
                <div>
                    <head>Capitulum 33</head>
                    <p>(33) De Horis Item, precipimus quod diuina officia diligenter et honeste celebrentur, et psalmi punctatim et distincte recitentur et quod iii et vi non sub una conclusione terminentur sed in utraque propria oratio per se dicatur.</p>
                </div>
                <div>
                    <head>Footnotes</head>
                    <p>[1] Originally &lt;sanguinem&gt;.</p>
                    <p>[2] &quot;N. ego baptizo te in nomine Patris et Filii et Spiritus Sancti&quot; in quotation marks</p>
                    <p>[3] A&quot;Si tu baptizatus es, ego non te rebaptizo, sed si tu baptizatus non es, ego baptizo te in nomine Patris et Filii et Spiritus Sancti. Amen&quot; in quotation marks</p>
                    <p>[4] Originally lowercase 'ea'</p>
                    <p>[5] Originally &lt;De ludis&gt;</p>
                    <p>[6] Originally S&lt;uerii&gt;</p>
                    <p>[7] Originally S&lt;uerio&gt;</p>
                </div>
            </div>
        </body>
    </text>
</root>
