<?xml version="1.0" ?>
<root>
    <teiHeader>
        <fileDesc>
            <titleStmt>
                <title>Leon</title>
                <recordID>0613</recordID>
                <transcription/>
                <respStmt>
                    <resp/>
                    <name/>
                    <note>
                        <date/>
                        <problems/>
                    </note>
                </respStmt>
            </titleStmt>
            <sourceDesc>
                <baseText/>
                <textNeeded/>
                <noKnownText/>
                <fragment/>
                <ocrNote/>
                <msDesc/>
                <bibl/>
                <sourceNote/>
            </sourceDesc>
        </fileDesc>
        <profileDesc>
            <langUsage>Old Spanish</langUsage>
            <languageNote/>
            <langUsage/>
            <creation>
                <year>1288</year>
                <origDate>1288-09-24</origDate>
                <dateNotes/>
                <origPlace>León</origPlace>
                <diocese>León</diocese>
                <province>Santiago</province>
                <country>Spain</country>
                <geo/>
                <placeNotes/>
                <orgName/>
                <persName/>
                <altName/>
                <regnalYears/>
                <delegated/>
                <classNotes/>
            </creation>
            <textDesc>
                <domain>Diocesan</domain>
            </textDesc>
            <genNotes/>
        </profileDesc>
    </teiHeader>
    <text>
        <body>
            <div>
                <head>Metadata</head>
                <p>RecordID: 613</p>
                <p>Year_Sort: 1288</p>
                <p>Year: 1288</p>
                <p>Month: 9</p>
                <p>Day: 24</p>
                <p>Circa: None</p>
                <p>DatingNotes: None</p>
                <p>Place: León</p>
                <p>Diocese: León</p>
                <p>Province: Santiago</p>
                <p>CountryModern: Spain</p>
                <p>Jurisdiction_ID: D661</p>
                <p>Jurisdiction_ID2: None</p>
                <p>Jurisdiction_ID3: None</p>
                <p>Latitude: 42.605556</p>
                <p>Longitude: -5.57</p>
                <p>PlaceNotes: None</p>
                <p>Classification: Diocesan</p>
                <p>IssuingAuthority: Martin Fernández</p>
                <p>IssuingAuthorityAlt: None</p>
                <p>RegnalStart: 1254</p>
                <p>RegnalEnd: 1289</p>
                <p>Delegated: None</p>
                <p>ClassificationNotes: None</p>
                <p>Language: Old Spanish</p>
                <p>LanguageNotes: Rubrics in Latin</p>
                <p>TextNeeded: None</p>
                <p>NoKnownText: None</p>
                <p>Fragment: None</p>
                <p>Source: None</p>
                <p>SourceOther: None</p>
                <p>Edition: Synodicon Hispanum, III, pp253-260</p>
                <p>EditionOther: None</p>
                <p>SourceNotes: None</p>
                <p>TranscriptionNotes: Reviewed </p>
                <p>BaseText: ['Library Scan', 'Hard Copy Scan']</p>
                <p>OCR: Yes</p>
                <p>Transcription: None</p>
                <p>GeneralNotes: None</p>
                <p>BiblioRefs: None</p>
            </div>
            <div>
                <head>Text</head>
                <div>
                    <head>Incipit</head>
                    <p>Era m.ccc.xxvi., tercero dia depoes de dia de sant Matheos, fueron fechas estas constituciones et ordenadas et leydas en el conceio de toda la clerizia del obispado.</p>
                </div>
                <div>
                    <head>Capitulum 1</head>
                    <p>(1) De procurationibus.</p>
                    <p>Primeramientre, establecemos et ordenamos, porque el derecho defiende, que las procuraciones non sean taxadas nen recebidas en dineros, et ponen sobr’ello gran pena; et los clerigos que las dieren, finquen suspensos de officio et de beneficio, et los que las recibiren, ayan aquella pena que el derecho manda.</p>
                </div>
                <div>
                    <head>Capitulum 2</head>
                    <p>(2) De eodem.</p>
                    <p>Otrosi, porque las eglesias deven a dar las procuraciones segun la quantia que ovieren, et a las vegadas son maes ricas et a las vegadas son maes pobres, et por ende, aquellas que en algun tiempo dan procuracion entrega porque lo pueden cumplir, et vienen depos a tal pobreça que las non pueden dar en so cabo, conviene que las aiunten con otras eglesias.</p>
                </div>
                <div>
                    <head>Capitulum 3</head>
                    <p>(3) De eodem.</p>
                    <p>Stablecemos que ninguna eglesia non aya cierta taxacion en las procuraciones, et den’daqui en delantre todas las taxaciones en dineros o en vianda cierta sean revocadas; mas las eglesias visitadas por los arcedianos dian las procuraciones mesuradamientre, segun que el derecho manda.</p>
                    <p>Et si una eglesia non podier dar procuracion entrega por si, diela con otra o con duas o con tres, segun que el derecho manda.</p>
                    <p>Et los arcedianos que contra esto fezieren, ayan la pena que el derecho manda.</p>
                    <p>Et quando los clerigos asi non quisieren dar las procuraciones, elos arcedianos puedan poner sentencia de deviedo en las eglesias et de descomonion o deviedo en los clerigos, fasta que fagan ende emienda.</p>
                </div>
                <div>
                    <head>Capitulum 4</head>
                    <p>(4) De querelis non dandis laicis.</p>
                    <p>Otrosi, stablecemos que los clerigos non se querellen al rey nin a los concellos nin a los cavalleros nin a duennas nin a otros ornes leygos o religiosos, del obispo o del cabildo o de los arcedianos o de los vicarios o de los arciprestes o de otro clerigo alguno.</p>
                    <p>Mas si se en alguna cosa sentiren por agraviados en iuyzio, alcense alli hu deven; et fuera de iuyzio, querellense alli hu deven, et faranles dellos aver derecho.</p>
                    <p>Et los clerigos que contra esto fezieren, finquen suspensos de officio et de beneficio fasta que fagan ende emienda.</p>
                </div>
                <div>
                    <head>Capitulum 5</head>
                    <p>(5) Ne clerici secularibus negotiis se inmisceant.</p>
                    <p>Otrosi, stablecemos que los clerigos non sean cogedores nen arrendadores de sacadas nen sean prendados por ellas.</p>
                    <p>Et los que ende al fezieren, sean suspensos de officio et de beneficio.</p>
                </div>
                <div>
                    <head>Capitulum 6</head>
                    <p>(6) De prebendis.</p>
                    <p>Otrosi, stablecemos que los clerigos presentados a las eglesias por los religiosos o por los seglares, ayan aquellas provisiones de las eglesias que los otros cureros que ante del fueron antiguamientre solian ende aver salvo se las eglesias venieren a tal pobreza que los cureros non puedan vevir por aquellas provisiones [1] por que puedan vevir guisadamientre et pagar los derechos de la eglesia.</p>
                    <p>Et eso mismo fagan si non ovieren ciertas provisiones antiguamientre.</p>
                </div>
                <div>
                    <head>Capitulum 7</head>
                    <p>(7) De eodem.</p>
                    <p>Otrosi, stablecemos que nos, obispo, et cabildo et arcedianos et canonigos et companneros de la eglesia de Leon seamos tenudos de guardar esta constitucion de suso scripta en las provisiones de los clerigos cureros que metiermos ennas otras eglesias o presentarnos pora ellas.</p>
                </div>
                <div>
                    <head>Capitulum 8</head>
                    <p>(8) De iure patronatus.</p>
                    <p>Otrosi, stablecemos que los enciensos antiguos que los padrones an en las eglesias, non sean acrescentados por los arcedianos nen por los clerigos.</p>
                    <p>Mas se por aventuria fueren tan grandes que los clerigos non puedan vevir guisadamientre nen pagar los derechos de la eglesia por aquello que lles fica, elos arcedianos ordenen sobr’ello, en manera que los clerigos puedan vivir guisadamientre et pagar los derechos de la eglesia, segun que el derecho manda.</p>
                </div>
                <div>
                    <head>Capitulum 9</head>
                    <p>(9) De eodem.</p>
                    <p>Otrosi, stablecemos que los clerigos presentados a las eglesias que fezieren por si o por otro pleito con los padrones pora darles alguna cosa por sua presentacion o por acrecentarle la renda que ende solian aver, pierdan aquellas eglesias et finquen suspensos de officio et de beneficio, ca son simoniacos.</p>
                </div>
                <div>
                    <head>Capitulum 10</head>
                    <p>(10) De eodem.</p>
                    <p>Otrosi, stablecemos que los padrones que non presentaren clerigos cureros a las eglesias al tiempo que el derecho manda, que los arcedianos dian las eglesias a clerigos cureros, segun que el derecho manda.</p>
                    <p>Et los capellanes que recibiren las eglesias et cantaren en ellas por mandado de los padrones sin licencia de los arcedianos, finquen suspensos de officio et de beneficio, et pechen sesaenta soldos.</p>
                </div>
                <div>
                    <head>Capitulum 11</head>
                    <p>(11) De clericis non residentibus.</p>
                    <p>Otrosi, stablecemos que los clerigos, religiosos et seglares, cureros mueren continuadamientre sobre las curas.</p>
                    <p>Et que los clerigos religiosos, cureros de las eglesias, guarden las sentencias del obispo et de los arcedianos et de los arceprestes, non se muden de las eglesias pora morar en otra parte sin mandado de los arcedianos.</p>
                    <p>Et los que lo asi non fezieren, ayan aquellas penas que averian los otros clerigos seglares, ca en estas cosas non han sobre’llas poder los sos religiosos.</p>
                </div>
                <div>
                    <head>Capitulum 12</head>
                    <p>(12) De prehendis et parochiis.</p>
                    <p>Otrosi, stablecemos que la eglesia que ha menos en campos de xl. cargas de pan cada anno et en tierra de Leon, enna montanna cada anno pora la provision del clerigo menos de xl. stopos de pan, que non sea partida, mas que la den a clerigo curero segun que es derecho.</p>
                    <p>Et la que valier maes de la quantia, ordene el arcediano en la manera que for guisado et derecho.</p>
                </div>
                <div>
                    <head>Capitulum 13</head>
                    <p>(13) De eodem.</p>
                    <p>Otrosi, stablecemos que los clerigos que non se ordenen a titulo de las eglesias de los conceios, nen entren y mas en beneficios de lo que las eglesias podieren sofrir et siempre los cureros ayan ciertas meiorias por razon de las curas [2] nin entre ningun clerigo en racion por que sea ordenado si non por los arcedianos.</p>
                    <p>Et aquel que en otra guisa entrar, pierda aquella racion.</p>
                </div>
                <div>
                    <head>Capitulum 14</head>
                    <p>(14) De decimis.</p>
                    <p>Stablecemos que los ricosomes et las duennas et los otros omes, clerigos et leygos, que tienen capellanes en suas casas, non dian los sos dezmos a esos capellanes, mas dienlos en aquellas eglesias parrochias que los deven aver segun derecho.</p>
                    <p>Et los capellanes et los otros clerigos que contra esto fezieren, en tomando tales dezmos de mano o de mandado de los clerigos o leygos, finquen descomungados fasta que fagan emienda.</p>
                </div>
                <div>
                    <head>Capitulum 15</head>
                    <p>(15) De eodem.</p>
                    <p>Otrosi, stablecemos que las eglesias que venieren a tan gran pobreza, que non han por que se pueda y mantener el clerigo et pagar los derechos de la eglesia, que los feligreses de las otras eglesias que de xx. annos a aca lavran hy heredades, que solian seer lavradas por los feligreses destas eglesias despobladas et pagar hy los dezmos entregamientre, que paguen y la meatat de los dezmos destas heredades que y lavran los parrochianos de las otras eglesias, pero que non aya hy terminos partidos.</p>
                </div>
                <div>
                    <head>Capitulum 16</head>
                    <p>(16) De concessione prebende.</p>
                    <p>Otrosi, stablecemos et declaramos que todos los clerigos que ganaron eglesias por curas despues del conceio de Leon de sobre el Ruedano, se se non fezieron ordenar de missa, que son privados de las eglesias segun el papa manda; et que los arcedianos las dien a otros clerigos, se las pueden dar sen presentaciones de padrones, et que amonesten a sos padrones que apresenten clerigo a ellas.</p>
                </div>
                <div>
                    <head>Capitulum 17</head>
                    <p>(17) De purgatione uulgari.</p>
                    <p>Otrosi, stablecemos que ninguno non faga salva por fierro caliente o por agua caliente o por agua fria nen en otra manera que sea defendida en derecho.</p>
                    <p>Et los que contra esto fezieren, tanbien los que se salvaren commo los que recebiren la salva, finquen descomungados; et la eglesia en que se fezier, finque devedada. (18) De sepulturis.</p>
                    <p>Otrosi, stablecemos que ninguno non sea soterrado en los cuerpos de las eglesias, aunque aya hy duas naves o tres, senon aquellas personas que el derecho manda.</p>
                    <p>Et aquellos que de otra manera fezieren, tanbien el clerigo commo los que fueron en la soterracion, peche cada uno lx. sueldos.</p>
                    <p>Et los finados que por esta razon se dexan de soterrar en suas parrochias et procuran que sean soterrados en las eglesias de los religiosos, finquen en peccado mortal.</p>
                    <p>Et los religiosos que los asi sotierran, fazen contra derecho scripto et pecan mortalmientre.</p>
                    <p>Et los seglares que fueren en tales soterraciones, pechen lx. sueldos.</p>
                </div>
                <div>
                    <head>Capitulum 19</head>
                    <p>(19) De exactionibus.</p>
                    <p>Otrosi, stablecemos que los arcedianos non fagan pedidos por si nen por otros en sos clerigos, senon en aquellas cosas que el derecho manda.</p>
                    <p>Et si lo de otra guisa fezieren, que los clerigos non sean tenudos de lle los dar.</p>
                    <p>Et se sobre esta razon posieren sentencia, que non vala.</p>
                </div>
                <div>
                    <head>Capitulum 20</head>
                    <p>(20) De statutis.</p>
                    <p>Otrosi, porque algunos conceios de nuestro obispado fazen algunos establecimientos entre si, que son en contra los derechos et contra las franquizas de sancta Eglesia, nos amonestamos por este scripto todos los conceios que tales establecimientos fazen, que los revoguen fasta un mes, que ningun conceio non faga atal establecimiento de aqui en delantre.</p>
                    <p>Et si algun conceio contra esto fezier, nos scomungamos por este scripto los iuyzes et los alcaldes de aquella villa hu esto fur fecho, et ponemos sentencia de deviedo en toda la villa.</p>
                </div>
                <div>
                    <head>Capitulum 21</head>
                    <p>(21) De periurio.</p>
                    <p>Otrosi, stablecemos que todos aquellos clerigos et legos que iuraren falso testimonio, que finquen escomungados et nunca sean sueltos desta descomonion senon por Roma, salvo en la ora de la muerte, que los pueden soltar sos clerigos cureros.</p>
                    <p>Et porque los enton suelten de la descomonion, non sean soterrados en cimiterio de la eglesia a menos de seer sueltos por Roma et fezieren emienda del mal que avieno por ellos por lo so periurio.</p>
                    <p>Mas se finaron ante que sean sueltos por Roma, ponganlos sobre tierra en un ataud, alçados en palancas por un estado de ome.</p>
                    <p>El si, ante que sean sueltos por Roma, for en la ora de la muerte suelto por so clerigo curero, et si de aquel mal guarir, sea luego tornado en la descomonion que ante yera, fasta que vaya a Roma et faga ende enmienda, según sobredicho es.</p>
                </div>
                <div>
                    <head>Explicit</head>
                    <p>Aqui se acaban las constituciones del obispo don Martino de Leon.</p>
                    <p>Era de mili et trezientos et xxvi. annos.</p>
                </div>
                <div>
                    <head>Footnotes</head>
                    <p>[1] 'salvo se las eglesias venieren a tal pobreza que los cureros non puedan vevir por aquellas provisiones' in parenthesis</p>
                    <p>[2] 'et siempre los cureros ayan ciertas meiorias por razon de las curas' in parenthesis</p>
                </div>
            </div>
        </body>
    </text>
</root>
