<?xml version="1.0" ?>
<root>
    <teiHeader>
        <fileDesc>
            <titleStmt>
                <title>Bordeaux</title>
                <recordID>0664</recordID>
                <transcription/>
                <respStmt>
                    <resp/>
                    <name/>
                    <note>
                        <date/>
                        <problems/>
                    </note>
                </respStmt>
            </titleStmt>
            <sourceDesc>
                <baseText/>
                <textNeeded/>
                <noKnownText/>
                <fragment/>
                <ocrNote/>
                <msDesc/>
                <bibl/>
                <sourceNote/>
            </sourceDesc>
        </fileDesc>
        <profileDesc>
            <langUsage>Latin</langUsage>
            <languageNote/>
            <langUsage/>
            <creation>
                <year>1267</year>
                <origDate>1267-11-08</origDate>
                <dateNotes/>
                <origPlace>Bordeaux</origPlace>
                <diocese>Bordeaux</diocese>
                <province>Bordeaux</province>
                <country>France</country>
                <geo/>
                <placeNotes/>
                <orgName/>
                <persName/>
                <altName/>
                <regnalYears/>
                <delegated/>
                <classNotes/>
            </creation>
            <textDesc>
                <domain>Diocesan</domain>
            </textDesc>
            <genNotes/>
        </profileDesc>
    </teiHeader>
    <text>
        <body>
            <div>
                <head>Metadata</head>
                <p>RecordID: 664</p>
                <p>Year_Sort: 1267</p>
                <p>Year: 1267</p>
                <p>Month: 11</p>
                <p>Day: 8</p>
                <p>Circa: None</p>
                <p>DatingNotes: None</p>
                <p>Place: Bordeaux</p>
                <p>Diocese: Bordeaux</p>
                <p>Province: Bordeaux</p>
                <p>CountryModern: France</p>
                <p>Jurisdiction_ID: D365</p>
                <p>Jurisdiction_ID2: None</p>
                <p>Jurisdiction_ID3: None</p>
                <p>Latitude: 44.837912</p>
                <p>Longitude: -0.579541</p>
                <p>PlaceNotes: None</p>
                <p>Classification: Diocesan</p>
                <p>IssuingAuthority: Pierre de Roncevault</p>
                <p>IssuingAuthorityAlt: None</p>
                <p>RegnalStart: 1262</p>
                <p>RegnalEnd: 1270</p>
                <p>Delegated: None</p>
                <p>ClassificationNotes: None</p>
                <p>Language: Latin</p>
                <p>LanguageNotes: None</p>
                <p>TextNeeded: None</p>
                <p>NoKnownText: None</p>
                <p>Fragment: None</p>
                <p>Source: None</p>
                <p>SourceOther: None</p>
                <p>Edition: Avril, Statuts, V, 31-32</p>
                <p>EditionOther: None</p>
                <p>SourceNotes: None</p>
                <p>TranscriptionNotes: Reviewed </p>
                <p>BaseText: Hard Copy Scan</p>
                <p>OCR: Yes</p>
                <p>Transcription: None</p>
                <p>GeneralNotes: None</p>
                <p>BiblioRefs: None</p>
            </div>
            <div>
                <head>Text</head>
                <div>
                    <head>Incipit</head>
                    <p>Incipiunt constitutiones synodales facte per dominum Petrum Burdigalensem archiepiscopum VI idus novembris in synodo hyemali, anno Domini Mo CCo LXVIIo.</p>
                </div>
                <div>
                    <head>Capitulum 1</head>
                    <p>(1) Quoniam, sicut accepimus, quedam regulares persone Burdigalensis civitatis et diocesis, turpis lucri gratia, redditus, proventus, possessiones et alia jura monasteriorum et ecclesiarum suarum, quorum dispositio seu ordinatio aliquando solummodo ad prelatos, aliquando ad prelatos, conventus et capitula monasteriorum et ecclesiarum ipsarum spectare dignoscitur, ad firmam vel assensam sub certa et annua recipiunt pensiones, ex quo frequenter propter [1] temporale vitium ecclesie et [2] lesionem religioni detrahitur; et assensatores hujusmodi a divinis officiis ac observantia regulari damnabiliter retrahuntur, nos hiis damnis ecclesiarum et animarum periculis salubriter occurrere cupientes, assensas et firmas hujusmodi talibus personis de cetero fieri prohibemus, facientes et recipientes easdem excommunicationis sententia percellentes, cui sententie persone subjaceant antedicte, si quod de predictis redditibus et aliis ad ecclesias et monasteria sua spectantibus superius inhibetur, de spectantibus ad ecclesias alias aut monasteria presumpserint attentare.</p>
                </div>
                <div>
                    <head>Capitulum 2</head>
                    <p>(2) Cum dominica dies omni debeat reverentia celebrari, constitutioni quondam edite de celebrandis diebus dominicis et festivis addendum duximus, ut singuli capellani generaliter suos parochianos in suis ecclesiis moneant diligenter quod a macellis publicis abstineant, diebus predictis et aliis festis solemnibus, nec ad mercatum eant vel nundinas in eisdem, vendituri aliquid aut empturi.</p>
                    <p>Qui vero hujusmodi facere presumpserit, excommunicationis sententie subjaceat ipso facto.</p>
                    <p>Et ne propter capellanorum negligentiam tales per ignorantiam valeant excusari, monitionem hujusmodi sub magna pena gaggii frequenti precipimus iterari.</p>
                </div>
                <div>
                    <head>Capitulum 3</head>
                    <p>(3) Statuimus ut dominica synodum precedente, capellani qui venientes ad synodum sacerdotes in suis ecclesiis aut parochiis non dimittunt, parochianos suos in suis moneant ecclesiis diligenter ut ante recessum ipsorum, si quis de parochia infirmus fuerit, confiteatur et viaticum et extremam unctionem recipiat ac suum ordinet testamentum, ut, cum nihil sit incertius hora mortis, divinam expectet securius voluntatem.</p>
                    <p>Deo gratias.</p>
                </div>
                <div>
                    <head>Capitulum 4</head>
                    <p>(4) Ad hujusmodi autem synodum bis in anno singuli nostre diocesis curati et alii prelati qui venire consueverunt, conveniant, ut a nostris predecessoribus extitit ordinatum; vel justo impedimento detenti clericum suum mittant vel sacerdotem.</p>
                    <p>Deficientes vero excommunicationis sententie subjaceant ipso facto.</p>
                    <p>Et singulis synodis, ut cuncti precaveant, hec publice nuntientur.</p>
                </div>
                <div>
                    <head>Footnotes</head>
                    <p>[1] Originally [propter].</p>
                    <p>[2] Originally [et].</p>
                </div>
            </div>
        </body>
    </text>
</root>
