<?xml version="1.0" ?>
<root>
    <teiHeader>
        <fileDesc>
            <titleStmt>
                <title>Elne</title>
                <recordID>0677</recordID>
                <transcription/>
                <respStmt>
                    <resp/>
                    <name/>
                    <note>
                        <date/>
                        <problems/>
                    </note>
                </respStmt>
            </titleStmt>
            <sourceDesc>
                <baseText/>
                <textNeeded/>
                <noKnownText/>
                <fragment/>
                <ocrNote/>
                <msDesc/>
                <bibl/>
                <sourceNote/>
            </sourceDesc>
        </fileDesc>
        <profileDesc>
            <langUsage>Latin</langUsage>
            <languageNote/>
            <langUsage/>
            <creation>
                <year>1339</year>
                <origDate>1339</origDate>
                <dateNotes/>
                <origPlace>Elne</origPlace>
                <diocese>Elne</diocese>
                <province>Narbonne</province>
                <country>France</country>
                <geo/>
                <placeNotes/>
                <orgName/>
                <persName/>
                <altName/>
                <regnalYears/>
                <delegated/>
                <classNotes/>
            </creation>
            <textDesc>
                <domain>Diocesan</domain>
            </textDesc>
            <genNotes/>
        </profileDesc>
    </teiHeader>
    <text>
        <body>
            <div>
                <head>Metadata</head>
                <p>RecordID: 677</p>
                <p>Year_Sort: 1339</p>
                <p>Year: 1339</p>
                <p>Month: None</p>
                <p>Day: None</p>
                <p>Circa: None</p>
                <p>DatingNotes: None</p>
                <p>Place: Elne</p>
                <p>Diocese: Elne</p>
                <p>Province: Narbonne</p>
                <p>CountryModern: France</p>
                <p>Jurisdiction_ID: D404</p>
                <p>Jurisdiction_ID2: None</p>
                <p>Jurisdiction_ID3: None</p>
                <p>Latitude: 42.5997</p>
                <p>Longitude: 2.971014</p>
                <p>PlaceNotes: None</p>
                <p>Classification: Diocesan</p>
                <p>IssuingAuthority: None</p>
                <p>IssuingAuthorityAlt: None</p>
                <p>RegnalStart: None</p>
                <p>RegnalEnd: None</p>
                <p>Delegated: None</p>
                <p>ClassificationNotes: None</p>
                <p>Language: Latin</p>
                <p>LanguageNotes: None</p>
                <p>TextNeeded: None</p>
                <p>NoKnownText: None</p>
                <p>Fragment: None</p>
                <p>Source: Perpignan BM 79, fol. 101</p>
                <p>SourceOther: None</p>
                <p>Edition: Aguirre, Collectio maxima (1694), t. 3, 598</p>
                <p>EditionOther: Marca, Marca Hispanica, 1454-1467 (for 1335-1339 councils)</p>
                <p>SourceNotes: [IRHT MF 06995]; http://books.google.fr/books?id=q79KKaDMW6cC</p>
                <p>TranscriptionNotes: Reviewed </p>
                <p>BaseText: ['GoogleBooks', 'Digital MS', 'Data Capture']</p>
                <p>OCR: None</p>
                <p>Transcription: None</p>
                <p>GeneralNotes: None</p>
                <p>BiblioRefs: None</p>
            </div>
            <div>
                <head>Text</head>
                <div>
                    <head>All Text</head>
                    <p>POst premissa anno sequenti, videlicet anno Dom. MCCCXXXIX. VIII. die mensis Aprilis, dictus dominus Guido divina providentia Episcopus Helenensis, cum consilio sui venerabilis capituli Helenensis, edidit et publicavit in presenti Synodo sequentem constitutionem, ut in sequenti prooemio continetur, quam teneri et servari voluit et mandavit.</p>
                    <p>De desiximentis, vel diffidamentis, Episcopis, Abbatibus, Prioribus, capitulis, et aliis personis Ecclesiasticis quibuscumque, non faciendis.</p>
                    <p>CUm juxta sacrorum Canonum sanctiones generaliter clerici dicantur omnes illi, qui in Ecclesia Dei serviunt, quorum gradus et nomina hec sunt, Episcopus, presbyter, diaconus, subdiaconus, acolytus, exorcista, lector, psalmista, et ostiarius, et per antecessores nostros quaedam constitutio edita fuerit, quae incipit: Item quoniam satore zizaniae, etc. qua cavetur, quod diffidantes clericos, seu diffidamenta fieri procurantes, et illi quorum occasione dicta diffidamenta facta sunt, nisi ea fecerint, quantum in eis fuerit, et quam cito potuerint, revocari, sententiam excommunicationis et alias poenas in ipsa constitutione contentas incurrant ipso facto; haesiteturque inter nonnullos, an nomine clericorum Episcopi, et Abbates, et caeteri gradus Ecclesiastici compraehendantur in constitutione praedicta; nos praedictam haesitationem et dubium volentes penitus removere, ideo hoc praesenti nostro salubri statuto, cum consilio capituli nostri Helenensis, declaramus et statuimus, ut sub nomine clericorum comprehendantur Episcopi, Abbates, et caetere personae Ecclesiasticae nostrae dioecesis.</p>
                    <p>Ita videlicet quod quicumque Episcopum, capitula, Abbatem, Priorem, ac conventus, rectorem, vel quamcumque aliam personam Ecclesiasticam, regularem sive saecularem, nostre dioecesis deinceps diffidaverit, seu diffidari procuraverit, eosdem diffidantes, seu diffidamenta fieri procurantes, ac illos quorum occasione diffidamenta facta fuerint, nisi ea fecerint revocari quam cito potuerint, et quantum in eis fuerit, sententiam excommunicationis, et alias poenas in dicta constitutione de qua supra facta est mentio, contentas, incurrere volumus ipso facto.</p>
                    <p>Caeteris in dicta constitutione contentis in suo robore nihilominus duraturis.</p>
                </div>
                <div>
                    <head>Footnotes</head>
                </div>
            </div>
        </body>
    </text>
</root>
