<?xml version="1.0" ?>
<root>
    <teiHeader>
        <fileDesc>
            <titleStmt>
                <title>Utrecht</title>
                <recordID>0700</recordID>
                <transcription/>
                <respStmt>
                    <resp/>
                    <name/>
                    <note>
                        <date/>
                        <problems/>
                    </note>
                </respStmt>
            </titleStmt>
            <sourceDesc>
                <baseText/>
                <textNeeded/>
                <noKnownText/>
                <fragment/>
                <ocrNote/>
                <msDesc/>
                <bibl/>
                <sourceNote/>
            </sourceDesc>
        </fileDesc>
        <profileDesc>
            <langUsage>Latin</langUsage>
            <languageNote/>
            <langUsage/>
            <creation>
                <year>1352</year>
                <origDate>1352-05-08</origDate>
                <dateNotes/>
                <origPlace>Utrecht</origPlace>
                <diocese>Utrecht</diocese>
                <province>Cologne</province>
                <country>Netherlands</country>
                <geo/>
                <placeNotes/>
                <orgName/>
                <persName/>
                <altName/>
                <regnalYears/>
                <delegated/>
                <classNotes/>
            </creation>
            <textDesc>
                <domain>Diocesan</domain>
            </textDesc>
            <genNotes/>
        </profileDesc>
    </teiHeader>
    <text>
        <body>
            <div>
                <head>Metadata</head>
                <p>RecordID: 700</p>
                <p>Year_Sort: 1352</p>
                <p>Year: 1352</p>
                <p>Month: 5</p>
                <p>Day: 8</p>
                <p>Circa: None</p>
                <p>DatingNotes: None</p>
                <p>Place: Utrecht</p>
                <p>Diocese: Utrecht</p>
                <p>Province: Cologne</p>
                <p>CountryModern: Netherlands</p>
                <p>Jurisdiction_ID: D543</p>
                <p>Jurisdiction_ID2: None</p>
                <p>Jurisdiction_ID3: None</p>
                <p>Latitude: 52.083</p>
                <p>Longitude: 5.1</p>
                <p>PlaceNotes: None</p>
                <p>Classification: Diocesan</p>
                <p>IssuingAuthority: Jan van Arkel</p>
                <p>IssuingAuthorityAlt: None</p>
                <p>RegnalStart: None</p>
                <p>RegnalEnd: None</p>
                <p>Delegated: None</p>
                <p>ClassificationNotes: None</p>
                <p>Language: Latin</p>
                <p>LanguageNotes: None</p>
                <p>TextNeeded: None</p>
                <p>NoKnownText: None</p>
                <p>Fragment: None</p>
                <p>Source: None</p>
                <p>SourceOther: None</p>
                <p>Edition: Joosting, Bronnen, V, 130-132</p>
                <p>EditionOther: None</p>
                <p>SourceNotes: None</p>
                <p>TranscriptionNotes: Reviewed </p>
                <p>BaseText: Data Capture</p>
                <p>OCR: None</p>
                <p>Transcription: None</p>
                <p>GeneralNotes: None</p>
                <p>BiblioRefs: None</p>
            </div>
            <div>
                <head>Text</head>
                <div>
                    <head>Incipit</head>
                    <p>Epistola nona.</p>
                    <p>Johannes Dei gracia etcetera.</p>
                </div>
                <div>
                    <head>Capitulum 1</head>
                    <p>(1) Auctoritate nostra omnes et singulos, huic synodali, etcetera.</p>
                    <p>Quere A.</p>
                </div>
                <div>
                    <head>Capitulum 2</head>
                    <p>(2) Eadem auctoritate omnes abbates prepositos, etcetera.</p>
                    <p>Quere B.</p>
                </div>
                <div>
                    <head>Capitulum 3</head>
                    <p>(3) Eadem auctoritate constitutiones.</p>
                    <p>Quere C.</p>
                </div>
                <div>
                    <head>Capitulum 4</head>
                    <p>(4) Suscepti regiminis cura nos sollicitat, ut, que in ecclesiis monasteriis et aliis nostre civitatis et dyocesis locis non absque violacione censure ecclesiastice servare vidimus, per appensionem congrui statuti in [1] melius reformemus.</p>
                    <p>Cum itaque in nonnullis ecclesiis ac monasteriis nostrarum civitatum et dyocesis observetur et a longe retroactis temporibus observatum fuerit, ut in aliquo loco nostre dyocesis generaliter interdicto et interdicto huiusmodi a jure vel ab homine aliquibus temporibus vel per aliquod tempus certis de causis relaxato ipse populus et quilibet de populo sanus et non in mortis articulo constitutus admittebatur non sine metu violacionis censure ecclesiastice ad eucharistie sacramentum, quod interdicti tempore decedentibus tantum a sacris canonibus est concessum, [2] unde super hoc providere volentes, deliberacione prehabita diligenti, duximus statuendum, ut nullus de cetero laycus tempore generalis interdicti in quatuor festivitatibus, quibus licet divina celebrari, ad communionem altaris seu eucaristie admittatur.</p>
                    <p>Quod si quisquam sacerdotum alicui sano tempore festivitatum presumpserit ministrare, penam meritam poterit non immerito formidare.</p>
                    <p>Item statuimus et sub pena excommunicacionis prohibemus, ne quis sacerdos nostrarum civitatum vel dyocesis aliquem ab homine vel a jure aut a statutis quibuscunque provincialibus vel synodalibus publice excommunicatum in mortis articulo, ubi excommunicator presens est vel commode adiri poterit, nisi ipse superior ad quem absolucionis beneficium pertinet id impendere recusaret vel plus debito differret, deinceps absolvere presumat; et in casu, quo juxta premissa in mortis articulo quemquam absolvere contigerit, ipse absoluciones servata juris forma modum absolucionis nomenque status et condicionem absoluti et causam, pro qua ligatus fuerat, nobis aut officiario nostro aut illi vel illis, ad quos absolucio pertinuerit, infra XL dies a tempore absolucionis impense notificet competenter, vobis mandamus et precipimus in virtute sancte obedientie fideliter observare.</p>
                </div>
                <div>
                    <head>Capitulum 6</head>
                    <p>(6) Preterea cum nonnulli minus ydonei.</p>
                    <p>Quere O.</p>
                </div>
                <div>
                    <head>Capitulum 7</head>
                    <p>(7) Eadem auctoritate negocium.</p>
                    <p>Quere J.</p>
                </div>
                <div>
                    <head>Capitulum 8</head>
                    <p>(8) Eadem auctoritate monemus omnes et singulos.</p>
                    <p>Quere L.</p>
                </div>
                <div>
                    <head>Capitulum 9</head>
                    <p>(9) Item in virtute sancte obedientie precipimus et mandamus omnibus et singulis.</p>
                    <p>Quere P.</p>
                    <p>In quorum, etcetera.</p>
                    <p>Anno Domini Mo.CCCo.LIIo., VIII die mensis Maij.</p>
                </div>
                <div>
                    <head>Footnotes</head>
                    <p>[1] Originally (in).</p>
                    <p>[2] Deleted: --</p>
                </div>
            </div>
        </body>
    </text>
</root>
