<?xml version="1.0" ?>
<root>
    <teiHeader>
        <fileDesc>
            <titleStmt>
                <title>Cambrai</title>
                <recordID>0759</recordID>
                <transcription/>
                <respStmt>
                    <resp/>
                    <name/>
                    <note>
                        <date/>
                        <problems/>
                    </note>
                </respStmt>
            </titleStmt>
            <sourceDesc>
                <baseText/>
                <textNeeded/>
                <noKnownText/>
                <fragment/>
                <ocrNote/>
                <msDesc/>
                <bibl/>
                <sourceNote/>
            </sourceDesc>
        </fileDesc>
        <profileDesc>
            <langUsage>Latin</langUsage>
            <languageNote/>
            <langUsage/>
            <creation>
                <year>1316</year>
                <origDate>1316-05-04</origDate>
                <dateNotes/>
                <origPlace>Cambrai</origPlace>
                <diocese>Cambrai</diocese>
                <province>Reims</province>
                <country>France</country>
                <geo/>
                <placeNotes/>
                <orgName/>
                <persName/>
                <altName/>
                <regnalYears/>
                <delegated/>
                <classNotes/>
            </creation>
            <textDesc>
                <domain>Diocesan</domain>
            </textDesc>
            <genNotes/>
        </profileDesc>
    </teiHeader>
    <text>
        <body>
            <div>
                <head>Metadata</head>
                <p>RecordID: 759</p>
                <p>Year_Sort: 1316</p>
                <p>Year: 1316</p>
                <p>Month: 5</p>
                <p>Day: 4</p>
                <p>Circa: None</p>
                <p>DatingNotes: None</p>
                <p>Place: Cambrai</p>
                <p>Diocese: Cambrai</p>
                <p>Province: Reims</p>
                <p>CountryModern: France</p>
                <p>Jurisdiction_ID: D430</p>
                <p>Jurisdiction_ID2: None</p>
                <p>Jurisdiction_ID3: None</p>
                <p>Latitude: 50.175579</p>
                <p>Longitude: 3.2345</p>
                <p>PlaceNotes: None</p>
                <p>Classification: Diocesan</p>
                <p>IssuingAuthority: Pierre de Lévis-Mirepoix</p>
                <p>IssuingAuthorityAlt: None</p>
                <p>RegnalStart: 1309</p>
                <p>RegnalEnd: 1324</p>
                <p>Delegated: None</p>
                <p>ClassificationNotes: None</p>
                <p>Language: Latin</p>
                <p>LanguageNotes: None</p>
                <p>TextNeeded: None</p>
                <p>NoKnownText: None</p>
                <p>Fragment: None</p>
                <p>Source: None</p>
                <p>SourceOther: None</p>
                <p>Edition: Reusens, Statuta, 67-69</p>
                <p>EditionOther: Gousset, APER, II, pp. 506-507; </p>
                <p>SourceNotes: None</p>
                <p>TranscriptionNotes: Reviewed </p>
                <p>BaseText: ['GoogleBooks', 'Library Scan', 'WebDownload']</p>
                <p>OCR: Yes</p>
                <p>Transcription: None</p>
                <p>GeneralNotes: None</p>
                <p>BiblioRefs: None</p>
            </div>
            <div>
                <head>Text</head>
                <div>
                    <head>Incipit</head>
                    <p>Locus XLus.</p>
                    <p>Statutum factum prima die mensis octobris, in ecclesia Cameracensi anno Domini 1316o.</p>
                </div>
                <div>
                    <head>Capitulum 1</head>
                    <p>(1) Quoniam pro funeralibus, que in exequijs defunctorum apportantur, antequam fiant exequie, a nonnullis fiunt pactiones illicite, ecclesijs atque [1] personis ecclesiasticis dampnose, inhibemus precipiendo in virtute sancte obedientie et sub pena excommunicationis, ne de cetero fiant pactiones de ipsis funeralibus, antequam ipse exequie facte fuerint, et corpus pro quo fient traditum sit ecclesiastice sepulture.</p>
                </div>
                <div>
                    <head>Capitulum 2</head>
                    <p>(2) Item denunciamus excommunicatos a canone omnes qui seruant et seruari faciunt statuta edita et consuetudines jntroductas contra ecclesiasticam libertatem.</p>
                </div>
                <div>
                    <head>Capitulum 3</head>
                    <p>(3) Item statutarios et scriptores statutorum ipsorum, necnon scabinos, rectores et consiliarios locorum, vbi de cetero huiusmodi statuta et consuetudines edite fuerint et obseruate, necnon eos qui secundum ea presumpserint judicare.</p>
                </div>
                <div>
                    <head>Capitulum 4</head>
                    <p>(4) Item quandocumque nos contigerit concedere licentiam ex certis causis aliquibus curatis uel capellanis de non residendo in ecclesijs suis et capellanijs, jntencio nostra est quod domus eorum sustententur et condirecte teneatur.</p>
                    <p>Quod si non fecerint, volumus quod decani locorum de fructibus dictarum ecclesiarum seu capellaniarum faciant dictas domus reparari et teneant condirectas, et quod in hijs faciendis vigilent diligenter.</p>
                </div>
                <div>
                    <head>Capitulum 5</head>
                    <p>(5) Item reuocamus omnes gratias generales non perpetuas, cuiuscumque forme seu tenoris existant, quibuscumque personis et ex quacumque causa a Nobis uel officiali nostro concessas, nisi de speciali reuocatione fiat mencio in eisdem.</p>
                </div>
                <div>
                    <head>Capitulum 6</head>
                    <p>(6) Item reuocamus omnes commissiones decanis nostris christianitatum et presbiteris curatis nostrarum ciuitatis et diocesis et alijs subditis nostris a Nobis concessas cognoscendi de causis matrimonialibus et sponsalia et matrimonia tangentibus quoquo modo.</p>
                </div>
                <div>
                    <head>Capitulum 7</head>
                    <p>(7) Item reuocamus omnem potestatem aut licentiam, si quam Nos uel officialis noster concessimus justiciarijs secularibus quibuscumque, laycis personis super arrestatione, captione et detentione clericorum aut ecclesiasticorum personarum et bonorum eorumdem.</p>
                </div>
                <div>
                    <head>Capitulum 8</head>
                    <p>(8) Item penitentiarios a Nobis seu auctoritate nostra constitutos, et potestatem eis concessam reuocamus.</p>
                    <p>Presencia autem statuta, mandata, precepta et prohibitiones, a subditis nostris, sub pena viginti solidorum turonensium et alijs penis ad nostrum arbitrium aut officialis nostri Cameracensis, ad opus nostrum et archidiaconi locorum, quotienscumque contrafecerint, precipimus inuiolabiliter obseruarj.</p>
                </div>
                <div>
                    <head>Capitulum 9</head>
                    <p>(9) Item precipimus sub pena viginti solidorum turonensium, vt omnes decani jnfra mensem, et presbiteri parrochiales ciuitatis et diocesis Cameracensis jnfra quindenam dictum mensem sequentem immediate, presencia statuta et inhibitiones habeant; quibus eos uti volumus et mandamus.</p>
                </div>
                <div>
                    <head>Footnotes</head>
                    <p>[1] Originally [at]que.</p>
                </div>
            </div>
        </body>
    </text>
</root>
