<?xml version="1.0" ?>
<root>
    <teiHeader>
        <fileDesc>
            <titleStmt>
                <title>Cambrai</title>
                <recordID>0760</recordID>
                <transcription/>
                <respStmt>
                    <resp/>
                    <name/>
                    <note>
                        <date/>
                        <problems/>
                    </note>
                </respStmt>
            </titleStmt>
            <sourceDesc>
                <baseText/>
                <textNeeded/>
                <noKnownText/>
                <fragment/>
                <ocrNote/>
                <msDesc/>
                <bibl/>
                <sourceNote/>
            </sourceDesc>
        </fileDesc>
        <profileDesc>
            <langUsage>Latin</langUsage>
            <languageNote/>
            <langUsage/>
            <creation>
                <year>1317</year>
                <origDate>1317-10-01</origDate>
                <dateNotes/>
                <origPlace>Cambrai</origPlace>
                <diocese>Cambrai</diocese>
                <province>Reims</province>
                <country>France</country>
                <geo/>
                <placeNotes/>
                <orgName/>
                <persName/>
                <altName/>
                <regnalYears/>
                <delegated/>
                <classNotes/>
            </creation>
            <textDesc>
                <domain>Diocesan</domain>
            </textDesc>
            <genNotes/>
        </profileDesc>
    </teiHeader>
    <text>
        <body>
            <div>
                <head>Metadata</head>
                <p>RecordID: 760</p>
                <p>Year_Sort: 1317</p>
                <p>Year: 1317</p>
                <p>Month: 10</p>
                <p>Day: 1</p>
                <p>Circa: None</p>
                <p>DatingNotes: None</p>
                <p>Place: Cambrai</p>
                <p>Diocese: Cambrai</p>
                <p>Province: Reims</p>
                <p>CountryModern: France</p>
                <p>Jurisdiction_ID: D430</p>
                <p>Jurisdiction_ID2: None</p>
                <p>Jurisdiction_ID3: None</p>
                <p>Latitude: 50.175579</p>
                <p>Longitude: 3.2345</p>
                <p>PlaceNotes: None</p>
                <p>Classification: Diocesan</p>
                <p>IssuingAuthority: Pierre de Lévis-Mirepoix</p>
                <p>IssuingAuthorityAlt: None</p>
                <p>RegnalStart: 1309</p>
                <p>RegnalEnd: 1324</p>
                <p>Delegated: None</p>
                <p>ClassificationNotes: None</p>
                <p>Language: Latin</p>
                <p>LanguageNotes: None</p>
                <p>TextNeeded: None</p>
                <p>NoKnownText: None</p>
                <p>Fragment: None</p>
                <p>Source: None</p>
                <p>SourceOther: None</p>
                <p>Edition: Reusens, Statuta, 69-70</p>
                <p>EditionOther: Gousset, APER II, 507-512</p>
                <p>SourceNotes: https://books.google.com/books?id=L9U-AAAAcAAJ</p>
                <p>TranscriptionNotes: Reviewed </p>
                <p>BaseText: ['GoogleBooks', 'Library Scan', 'WebDownload']</p>
                <p>OCR: Yes</p>
                <p>Transcription: None</p>
                <p>GeneralNotes: None</p>
                <p>BiblioRefs: None</p>
            </div>
            <div>
                <head>Text</head>
                <div>
                    <head>Incipit</head>
                    <p>Locus XLIus.</p>
                    <p>Anno Domini millesimo tricentesimo decimo septimo.</p>
                    <p>Anno Domini millesimo CCCo decimo septimo, die sabbati jn die beati Remigij, reuerendus in Christo pater Petrus [1] Dei gratia Cameracensis episcopus, tenens suam synodum in ecclesia sua Cameracensi fecit et edidit hec statuta.</p>
                    <p>Quoniam, ut experiencia nos docuit, nonnulli sacerdotes, ymmo verius deceptores, jn aliena messe falcem suam mittere non verentes, jn nostris ciuitate et diocesi, sine nostra uel curatorum harum ecclesiarum licencia, in eorum parrochijs et eorumdem ecclesijs presumunt temeritate propria audire confessiones et ministrare ecclesiastica sacramenta, contra sacrorum canonum constituta, cum sibi confitentes absoluere nequeant uel ligare, uel jura ecclesiastica ministrare, Nos, tante temeritatj et animarum periculo obuiare cupientes, statuendo prohibemus, ne quicumque sacerdos, sine nostra uel curatorum nostrorum licencia, audire confessiones uel ipsa sacramenta ministrare presumat, nisi in mortis articulo, vbi non possit haberi copia curatorum.</p>
                    <p>Si quis hoc facere presumpserit, excommunicationis vinculo sit ligatus, saluis tamen auctenticis et priuilegijs apostolicis, quorum uolumus esse defensores.</p>
                </div>
                <div>
                    <head>Capitulum 2</head>
                    <p>(2) Item denunciamus excommunicatos a canone omnes hereticos, credentes et fautores eorumdem, et omnes scismaticos.</p>
                </div>
                <div>
                    <head>Capitulum 3</head>
                    <p>(3) Item omnes qui jmpediunt jurisdictionem ecclesiasticam et Ecclesie libertatem, et qui in hijs jmpediendis prestant auxilium, consilium uel fauorem.</p>
                </div>
                <div>
                    <head>Capitulum 4</head>
                    <p>(4) Item denunciamus excommunicatos a canone omnes illos qui, temporale dominium optinentes, suis subditis jnterdicunt, ne prelatis, uel clericis, siue personis ecclesiasticis, quitquam uendant aut emant aliquid ab eisdem, neque ipsis bladum molant, coquant panem aut alia obsequia exhibere presumant.</p>
                </div>
                <div>
                    <head>Capitulum 5</head>
                    <p>(5) Item denunciamus excommunicatos a canone synodalj omnes jllos qui in comitatu nostro Cameracensi castra, villas, nemora, prata, molendina, viuaria et alia loca et jura, ad nostram episcopalem mensam pertinencia, uiolenter jnuadunt et jniuriose occupant, et illos qui in premissis aut aliquo premissorum eisdem dant consilium, auxilium uel fauorem; et terras eorum ecclesiastico supponimus interdicto.</p>
                </div>
                <div>
                    <head>Capitulum 6</head>
                    <p>(6) Item denuntiamus jnterdictos a canone synodali omnes illos qui in nostro comitatu Cameracensi agricultores euntes et redeuntes ad agriculturam, et ipsam exercentes, et animalia quibus arant et semina portant ad agrum, capiunt, vulnerant et jnterficiunt, et omnes qui eisdem jn premissis prestant consilium, auxilium uel fauorem.</p>
                    <p>Precipimus jn virtute sancte obedientie omnibus curatis ecclesiarum nostrarum ciuitatis et diocesis Cameracensis, ut predictas denunciationes publice faciant promulgari singulis diebus dominicis et festiuis, cum jbidem maior fuerit populi multitudo; negligentes vero pena canonica feriantur.</p>
                    <p>Item rubrica de executione statutorum synodalium, Statuimus, sequitur preceptum per venerabiles viros vicarios generales jn spiritualibus et temporalibus reuerendi jn Christo patris ac domini domini Petri [2], Dei gratia Cameracensis episcopi, jn remotis agentis, in synodo dicti reuerendi patris.</p>
                </div>
                <div>
                    <head>Footnotes</head>
                    <p>[1] Originally P[etrus].</p>
                    <p>[2] Originally P[etri].</p>
                </div>
            </div>
        </body>
    </text>
</root>
