<?xml version="1.0" ?>
<root>
    <teiHeader>
        <fileDesc>
            <titleStmt>
                <title>Cambrai</title>
                <recordID>0766</recordID>
                <transcription/>
                <respStmt>
                    <resp/>
                    <name/>
                    <note>
                        <date/>
                        <problems/>
                    </note>
                </respStmt>
            </titleStmt>
            <sourceDesc>
                <baseText/>
                <textNeeded/>
                <noKnownText/>
                <fragment/>
                <ocrNote/>
                <msDesc/>
                <bibl/>
                <sourceNote/>
            </sourceDesc>
        </fileDesc>
        <profileDesc>
            <langUsage>Latin</langUsage>
            <languageNote/>
            <langUsage/>
            <creation>
                <year>1318</year>
                <origDate>1318-10-01</origDate>
                <dateNotes/>
                <origPlace>Cambrai</origPlace>
                <diocese>Cambrai</diocese>
                <province>Reims</province>
                <country>France</country>
                <geo/>
                <placeNotes/>
                <orgName/>
                <persName/>
                <altName/>
                <regnalYears/>
                <delegated/>
                <classNotes/>
            </creation>
            <textDesc>
                <domain>Diocesan</domain>
            </textDesc>
            <genNotes/>
        </profileDesc>
    </teiHeader>
    <text>
        <body>
            <div>
                <head>Metadata</head>
                <p>RecordID: 766</p>
                <p>Year_Sort: 1318</p>
                <p>Year: 1318</p>
                <p>Month: 10</p>
                <p>Day: 1</p>
                <p>Circa: None</p>
                <p>DatingNotes: None</p>
                <p>Place: Cambrai</p>
                <p>Diocese: Cambrai</p>
                <p>Province: Reims</p>
                <p>CountryModern: France</p>
                <p>Jurisdiction_ID: D430</p>
                <p>Jurisdiction_ID2: None</p>
                <p>Jurisdiction_ID3: None</p>
                <p>Latitude: 50.175579</p>
                <p>Longitude: 3.2345</p>
                <p>PlaceNotes: None</p>
                <p>Classification: Diocesan</p>
                <p>IssuingAuthority: Pierre de Lévis-Mirepoix</p>
                <p>IssuingAuthorityAlt: None</p>
                <p>RegnalStart: 1309</p>
                <p>RegnalEnd: 1324</p>
                <p>Delegated: None</p>
                <p>ClassificationNotes: None</p>
                <p>Language: Latin</p>
                <p>LanguageNotes: None</p>
                <p>TextNeeded: None</p>
                <p>NoKnownText: None</p>
                <p>Fragment: None</p>
                <p>Source: None</p>
                <p>SourceOther: None</p>
                <p>Edition: Reusens, Statuta, 70-71</p>
                <p>EditionOther: None</p>
                <p>SourceNotes: None</p>
                <p>TranscriptionNotes: Reviewed </p>
                <p>BaseText: ['GoogleBooks', 'Library Scan', 'WebDownload']</p>
                <p>OCR: Yes</p>
                <p>Transcription: None</p>
                <p>GeneralNotes: None</p>
                <p>BiblioRefs: None</p>
            </div>
            <div>
                <head>Text</head>
                <div>
                    <head>Incipit</head>
                    <p>Locus XLIIus.</p>
                    <p>Anno Domini millesimo tricentesimo XVIIIo, jn festo beati Remigij.</p>
                </div>
                <div>
                    <head>Capitulum 1</head>
                    <p>(1) Quia plerumque, ut jntelleximus, nonnulli domini temporales, seculares judices, eorumque seruientes, et alij layci qui jurisdictionem ecclesiasticam multimodo vilipendunt et jmpedire nituntur, furtiue et clandestine clericos portitores litterarum curie Cameracensis, aliasque personas de foro ecclesiastico totaliter existentes, capiunt, rapiunt et depredant, et, ubi volunt, personas sic captas furtiue ducunt et transferunt, et suis carceribus detinent viliter mancipatos, vnde contingit quod decani, presbiteri et cappellani ceterique ad quorum spectat officium personas sic captas requirere de locis, vbi fiunt captiones huiusmodi et rapine, de nominibus capiencium et personis et locis ubi persone sint capte, jndebite detinentur scientiam non habentes, dictas personas sic captas et raptas nesciunt a quibus requirere, et sic predicte persone capte multis afficiuntur jniurijs et diu a predictis captoribus et eorum complicibus in suis, carceribus detinentur; precipimus, ut, si talis casus, quod absit, emerserit, singuli capellani et presbiteri tocius decanatus, vbi persona capta tempore captionis et ante moram trahere contigerit, quam cito huiusmodi captio ad eorum noticiam peruenerit, et quocienscumque eos diuina celebrare contigerit, jnter missarum solemnia captores et raptores, eorumque complices et fautores, quos omnes tam auctoritate canonis quam ex statutis synodalibus et prouincialibus excommunicatos esse constat, jn ecclesijs suis palam et publice jn generalj excommunicatos nuncient et publicent alta voce, donec de personis jta captis restitucionem fecerint plenariam reuerenter.</p>
                    <p>Si uero aliqua de personis predictis non de suo decanatu, ubi moram trahebat tempore captionis, fuisse dicatur communiter fama currat super hoc et laboret, presbiteri et capellani illius decanatus, ubi capta fuisse dicatur, jllud idem faciant et obseruent quod in casu precipitur precedenti secundum et juxta traditam jbi formam.</p>
                </div>
                <div>
                    <head>Capitulum 2</head>
                    <p>(2) Item precipimus, ut quocienscumque dictos presbiteros diuina celebrare contigerit, prout ad eorum spectare poterit officium, parrochianos suos moneant jn publico ut, si quid sciant de captione predictorum nominibusque capiencium uel personis, aut vbi persone sic capte detinentur, jllud decano suo, curatis suis, uel capellanis eorumdem, jnfra tempus a dictis presbiteris limitatum, sub pena excommunicationis, reuelent.</p>
                    <p>Sint eciam dicti presbiteri de dictis capientibus nominibusque capiencium et personis et locis, ubi persone sic capte detineri dicuntur, jnquirendis diligentes et attentj; alias de negligencia sua, si et prout de ea reprehensi, fuerint, punientur.</p>
                </div>
                <div>
                    <head>Footnotes</head>
                </div>
            </div>
        </body>
    </text>
</root>
