<?xml version="1.0" ?>
<root>
    <teiHeader>
        <fileDesc>
            <titleStmt>
                <title>Cambrai</title>
                <recordID>0771</recordID>
                <transcription/>
                <respStmt>
                    <resp/>
                    <name/>
                    <note>
                        <date/>
                        <problems/>
                    </note>
                </respStmt>
            </titleStmt>
            <sourceDesc>
                <baseText/>
                <textNeeded/>
                <noKnownText/>
                <fragment/>
                <ocrNote/>
                <msDesc/>
                <bibl/>
                <sourceNote/>
            </sourceDesc>
        </fileDesc>
        <profileDesc>
            <langUsage>Latin</langUsage>
            <languageNote/>
            <langUsage/>
            <creation>
                <year>1325</year>
                <origDate>1325-10-18</origDate>
                <dateNotes/>
                <origPlace>Cambrai</origPlace>
                <diocese>Cambrai</diocese>
                <province>Reims</province>
                <country>France</country>
                <geo/>
                <placeNotes/>
                <orgName/>
                <persName/>
                <altName/>
                <regnalYears/>
                <delegated/>
                <classNotes/>
            </creation>
            <textDesc>
                <domain>Diocesan</domain>
            </textDesc>
            <genNotes/>
        </profileDesc>
    </teiHeader>
    <text>
        <body>
            <div>
                <head>Metadata</head>
                <p>RecordID: 771</p>
                <p>Year_Sort: 1325</p>
                <p>Year: 1325</p>
                <p>Month: 10</p>
                <p>Day: 18</p>
                <p>Circa: None</p>
                <p>DatingNotes: None</p>
                <p>Place: Cambrai</p>
                <p>Diocese: Cambrai</p>
                <p>Province: Reims</p>
                <p>CountryModern: France</p>
                <p>Jurisdiction_ID: D430</p>
                <p>Jurisdiction_ID2: None</p>
                <p>Jurisdiction_ID3: None</p>
                <p>Latitude: 50.175579</p>
                <p>Longitude: 3.2345</p>
                <p>PlaceNotes: None</p>
                <p>Classification: Diocesan</p>
                <p>IssuingAuthority: Gui III de Boulogne</p>
                <p>IssuingAuthorityAlt: None</p>
                <p>RegnalStart: 1324</p>
                <p>RegnalEnd: 1336</p>
                <p>Delegated: None</p>
                <p>ClassificationNotes: None</p>
                <p>Language: Latin</p>
                <p>LanguageNotes: None</p>
                <p>TextNeeded: None</p>
                <p>NoKnownText: None</p>
                <p>Fragment: None</p>
                <p>Source: None</p>
                <p>SourceOther: None</p>
                <p>Edition: Reusens, Statuta, 88-89</p>
                <p>EditionOther: None</p>
                <p>SourceNotes: None</p>
                <p>TranscriptionNotes: Reviewed </p>
                <p>BaseText: ['GoogleBooks', 'Library Scan', 'WebDownload']</p>
                <p>OCR: Yes</p>
                <p>Transcription: None</p>
                <p>GeneralNotes: None</p>
                <p>BiblioRefs: None</p>
            </div>
            <div>
                <head>Text</head>
                <div>
                    <head>Incipit</head>
                    <p>Locus LIIus.</p>
                    <p>Anno Domini Mo CCCo XXVo.</p>
                </div>
                <div>
                    <head>Capitulum 1</head>
                    <p>(1) Hec sunt statuta de nouo edita in sancta synodo in ecclesia Cameracensi feria VIa jn die beati Luce, anno Domini Mo CCCo XXVo, per venerabiles et discretos viros commissarios a reuerendo in Christo patre domino Guidone [1], Dei gratia venerabili Cameracensi episcopo, super hoc specialiter deputatos.</p>
                </div>
                <div>
                    <head>Capitulum 2</head>
                    <p>(2) Precipiendo statuimus, ne quis pro sacro crismate habendo mittat laycum uel mulierem, sed dumtaxat clericum honestum et discretum.</p>
                    <p>Et si quis contra fecerit, jncurrat penam viginti solidorum parisiensium.</p>
                </div>
                <div>
                    <head>Capitulum 3</head>
                    <p>(3) Item statuendo precipimus sub pena viginti solidorum parisiensium, ne quis presbiter permittat altari uel circa altare mulierem ministrare, dum diuina celebrantur jbidem.</p>
                </div>
                <div>
                    <head>Footnotes</head>
                    <p>[1] Originally G[uidone].</p>
                </div>
            </div>
        </body>
    </text>
</root>
