<?xml version="1.0" ?>
<root>
    <teiHeader>
        <fileDesc>
            <titleStmt>
                <title>Cambrai</title>
                <recordID>0776</recordID>
                <transcription/>
                <respStmt>
                    <resp/>
                    <name/>
                    <note>
                        <date/>
                        <problems/>
                    </note>
                </respStmt>
            </titleStmt>
            <sourceDesc>
                <baseText/>
                <textNeeded/>
                <noKnownText/>
                <fragment/>
                <ocrNote/>
                <msDesc/>
                <bibl/>
                <sourceNote/>
            </sourceDesc>
        </fileDesc>
        <profileDesc>
            <langUsage>Latin</langUsage>
            <languageNote/>
            <langUsage/>
            <creation>
                <year>1315</year>
                <origDate>1315-10-01</origDate>
                <dateNotes/>
                <origPlace>Cambrai</origPlace>
                <diocese>Cambrai</diocese>
                <province>Reims</province>
                <country>France</country>
                <geo/>
                <placeNotes/>
                <orgName/>
                <persName/>
                <altName/>
                <regnalYears/>
                <delegated/>
                <classNotes/>
            </creation>
            <textDesc>
                <domain>Diocesan</domain>
            </textDesc>
            <genNotes/>
        </profileDesc>
    </teiHeader>
    <text>
        <body>
            <div>
                <head>Metadata</head>
                <p>RecordID: 776</p>
                <p>Year_Sort: 1315</p>
                <p>Year: 1315</p>
                <p>Month: 10</p>
                <p>Day: 1</p>
                <p>Circa: None</p>
                <p>DatingNotes: None</p>
                <p>Place: Cambrai</p>
                <p>Diocese: Cambrai</p>
                <p>Province: Reims</p>
                <p>CountryModern: France</p>
                <p>Jurisdiction_ID: D430</p>
                <p>Jurisdiction_ID2: None</p>
                <p>Jurisdiction_ID3: None</p>
                <p>Latitude: 50.175579</p>
                <p>Longitude: 3.2345</p>
                <p>PlaceNotes: None</p>
                <p>Classification: Diocesan</p>
                <p>IssuingAuthority: Pierre de Lévis-Mirepoix</p>
                <p>IssuingAuthorityAlt: None</p>
                <p>RegnalStart: 1309</p>
                <p>RegnalEnd: 1324</p>
                <p>Delegated: None</p>
                <p>ClassificationNotes: None</p>
                <p>Language: Latin</p>
                <p>LanguageNotes: None</p>
                <p>TextNeeded: None</p>
                <p>NoKnownText: None</p>
                <p>Fragment: None</p>
                <p>Source: Tilburg, Universiteitsbibliotheek (olim Bibliotheek Theologische Faculteit), MS 15, fol. 41rv</p>
                <p>SourceOther: None</p>
                <p>Edition: Gousset, APER, II 502-504</p>
                <p>EditionOther: None</p>
                <p>SourceNotes: https://books.google.com/books?id=L9U-AAAAcAAJ</p>
                <p>TranscriptionNotes: Reviewed </p>
                <p>BaseText: WebDownload</p>
                <p>OCR: Yes</p>
                <p>Transcription: None</p>
                <p>GeneralNotes: None</p>
                <p>BiblioRefs: None</p>
            </div>
            <div>
                <head>Text</head>
                <div>
                    <head>Capitulum 1</head>
                    <p>(1) Titulo de executione statutorum synodalium.</p>
                    <p>Quia plerumque ex dilata executione mandatorum vel statutorum nostrorum synodalium scandala provenerunt, statuimus, mandamus et praecipimus, ut ubicumque per statuta nostra synodalia cessandum fuerit a divinis, cessetur ibidem juxta statuta praedicta, absque alterius nostri vel officialis nostri Cameracensis expectatione mandati.</p>
                </div>
                <div>
                    <head>Capitulum 2</head>
                    <p>(2) In titulo de exequiis mortuorum, et ea tangentibus.</p>
                    <p>In paragrapho: Item, si terris ecclesiae ab ipsis excultis, etc. post verba: Decedant inter festa, addimus ista: vel in aliqua alia parte anni, dum tamen fructus aliquos non perceperint.</p>
                    <p>Item, denuntiantur excommunicati auctoritate concilii provincialis...</p>
                </div>
                <div>
                    <head>Capitulum 3</head>
                    <p>(3) Item titulo de matrimonio.</p>
                    <p>Quia in quibusdam partibus nostrae Cameracensis dioecesis, quod dolentes referimus, nonnulli tam viri quam uxores simul matrimonialiter copulati, ad suggestionem diaboli, qui semper in hoc mundo parat discordias, et non cessat zizania seminare, Christique fideles ab unitate fidei separare, ex quadam displicentia seu discordia, sua temeritate propria, et absque Ecclesiae judicio, contra praeceptum Domini et apostolicas sanctiones sese ab invicem separant et dividunt, de facto divortium inter se ad sui libitum celebrando, viri scilicet, dimissis suis uxoribus propriis, alias uxores etiam viris aliis conjugatas, et uxores alios viros sibi damnabiliter associant et conjungunt, alter alteri in domo, loco et aliis, quasi vir et uxor conjugati, penitus adhaerendo, et in Dei et Ecclesiae scandalum publice et luxuriose vivendo.</p>
                    <p>Nos ergo tantis in Ecclesia Dei scandalis tantisque erroribus et subditorum nostrorum animarum periculis, prout ex debito tenemur officii, occurere cupientes, statuendo praecipimus, ne aliqui de caetero, tam viri quam uxores, absque Ecclesiae judicio, sese ab invicem separent aut dividant, causa divortii inter eos faciendi.</p>
                    <p>Qui vero contrarium fecerint, in excommunicationis sententiam, quam in ipsos ferimus, incidant ipso facto.</p>
                </div>
                <div>
                    <head>Capitulum 4</head>
                    <p>(4) Item titulo de testamentis.</p>
                    <p>Quia in quibusdam villis nostrae dioecesis Cameracensis sunt nonnulli laici, tam judices quam non judices, asserentes et sustinere nitentes ultimas decedentium voluntates ac eorum testamenta non aliter valere, tenere, aut habere roboris firmitatem, nisi in praedictorum confectione scabini loci, aut saltem duo de ipsis praesentes interfuerint ad hoc vocati specialiter et rogati, asserentes secundum suum usum, quem praetendunt, quod per alios testes quam scabinos probari non valeat ultima dispositio testamentorum.</p>
                    <p>Nos igitur attendentes quod praedictus abusus evidenter est contrarius rationi, quodque per praedictum abusum, si toleraretur de caetero, praedictas defunctorum voluntates saepe et saepius indebite contingeret irritari, statuendo praecipimus et firmiter inhibemus ne quis occasione abusus hujusmodi praedicta defunctorum testamenta, aut eorum voluntates ultimas, aliter tamen rite factas, impedire aut impugnare praesumat.</p>
                    <p>Qui vero contrarium fecerit, in excommunicationis sententiam incidat ipso facto.</p>
                </div>
                <div>
                    <head>Capitulum 5</head>
                    <p>(5) Item eodem titulo.</p>
                    <p>Item, quia in quibusdam locis et villis nostrae Cameracensis dioecesis, nonnulli laicalis justitiae asserunt et sustinere nituntur, quod secundum usum suum, legata et donationes causa mortis, quas faciunt decedentes, non valeant nec habeant roboris firmitatem, nisi testator delecto mortis consurgens, extra domum in qua jacet, per XL. pedum spatium pedes vadat, et ibidem de bonis suis ordinet et disponat.</p>
                    <p>Sunt etiam aliqui laici judices asserentes quod non valent, nec tenent legata, donationes et eleemosynae defunctorum, nisi de datis et relictis testator in vita sua, propria manu legatariis et donatariis propriam possessionem tradiderit et saisinam, ad iniquitatem suam et malitiam tollendam quemdam abusam nefandissimum pro consuetudine praetendentes.</p>
                    <p>Nos igitur attendentes quam piae, quam favorabiles sunt ultimae voluntates, ex quantoque cupiditatis et malitiae fomite haec praetensio [1] sumpserit fundamentum, statuimus ut legata, donationes et eleemosynae defunctorum valeant et teneant, sive in lecto mortis, sive in domo facta fuerint, et si defunctus de praedictis datis et legatis legatariis et donatariis in vita sua possessionem non tradiderit vel saisinam, dicto abusu contrario non obstante; dum tamen non supersit alia causa legitima, propter quam possint et debeant impugnari; inhibentes ne quicumque judices occasione dictorum abusuum vel alicujus eorumdem, dicta legata aut legationes fraudulenter impediant aut impugnare praesumant.</p>
                    <p>Qui vero contrarium facere praesumpserint, in excommunicationis sententiam incidant ipso facto.</p>
                    <p>Item, praecipimus et mandamus firmiter injungendo omnibus et singulis parochialium ecclesiarum curatis Cameracensis dioecesis, ut haec statuta in sancta synodo facta per nos, singulis diebus dominicis in ecclesiis suis coram populo in materna lingua publicent et exponant.</p>
                    <p>Qui vero in his exequendis repertus fuerit negligens vel remissus, pro sua negligentia graviter se sentiat puniendum.</p>
                    <p>Excommunicatos a canone nunciamus eos, qui exempti et non exempti, interdicti tempore, in casibus non concessis a jure, vel excommunicatos publice, vel nominatim interdictos, vel usurarios manifestos scienter in cimiteriis fuerint ausi sepelire.</p>
                </div>
                <div>
                    <head>Capitulum 6</head>
                    <p>(6) Item, titulo de matrimonio.</p>
                    <p>Excommunicatos a canone nunciamus eos qui in gradibus consanguinitatis vel affinitatis aut in sacris ordinibus constituti vel religionem professi, scienter, contrahere non verentur, quorum nomina per curatos locorum ubi moram trahant, cum ad ipsorum notitiam pervenerit, notificari volumus absque mora, ut contra tales, prout justum fuerit, procedere valeamus.</p>
                </div>
                <div>
                    <head>Capitulum 7</head>
                    <p>(7) Item, titulo de sententia excommunicationis.</p>
                    <p>Excommunicatos a canone nunciamus omnes et singulos religiosos, tam exemptos quam non exemptos, qui in civitate Cameracensi, villis aut castris Cameracensis nostrae dioecesis, in quibus cathedralem vel matricem ecclesiam loci auctoritate statutorum provincialium vel synodalium interdictum seu cessationem sciverint observari in suis... [2] ab illo statutum quod incipit.</p>
                    <p>Item, sacerdotes excommunicent et nuncient excommunicatos omnes illos, etc. illa verba excommunicatos denuntient subtrahimus, et post illa verba in fine dicti statuti contenta, videlicet publice vel occulte statuendo addimus haec verba: Quos etiam ex tunc ipso facto excommunicamus, necnon omnes et singulos consilium, auxilium, mandatum, aut favorem dantes circa conspirationem hujusmodi, sub qua et per quam intelligimus et declaramus contineri alligationes, confederationes, ac durationes expensarum, seu casuum contributiones.</p>
                </div>
                <div>
                    <head>Capitulum 8</head>
                    <p>(8) Item titulo de executione statutorum synodalium.</p>
                    <p>Nonnulli presbyteri et capellani scientes seu scire debentes se teneri ad observationem statutorum synodalium, statuta hujusmodi in causa cessationis non observant, sed potius statutis hujusmodi spretis et contemptis, ignorantiam in hoc casu affectantes, seu fingentes, celebrare, ubi cessari debet, et aliter quam de jure permissum est, scienter praesumunt.</p>
                    <p>Nos cupientes contra haec statuendo adhibere remedium optimum, tales ipso facto, ex tunc a divinis suspendimus, et si suspensi hujusmodi per sex dies non se abstinuerint, excommunicamus eosdem, et excommunicatos mandamus publice nunciari.</p>
                </div>
                <div>
                    <head>Capitulum 9</head>
                    <p>(9) Item eodem titulo.</p>
                    <p>Absolutionem seu relaxationem a sententia excommunicationis, supensionis seu interdicti, in his statutis antiquis vel novis contenta, si quis eas incurrerit, nobis, aut episcopo Cameracensi, seu ejus locum tenenti, aut officiali Cameracensi, specialiter, praeterquam in mortis articulo, reservamus.</p>
                </div>
                <div>
                    <head>Footnotes</head>
                    <p>[1] Originally [haec praetensio].</p>
                    <p>[2] Note in edition: Hic laceratum est folium.</p>
                </div>
            </div>
        </body>
    </text>
</root>
