<?xml version="1.0" ?>
<root>
    <teiHeader>
        <fileDesc>
            <titleStmt>
                <title>Angers</title>
                <recordID>0806</recordID>
                <transcription/>
                <respStmt>
                    <resp/>
                    <name/>
                    <note>
                        <date/>
                        <problems/>
                    </note>
                </respStmt>
            </titleStmt>
            <sourceDesc>
                <baseText/>
                <textNeeded/>
                <noKnownText/>
                <fragment/>
                <ocrNote/>
                <msDesc/>
                <bibl/>
                <sourceNote/>
            </sourceDesc>
        </fileDesc>
        <profileDesc>
            <langUsage>Latin</langUsage>
            <languageNote/>
            <langUsage/>
            <creation>
                <year>1266</year>
                <origDate>1266</origDate>
                <dateNotes/>
                <origPlace>Angers</origPlace>
                <diocese>Angers</diocese>
                <province>Tours</province>
                <country>France</country>
                <geo/>
                <placeNotes/>
                <orgName/>
                <persName/>
                <altName/>
                <regnalYears/>
                <delegated/>
                <classNotes/>
            </creation>
            <textDesc>
                <domain>Diocesan</domain>
            </textDesc>
            <genNotes/>
        </profileDesc>
    </teiHeader>
    <text>
        <body>
            <div>
                <head>Metadata</head>
                <p>RecordID: 806</p>
                <p>Year_Sort: 1266</p>
                <p>Year: 1266</p>
                <p>Month: None</p>
                <p>Day: None</p>
                <p>Circa: None</p>
                <p>DatingNotes: Pentecostal synod</p>
                <p>Place: Angers</p>
                <p>Diocese: Angers</p>
                <p>Province: Tours</p>
                <p>CountryModern: France</p>
                <p>Jurisdiction_ID: D441</p>
                <p>Jurisdiction_ID2: None</p>
                <p>Jurisdiction_ID3: None</p>
                <p>Latitude: 47.473612</p>
                <p>Longitude: -0.554167</p>
                <p>PlaceNotes: None</p>
                <p>Classification: Diocesan</p>
                <p>IssuingAuthority: Nicolas Gellent</p>
                <p>IssuingAuthorityAlt: Nicholaus Gelant</p>
                <p>RegnalStart: 1260</p>
                <p>RegnalEnd: 1291</p>
                <p>Delegated: None</p>
                <p>ClassificationNotes: None</p>
                <p>Language: Latin</p>
                <p>LanguageNotes: None</p>
                <p>TextNeeded: None</p>
                <p>NoKnownText: None</p>
                <p>Fragment: None</p>
                <p>Source: None</p>
                <p>SourceOther: None</p>
                <p>Edition: Avril, Statuts, III, 94-97</p>
                <p>EditionOther: None</p>
                <p>SourceNotes: None</p>
                <p>TranscriptionNotes: Reviewed </p>
                <p>BaseText: Hard Copy Scan</p>
                <p>OCR: Yes</p>
                <p>Transcription: None</p>
                <p>GeneralNotes: None</p>
                <p>BiblioRefs: None</p>
            </div>
            <div>
                <head>Text</head>
                <div>
                    <head>All Text</head>
                    <p>Idem in synodo Penthecostes anno Domini millesimo CCo sexagesimo sexto.</p>
                    <p>De relacione testamentorum.</p>
                    <p>Cum pluries in statutis nostris synodlibus vobis rectoribus et sacerdotibus injunxerimus, quod vos nobis vel officiali nostro Andegavensis curie, cui in hac parte vices nostras commisimus, omnia testamenta X librarum summam excedencia in vestris parrochiis decedencium, infra mensem a tempore mortis testatoris, denunciaretis et nomina executorum, quod minime adimplere curastis.</p>
                    <p>Nos affectantes quod timor pene ad obedienciam vos inducat, significamus vobis omnibus et singulis quod, si quis vestrum hoc de cetero neglexerit adimplere, et per inquisitionem nostram seu inquestam, vel alias per alium quam per vos, post mensem elapsum super alicujus testamentum denunciacio facta fuerit, nos terciam partem eorum que competent negligenti racione juris funerancii ex nunc nobis retinemus per manum nostram erogandam quibus viderimus expedire.</p>
                </div>
                <div>
                    <head>Footnotes</head>
                </div>
            </div>
        </body>
    </text>
</root>
