<?xml version="1.0" ?>
<root>
    <teiHeader>
        <fileDesc>
            <titleStmt>
                <title>Angers</title>
                <recordID>0822</recordID>
                <transcription/>
                <respStmt>
                    <resp/>
                    <name/>
                    <note>
                        <date/>
                        <problems/>
                    </note>
                </respStmt>
            </titleStmt>
            <sourceDesc>
                <baseText/>
                <textNeeded/>
                <noKnownText/>
                <fragment/>
                <ocrNote/>
                <msDesc/>
                <bibl/>
                <sourceNote/>
            </sourceDesc>
        </fileDesc>
        <profileDesc>
            <langUsage>Latin</langUsage>
            <languageNote/>
            <langUsage/>
            <creation>
                <year>1282</year>
                <origDate>1282</origDate>
                <dateNotes/>
                <origPlace>Angers</origPlace>
                <diocese>Angers</diocese>
                <province>Tours</province>
                <country>France</country>
                <geo/>
                <placeNotes/>
                <orgName/>
                <persName/>
                <altName/>
                <regnalYears/>
                <delegated/>
                <classNotes/>
            </creation>
            <textDesc>
                <domain>Diocesan</domain>
            </textDesc>
            <genNotes/>
        </profileDesc>
    </teiHeader>
    <text>
        <body>
            <div>
                <head>Metadata</head>
                <p>RecordID: 822</p>
                <p>Year_Sort: 1282</p>
                <p>Year: 1282</p>
                <p>Month: None</p>
                <p>Day: None</p>
                <p>Circa: None</p>
                <p>DatingNotes: Saint Luke</p>
                <p>Place: Angers</p>
                <p>Diocese: Angers</p>
                <p>Province: Tours</p>
                <p>CountryModern: France</p>
                <p>Jurisdiction_ID: D441</p>
                <p>Jurisdiction_ID2: None</p>
                <p>Jurisdiction_ID3: None</p>
                <p>Latitude: 47.473612</p>
                <p>Longitude: -0.554167</p>
                <p>PlaceNotes: None</p>
                <p>Classification: Diocesan</p>
                <p>IssuingAuthority: Nicolas Gellent</p>
                <p>IssuingAuthorityAlt: Nicholaus Gelant</p>
                <p>RegnalStart: 1260</p>
                <p>RegnalEnd: 1291</p>
                <p>Delegated: None</p>
                <p>ClassificationNotes: None</p>
                <p>Language: Latin</p>
                <p>LanguageNotes: None</p>
                <p>TextNeeded: None</p>
                <p>NoKnownText: None</p>
                <p>Fragment: None</p>
                <p>Source: None</p>
                <p>SourceOther: None</p>
                <p>Edition: Avril, Statuts, III, 146-49</p>
                <p>EditionOther: None</p>
                <p>SourceNotes: None</p>
                <p>TranscriptionNotes: Reviewed </p>
                <p>BaseText: Hard Copy Scan</p>
                <p>OCR: Yes</p>
                <p>Transcription: None</p>
                <p>GeneralNotes: None</p>
                <p>BiblioRefs: None</p>
            </div>
            <div>
                <head>Text</head>
                <div>
                    <head>All Text</head>
                    <p>Idem in synodo sancti Luce anno Domini Mo CCo LXXXo IIo.</p>
                    <p>De observacione festorum.</p>
                    <p>Quia illud quod sit in prelatis de facili trahitur a subditis in exemplum, et prelati tot mortibus digni sunt quod mala exempla ad subjectos transmittunt, qui bona exempla et doctrinam debent populo ministrare, idcirco nos indevotionibus et, ut verius dicamus, perversitatibus quorumdam prelatorum tam regularium quam secularium et rectorum ecclesiarum occurrere cupientes, qui divini mandati transgressores in diebus dominicis et aliis solempnitatibus festivis, terrenas operaciones exercent cum bobus quadrupedibusque, quadrigis et aliis terrenis operibus, spretis et neglectis divinis officiis, insistendo, sic fomentum erroris et perdicionis laycis et plebibus sibi commissis, suis malis exemplis exhibentes, precipimus in virtute obediencie et sub pena suspensionis universis et singulis abbatibus, prioribus, monachis, rectoribus ecclesiarum, presbiteris et capellanis, et omnibus ecclesiasticis personis in civitate et dyocesi Andegavensi constitutis, ne in diebus dominicis et aliis solempnibus et festivis, et maxime Mauricii et Maurilii, patronorum nostrorum, solempnitatibus beate Marie Virginis, sanctorum Apostolorum et aliis, que in civitate et dyocesi Andegavensi consueverunt a clero et populo solempniter celebrari, operacionibus terrenis insistant, sed divinis officiis insudantes, laycos et populos sibi commissos verbo et exemplo inducant, et eis efficaciter injungant memoratis diebus a terrenis operibus abstinere eosdem ut ad ecclesiam conveniant ad divinum officium exhortando.</p>
                </div>
                <div>
                    <head>Footnotes</head>
                </div>
            </div>
        </body>
    </text>
</root>
