<?xml version="1.0" ?>
<root>
    <teiHeader>
        <fileDesc>
            <titleStmt>
                <title>Tortosa</title>
                <recordID>0868</recordID>
                <transcription/>
                <respStmt>
                    <resp/>
                    <name/>
                    <note>
                        <date/>
                        <problems/>
                    </note>
                </respStmt>
            </titleStmt>
            <sourceDesc>
                <baseText/>
                <textNeeded/>
                <noKnownText/>
                <fragment/>
                <ocrNote/>
                <msDesc/>
                <bibl/>
                <sourceNote/>
            </sourceDesc>
        </fileDesc>
        <profileDesc>
            <langUsage>Latin</langUsage>
            <languageNote/>
            <langUsage/>
            <creation>
                <year>1324</year>
                <origDate>1324-04-30</origDate>
                <dateNotes/>
                <origPlace>Tortosa</origPlace>
                <diocese>Tortosa</diocese>
                <province>Tarragona</province>
                <country>Spain</country>
                <geo/>
                <placeNotes/>
                <orgName/>
                <persName/>
                <altName/>
                <regnalYears/>
                <delegated/>
                <classNotes/>
            </creation>
            <textDesc>
                <domain>Diocesan</domain>
            </textDesc>
            <genNotes/>
        </profileDesc>
    </teiHeader>
    <text>
        <body>
            <div>
                <head>Metadata</head>
                <p>RecordID: 868</p>
                <p>Year_Sort: 1324</p>
                <p>Year: 1324</p>
                <p>Month: 4</p>
                <p>Day: 30</p>
                <p>Circa: None</p>
                <p>DatingNotes: None</p>
                <p>Place: Tortosa</p>
                <p>Diocese: Tortosa</p>
                <p>Province: Tarragona</p>
                <p>CountryModern: Spain</p>
                <p>Jurisdiction_ID: D645</p>
                <p>Jurisdiction_ID2: None</p>
                <p>Jurisdiction_ID3: None</p>
                <p>Latitude: 40.812778</p>
                <p>Longitude: 0.523333</p>
                <p>PlaceNotes: None</p>
                <p>Classification: Diocesan</p>
                <p>IssuingAuthority: Berenguer de Prats</p>
                <p>IssuingAuthorityAlt: None</p>
                <p>RegnalStart: 1316</p>
                <p>RegnalEnd: 1340</p>
                <p>Delegated: None</p>
                <p>ClassificationNotes: None</p>
                <p>Language: Latin</p>
                <p>LanguageNotes: None</p>
                <p>TextNeeded: None</p>
                <p>NoKnownText: None</p>
                <p>Fragment: None</p>
                <p>Source: None</p>
                <p>SourceOther: None</p>
                <p>Edition: Synodicon Hispanum, XII, 633-34</p>
                <p>EditionOther: None</p>
                <p>SourceNotes: None</p>
                <p>TranscriptionNotes: Reviewed </p>
                <p>BaseText: ['Library Scan', 'Hard Copy Scan']</p>
                <p>OCR: Yes</p>
                <p>Transcription: None</p>
                <p>GeneralNotes: None</p>
                <p>BiblioRefs: None</p>
            </div>
            <div>
                <head>Text</head>
                <div>
                    <head>All Text</head>
                    <p>Inscriptio [1].</p>
                    <p>Eiusdem domini Berengarii synodus tertia.</p>
                    <p>Recitatio aliquarum constitutionum supra dictarum, edita per dominum Berengarium die lunae, quae computabatur secundo kalendas madii, anno Domini millesimo trecentesimo vicesimo quarto.</p>
                    <p>Publicatio unius constitutionis papae Joannis XXII et duarum constitutionum concilii provincialis Terraconensis archiepiscopi Eximenii [2].</p>
                    <p>Reverendus in Christo pater et dominus dominus Berengarius, divina providentia Dertusensis episcopus, celebravit synodum in sede Dertusensi et fecit publicare quandam constitutionem sanctissimi in Christo patris et domini nostri Joannis, divina providentia XXII. sacrosanctae Romanae ecclesiae summi pontificis, quae sic incipit Joannes episcopus, servus servorum Dei, venerabilibus fratribus patriarchis, archiepiscopis, episcopis ac dilectis filiis.</p>
                    <p>Electis, etc. [3].</p>
                    <p>Item, fecit publicari duas constitutiones reverendissimi domini patris et domini Eximenii, divina providentia sanctae Terraconensis ecclesiae archiepiscopi, editas noviter in sacro concilio Terraconae, quarum una incipit Praedecessorum nostrorum qui damnaverunt, etc. [4].</p>
                    <p>Nulla alia constitutione edita per dominum episcopum supra dictum, sed alias constitutiones, tam provinciales quam synodales iam editas, fecit legi et etiam recitari.</p>
                </div>
                <div>
                    <head>Footnotes</head>
                    <p>[1] In brackets</p>
                    <p>[2] Sentence in brackets</p>
                    <p>[3] From Joannes in quotation marks</p>
                    <p>[4] From Praedecessorum in quotation marks</p>
                </div>
            </div>
        </body>
    </text>
</root>
