<?xml version="1.0" ?>
<root>
    <teiHeader>
        <fileDesc>
            <titleStmt>
                <title>Tortosa</title>
                <recordID>0869</recordID>
                <transcription/>
                <respStmt>
                    <resp/>
                    <name/>
                    <note>
                        <date/>
                        <problems/>
                    </note>
                </respStmt>
            </titleStmt>
            <sourceDesc>
                <baseText/>
                <textNeeded/>
                <noKnownText/>
                <fragment/>
                <ocrNote/>
                <msDesc/>
                <bibl/>
                <sourceNote/>
            </sourceDesc>
        </fileDesc>
        <profileDesc>
            <langUsage>Latin</langUsage>
            <languageNote/>
            <langUsage/>
            <creation>
                <year>1328</year>
                <origDate>1328-04-19</origDate>
                <dateNotes/>
                <origPlace>Tortosa</origPlace>
                <diocese>Tortosa</diocese>
                <province>Tarragona</province>
                <country>Spain</country>
                <geo/>
                <placeNotes/>
                <orgName/>
                <persName/>
                <altName/>
                <regnalYears/>
                <delegated/>
                <classNotes/>
            </creation>
            <textDesc>
                <domain>Diocesan</domain>
            </textDesc>
            <genNotes/>
        </profileDesc>
    </teiHeader>
    <text>
        <body>
            <div>
                <head>Metadata</head>
                <p>RecordID: 869</p>
                <p>Year_Sort: 1328</p>
                <p>Year: 1328</p>
                <p>Month: 4</p>
                <p>Day: 19</p>
                <p>Circa: None</p>
                <p>DatingNotes: None</p>
                <p>Place: Tortosa</p>
                <p>Diocese: Tortosa</p>
                <p>Province: Tarragona</p>
                <p>CountryModern: Spain</p>
                <p>Jurisdiction_ID: D645</p>
                <p>Jurisdiction_ID2: None</p>
                <p>Jurisdiction_ID3: None</p>
                <p>Latitude: 40.812778</p>
                <p>Longitude: 0.523333</p>
                <p>PlaceNotes: None</p>
                <p>Classification: Diocesan</p>
                <p>IssuingAuthority: Berenguer de Prats</p>
                <p>IssuingAuthorityAlt: None</p>
                <p>RegnalStart: 1316</p>
                <p>RegnalEnd: 1340</p>
                <p>Delegated: None</p>
                <p>ClassificationNotes: None</p>
                <p>Language: Latin</p>
                <p>LanguageNotes: None</p>
                <p>TextNeeded: None</p>
                <p>NoKnownText: None</p>
                <p>Fragment: None</p>
                <p>Source: None</p>
                <p>SourceOther: None</p>
                <p>Edition: Synodicon Hispanum, XII, 634-36</p>
                <p>EditionOther: None</p>
                <p>SourceNotes: None</p>
                <p>TranscriptionNotes: Reviewed </p>
                <p>BaseText: ['Library Scan', 'Hard Copy Scan']</p>
                <p>OCR: Yes</p>
                <p>Transcription: None</p>
                <p>GeneralNotes: None</p>
                <p>BiblioRefs: None</p>
            </div>
            <div>
                <head>Text</head>
                <div>
                    <head>Incipit</head>
                    <p>Inscriptio [1].</p>
                    <p>Synodus quarta domini Berengarii de Pratis.</p>
                    <p>Anno Domini millesimo trecentesimo vicesimo octavo, die martis, decimo tertio kalendas madii, reverendus in Christo pater et dominus Berengarius, episcopus Dertusensis, in synodo per ipsum celebrata in ecclesia Dertusensi fecit constitutiones infra scriptas.</p>
                </div>
                <div>
                    <head>Capitulum 1</head>
                    <p>(1) Quod obtinentes beneficium perpetuum vel annale intersint Horis canonicis in ecclesiis in quibus beneficiati exstiterint.</p>
                    <p>Multorum rectorum et aliorum nostrae dioecesis querelis frequentius excitati, compellimur, urgente nos conscientia, circa ea quae periculum animarum in subditis et clericis et cultus divini ac honoris ecclesiarum desertionem inducunt, salubribus remediis obviare.</p>
                    <p>Sane pervenit ad nos quod nonnulli presbyteri, capellanias perpetuas vel annales in ecclesiis civitatis et dioecesis nostrae obtinentes, nolunt interesse missis et aliis Horis canonicis nocturnis pariter et diurnis cum rectoribus vel vicariis qui eas celebrant, cantant seu recitant in eisdem.</p>
                    <p>Eapropter nos Berengarius, miseratione divina Dertusensis episcopus, sanctam synodum celebrantes in nostra ecclesia Dertusensi, attendentes quod de iure communi presbyteri, beneficiati et alii in sacris ordinibus constituti tenentur Horis canonicis diurnis pariter et nocturnis in ecclesiis interesse, de consilio et assensu venerabilium Raymundi de Paholaco, prioris, et capituli nostri, approbantes et confirmantes constitutiones nostras et praedecessorum nostrorum hactenus editas, et eas in suo robore perdurare volentes, specialiter constitutionem bonae memoriae domini Petri, predecessoris nostri, quae incipit Anno Domini millesimo trecentesimo octavo, secundo idus novembris, nos Petrus, miseratione divina, etc. [2], statuimus et ordinamus et in virtute sanctae obedientiae districte praecipiendo mandamus quod omnes presbyteri capellanias perpetuas vel etiam annales in ecclesiis civitatis vel dioecesis Dertusensis obtinentes, vel qui eas obtinuerint in futurum, sint et teneantur interesse cum superpelliciis continue missis et omnibus Horis canonicis diurnis pariterque nocturnis, quas in ecclesiis, in quibus ipsas capellanias habent vel de cetero habuerint [3], contingerit celebrari; ac etiam processionibus, quas extra ipsas ecclesias per conventum nostrae sedis vel per rectores ecclesiarum ipsarum vel vicarios eorumdem fieri contigerit, interesse nihilominus teneantur.</p>
                    <p>Adicientes quod nullus de praedictis presbyteris, capellanias perpetuas vel annales habentibus, audeat se absentare a locis in quibus ipsas capellanias celebrare tenentur, absque rectorum ecclesiarum in quibus dictae capellaniae celebrandae sunt, vel eorum loca tenentium, licentia speciali petita pariter et obtenta.</p>
                    <p>Super quam licentiam concedendam, rectorum ipsorum et eorum loca tenentium conscientias oneramus, scientes quos si praedicti presbyteri rebelles fuerint vel etiam contumaces, eos poena debita, exigente iustitia, fortiter puniemus.</p>
                    <p>Mandantes nihilominus, in virtute sanctae obedientiae, omnibus rectoribus civitatis et nostrae dioecesis, et eorum loca tenentibus, quod si eos circa praedicta negligentes invenerint vel rebelles, nos per suas litteras vel saltem in sequentibus synodis de eorum negligentia vel contumacia debeant certificare, ut eorum crescente contumacia, poenam etiam augeamus.</p>
                </div>
                <div>
                    <head>Capitulum 2</head>
                    <p>(2) Quod rectores, vicarii vel alii venientes ad civitatem Dertusae se repraesentent episcopo, vicario vel officiali.</p>
                    <p>Item, statuimus et ordinamus, de consilio et assensu prioris et capituli praedictorum, quod si quis rectorum nostrae dioecesis vel vicarius vel alius presbyter capellaniam perpetuam vel annalem in nostra dioecesi obtinens vel qui de cetero obtinuerit, ad civitatem Dertusensem contigerit ex quacumque causa venire, nobis, si praesentes ibidem fuerimus, vel vicario seu officiali nostro, die qua ipsam civitatem intraverit vel saltem in crastinum se praesentare, et nobis vel eisdem causam sui adventus exprimere teneatur.</p>
                    <p>Et idem de triduo in triduum, quamdiu ibidem fuerit, facere sit astrictus.</p>
                    <p>Quod si forte praedicta facere noluerit, si rector vel vicarius fuerit, viginti solidorum, si vero alius non habens curam animarum decem solidorum poenam ipso facto incurrat.</p>
                </div>
                <div>
                    <head>Capitulum 3</head>
                    <p>(3) Item, quod rectores obtinentes beneficia non recipiant alias capellanias.</p>
                    <p>Avaritiae caecitas et damnandae cupiditatis improbitas sic quorumdam clericorum, tam curata quam simplicia beneficia, perpetua seu annalia obtinentium [4], oculos excaecavit quod non contenti suis stipendiis, quibus commode sustentari possunt, ad alia inhiant, cum vix unum digne valeant obtinere.</p>
                    <p>Eapropter nos Berengarius, miseratione divina Dertusensis episcopus, de consilio et assensu prioris et capituli praedictorum, statuimus et ordinamus quod nullus rector vel vicarius perpetuus vel temporalis civitatis vel nostrae dioecesis, vel presbyter alius perpetuam vel temporalem capellaniam obtinens in eisdem vel qui ibidem eas obtinuerit in futurum, ipsas rectorias vel capellanias vel vicarias tenendo, audeat capellanias alias annales vel medias capellanias vel etiam trentenaria celebrare absque nostra vel officialium nostrorum, vel archipresbyteri Morellae in archipresbyteratu suo, licentia speciali petita pariter et obtenta.</p>
                    <p>Super quibus concedendis eorum officialium et archipresbyteri conscientias oneramus.</p>
                    <p>Qui vero contrarium fecerit, ingressum ecclesiae ipso facto, donec a nobis vel successoribus nostris dispensationem habuerit [5] sibi noverit interdictum.</p>
                    <p>Poenam autem huiusmodi constitutionis ultimae post festum instans sancti Joannis Baptistae mensis iunii locum sibi vendicare volumus, et non antea.</p>
                    <p>Datis Dertusae, in choro ipsius ecclesiae, decimo tertio kalendas madii, anno Domini millesimo trecentesimo vicesimo octavo.</p>
                </div>
                <div>
                    <head>Footnotes</head>
                    <p>[1] In brackets</p>
                    <p>[2] From Anno Domini in quotation marks</p>
                    <p>[3] From in quibus in parentheses</p>
                    <p>[4] From tam curata in parentheses</p>
                    <p>[5] From donec a nobis in parentheses</p>
                </div>
            </div>
        </body>
    </text>
</root>
