<?xml version="1.0" ?>
<root>
    <teiHeader>
        <fileDesc>
            <titleStmt>
                <title>Valencia</title>
                <recordID>0882</recordID>
                <transcription/>
                <respStmt>
                    <resp/>
                    <name/>
                    <note>
                        <date/>
                        <problems/>
                    </note>
                </respStmt>
            </titleStmt>
            <sourceDesc>
                <baseText/>
                <textNeeded/>
                <noKnownText/>
                <fragment/>
                <ocrNote/>
                <msDesc/>
                <bibl/>
                <sourceNote/>
            </sourceDesc>
        </fileDesc>
        <profileDesc>
            <langUsage>Latin</langUsage>
            <languageNote/>
            <langUsage/>
            <creation>
                <year>1273</year>
                <origDate>1273-10-24</origDate>
                <dateNotes/>
                <origPlace>Valencia</origPlace>
                <diocese>Valencia</diocese>
                <province>Tarragona</province>
                <country>Spain</country>
                <geo/>
                <placeNotes/>
                <orgName/>
                <persName/>
                <altName/>
                <regnalYears/>
                <delegated/>
                <classNotes/>
            </creation>
            <textDesc>
                <domain>Diocesan</domain>
            </textDesc>
            <genNotes/>
        </profileDesc>
    </teiHeader>
    <text>
        <body>
            <div>
                <head>Metadata</head>
                <p>RecordID: 882</p>
                <p>Year_Sort: 1273</p>
                <p>Year: 1273</p>
                <p>Month: 10</p>
                <p>Day: 24</p>
                <p>Circa: None</p>
                <p>DatingNotes: None</p>
                <p>Place: Valencia</p>
                <p>Diocese: Valencia</p>
                <p>Province: Tarragona</p>
                <p>CountryModern: Spain</p>
                <p>Jurisdiction_ID: D654</p>
                <p>Jurisdiction_ID2: None</p>
                <p>Jurisdiction_ID3: None</p>
                <p>Latitude: 39.470239</p>
                <p>Longitude: -0.376805</p>
                <p>PlaceNotes: None</p>
                <p>Classification: Diocesan</p>
                <p>IssuingAuthority: Andrés de Albalat</p>
                <p>IssuingAuthorityAlt: None</p>
                <p>RegnalStart: 1248</p>
                <p>RegnalEnd: 1276</p>
                <p>Delegated: None</p>
                <p>ClassificationNotes: None</p>
                <p>Language: Latin</p>
                <p>LanguageNotes: None</p>
                <p>TextNeeded: None</p>
                <p>NoKnownText: None</p>
                <p>Fragment: None</p>
                <p>Source: None</p>
                <p>SourceOther: None</p>
                <p>Edition: Synodicon Hispanum, XII, 722-24</p>
                <p>EditionOther: None</p>
                <p>SourceNotes: None</p>
                <p>TranscriptionNotes: Reviewed </p>
                <p>BaseText: ['Library Scan', 'Hard Copy Scan']</p>
                <p>OCR: Yes</p>
                <p>Transcription: None</p>
                <p>GeneralNotes: None</p>
                <p>BiblioRefs: None</p>
            </div>
            <div>
                <head>Text</head>
                <div>
                    <head>Capitulum 1</head>
                    <p>(1) De lusoribus ad aleas et taxillos, et denuntiantibus eos.</p>
                    <p>Anno Domini millesimo ducentesimo septuagesimo tertio, nono kalendas nouembris, nos frater Andreas, diuina miseratione Valentinus episcopus, prout moris est et a sanctis patribus constitutum, sanctam synodum in Valentina ecclesia celebrantes, sacra approbante synodo statuimus quod constitutiones per nos facte circa honestatem clericorum inuiolabiliter obseruentur.</p>
                    <p>Recolentes autem olim salubriter statuisse ne aliquis clericus in ciuitate et diocesi Valentina ad aleas ludere presumat uel ad ludum aliquem taxillorum, et quod uiolatores ipsius constitutionis penam quinque morabitinorum ipso facto incurrant.</p>
                    <p>Volentes adhibere remedium quod ipsa constrictius et firmius obseruetur, prefate constitutioni adicimus quod si quis aliquem transgressorem constitutionis predicte nobis uel officili nostro denuntiauerit, ita quod probari possit, tertiam partem de pena predicta habeat, constitutione predicta nichilominus in suo robore duratura.</p>
                </div>
                <div>
                    <head>Capitulum 2</head>
                    <p>(2) De ueste rotunda.</p>
                    <p>Item, quia nobis constat quod constitutio, quam olim fecisse recolimus, qua cauetur quod clerici parochiales et alii sacerdotes ciuitatis et diocesis Valentine rotundis utantur uestibus, quas portant exterius, et honestis, non seruatur ab omnibus ut decet, ex quo leditur clericorum religio et honestas, presertim cum uideantur hoc facere in contemptum, ex quo reddunt se notabiles de inobedientia manifesta.</p>
                    <p>Volentes ipsam in suo robore permanere et strictius obseruari, eamdem ad omnes diacones eiusdem ciuitatis et diocesis et ad alios etiam in sacris ordinibus constitutos beneficia ecclesiastica obtinentes extendi uolumus.</p>
                    <p>Adicientes eidem quod quicumque deinceps superiorem uestem portauerit non rotundam, ipsa uestis ipso facto fabrice ecclesie beate Marie uirginis applicetur.</p>
                    <p>Et si quis infra decem dies a tempore mandati super hoc recepti ipsam uestem fabrice non dederit, ipso facto sententiam excommunicationis incurrat.</p>
                    <p>Et ut melius nobis constare possit de illis qui se reddiderint contemptores, statuimus quod clerici parochiales ciuitatis et diocesis circa hoc diligenter uigilent, et si qui fuerint in suis parochiis non sentantes constitutionem predictam, ipsos nobis uel officiali nostro manifestare procurent.</p>
                    <p>Statuentes nichilominus quod si quis eorum circa hoc inuentus fuerit negligens uel remissus, penam quinque morabitinorum incurrat, predicte fabrice similiter applicandam, nullam super hoc misericordiam habituri.</p>
                    <p>Volentes etiam presentem constitutionem ab omnibus clericis parochialibus firmiter obseruari, precipiendo mandamus quod clericos, quos constitutionem de lusoribus factam et istam de portandis rotundis uestibus sciuerint non seruare, in suis ecclesiis nullatenus celebrare permittant, alias penis eisdem constitutionibus contentis se nouerint subiacere.</p>
                </div>
                <div>
                    <head>Capitulum 3</head>
                    <p>(3) Quod oratio dominica alta uoce cantetur.</p>
                    <p>Item, quia intelleximus quod multi sunt in nostra ciuitate et diocesi, qui ignorant orationem dominicam, scilicet Pater noster, seu ipsam perfecte non sciunt, et sunt paucissimi qui sciant Credo in Deum, in quibus multum consistit nostre fidei fundamentum.</p>
                    <p>Volentes in predictis eos institui et salubriter edoceri, statuimus quod deinceps clerici in suis ecclesiis in Completorio et in Prima predictas orationes proferant alta uoce distincte ac etiam spatiose, monendo parochianos suos quod, dum dicte orationes dicuntur, suos animos applicent et diligenter intendat, exponentes eisdem quanta sit utilitas quod hoc sciant et quantum scire tenetur quilibet christianus.</p>
                </div>
                <div>
                    <head>Footnotes</head>
                </div>
            </div>
        </body>
    </text>
</root>
