<?xml version="1.0" ?>
<root>
    <teiHeader>
        <fileDesc>
            <titleStmt>
                <title>Beziers</title>
                <recordID>0983</recordID>
                <transcription/>
                <respStmt>
                    <resp/>
                    <name/>
                    <note>
                        <date/>
                        <problems/>
                    </note>
                </respStmt>
            </titleStmt>
            <sourceDesc>
                <baseText/>
                <textNeeded/>
                <noKnownText/>
                <fragment/>
                <ocrNote/>
                <msDesc/>
                <bibl/>
                <sourceNote/>
            </sourceDesc>
        </fileDesc>
        <profileDesc>
            <langUsage>Latin</langUsage>
            <languageNote/>
            <langUsage/>
            <creation>
                <year>1370</year>
                <origDate>1370-10-16</origDate>
                <dateNotes/>
                <origPlace>Béziers</origPlace>
                <diocese>Béziers</diocese>
                <province>Narbonne</province>
                <country>France</country>
                <geo/>
                <placeNotes/>
                <orgName/>
                <persName/>
                <altName/>
                <regnalYears/>
                <delegated/>
                <classNotes/>
            </creation>
            <textDesc>
                <domain>Diocesan</domain>
            </textDesc>
            <genNotes/>
        </profileDesc>
    </teiHeader>
    <text>
        <body>
            <div>
                <head>Metadata</head>
                <p>RecordID: 983</p>
                <p>Year_Sort: 1370</p>
                <p>Year: 1370</p>
                <p>Month: 10</p>
                <p>Day: 16</p>
                <p>Circa: None</p>
                <p>DatingNotes: None</p>
                <p>Place: Béziers</p>
                <p>Diocese: Béziers</p>
                <p>Province: Narbonne</p>
                <p>CountryModern: France</p>
                <p>Jurisdiction_ID: D407</p>
                <p>Jurisdiction_ID2: None</p>
                <p>Jurisdiction_ID3: None</p>
                <p>Latitude: 43.347615</p>
                <p>Longitude: 3.218991</p>
                <p>PlaceNotes: None</p>
                <p>Classification: Diocesan</p>
                <p>IssuingAuthority: Hugues de la Jugie</p>
                <p>IssuingAuthorityAlt: None</p>
                <p>RegnalStart: 1349</p>
                <p>RegnalEnd: 1371</p>
                <p>Delegated: None</p>
                <p>ClassificationNotes: None</p>
                <p>Language: Latin</p>
                <p>LanguageNotes: None</p>
                <p>TextNeeded: None</p>
                <p>NoKnownText: None</p>
                <p>Fragment: None</p>
                <p>Source: None</p>
                <p>SourceOther: None</p>
                <p>Edition: Martene, Thes IV, 661-62</p>
                <p>EditionOther: None</p>
                <p>SourceNotes: None</p>
                <p>TranscriptionNotes: Reviewed </p>
                <p>BaseText: ['GoogleBooks', 'Data Capture']</p>
                <p>OCR: None</p>
                <p>Transcription: None</p>
                <p>GeneralNotes: None</p>
                <p>BiblioRefs: None</p>
            </div>
            <div>
                <head>Text</head>
                <div>
                    <head>All Text</head>
                    <p>FUit ordinatum in sancta synodo B. Lucae, anno M. CCC. LXX. die sexta decima mensis Octobris.</p>
                    <p>Ordinatur in sancta synodo pro remedio animarum subditorum nostrorum, scandalaque plurimorum evitando, conversationeque libertatum ecclesiasticarum, habita deliberatione cum fratribus nostris primitus super eisdem pleniori, quod si aliquis parochianus vester vel alius extraneus peregrinus sive viator utriusque sexus, cujuscumque conditionis, status et praeeminentiae existat, postquam ad annos discretionis suae canonibus determinatae pervenerit, in parochia vestra decedens excommunicatus, tam auctoritate apostolica delegatorum vel subdelegatorum ejusdem et etiam ex officio nostro vel officialium nostrorum seu alias quacumque potestate, quam ad partis instantiam et aliorum quorumcumque, publice nunciatus in ecclesiis nostrarum civitatis et dioecesis Biterrensis, ut moris est, in missarum solemniis aliisque locis publicis, et talis excommunicatus in articulo mortis constitutus, eo petente absolutionem, vel signis poenitentiae praecedentibus imminentibus fuerit per vos priores, vicarios, curatos, aut per alios sacerdotes absolutus, de illaque infirmitate mortuus: quod talis sic defunctus per vos superius nominatos, seu per quoscumque alios non tradatur in cimeteriis vestris vel alibi ecclesiasticae sepulturae, donec de praedicta absolutione, nos episcopus Biterrensis, vel vicarius noster generalis, seu officialis noster Biterrensis, aut eorum loca tenentes, eis absentibus, fuerimus certificati et legitime informati de modo et forma quibus dicta absolutio fuerit concessa juxta formam ecclesiae et sacrorum canonum institutiones, propter simplicitatem et ignorantiam sacerdotum absolventium.</p>
                    <p>Et ut ex hoc magis censura ecclesiastica timeatur, excommunicationis periculum evitetur, contumaciae vitium reprimatur, et ipsi excommunicati dum vitam ducunt in humanis robore suffusi aliorum exemplo perterriti, ad humilitatis gratiam, et petendae absolutionis beneficium facilius inclinentur: alias si contrarium feceritis, contra vos procedetur forma debita, et aliis remediis opportunis secundum legitimas et canonicas sanctiones.</p>
                    <p>Et ne de praedicto statuto ignorantiam praetendere valeatis, seu possitis, in vestra praesentia publice praesens statutum legi mandavimus et publicari: volumusque etiam quod de praedicto statuto et de aliis antiquis et nuper per nos editis, de quibus copiam non habuistis, eam habeatis in forma debita, et nobis vel officialibus nostris in Biterris in sancta synodo Paschae proxime sequenti fidem faciatis, justis impedimentis cessantibus, sub poena excommunicationis, et sub alia poena quae videbitur nobis imponenda, aliis statutis synodalibus per praedecessores nostros super hoc editis in suo statu volumus habere roboris firmitatem, et quod dictum statutum in valvis ecclesiarum vestrarum affigi faciatis.</p>
                </div>
                <div>
                    <head>Footnotes</head>
                </div>
            </div>
        </body>
    </text>
</root>
