<?xml version="1.0" ?>
<root>
    <teiHeader>
        <fileDesc>
            <titleStmt>
                <title>Beziers</title>
                <recordID>0986</recordID>
                <transcription/>
                <respStmt>
                    <resp/>
                    <name/>
                    <note>
                        <date/>
                        <problems/>
                    </note>
                </respStmt>
            </titleStmt>
            <sourceDesc>
                <baseText/>
                <textNeeded/>
                <noKnownText/>
                <fragment/>
                <ocrNote/>
                <msDesc/>
                <bibl/>
                <sourceNote/>
            </sourceDesc>
        </fileDesc>
        <profileDesc>
            <langUsage>Latin</langUsage>
            <languageNote/>
            <langUsage/>
            <creation>
                <year>1390</year>
                <origDate precision="circa">1384x1402</origDate>
                <dateNotes/>
                <origPlace>Béziers</origPlace>
                <diocese>Béziers</diocese>
                <province>Narbonne</province>
                <country>France</country>
                <geo/>
                <placeNotes/>
                <orgName/>
                <persName/>
                <altName/>
                <regnalYears/>
                <delegated/>
                <classNotes/>
            </creation>
            <textDesc>
                <domain>Diocesan</domain>
            </textDesc>
            <genNotes/>
        </profileDesc>
    </teiHeader>
    <text>
        <body>
            <div>
                <head>Metadata</head>
                <p>RecordID: 986</p>
                <p>Year_Sort: 1390</p>
                <p>Year: 1384x1402</p>
                <p>Month: None</p>
                <p>Day: None</p>
                <p>Circa: Yes</p>
                <p>DatingNotes: Martene erroneously dates these to 1409</p>
                <p>Place: Béziers</p>
                <p>Diocese: Béziers</p>
                <p>Province: Narbonne</p>
                <p>CountryModern: France</p>
                <p>Jurisdiction_ID: D407</p>
                <p>Jurisdiction_ID2: None</p>
                <p>Jurisdiction_ID3: None</p>
                <p>Latitude: 43.347615</p>
                <p>Longitude: 3.218991</p>
                <p>PlaceNotes: None</p>
                <p>Classification: Diocesan</p>
                <p>IssuingAuthority: None</p>
                <p>IssuingAuthorityAlt: None</p>
                <p>RegnalStart: None</p>
                <p>RegnalEnd: None</p>
                <p>Delegated: None</p>
                <p>ClassificationNotes: None</p>
                <p>Language: Latin</p>
                <p>LanguageNotes: None</p>
                <p>TextNeeded: None</p>
                <p>NoKnownText: None</p>
                <p>Fragment: None</p>
                <p>Source: None</p>
                <p>SourceOther: None</p>
                <p>Edition: Martene, Thes IV, 664</p>
                <p>EditionOther: None</p>
                <p>SourceNotes: None</p>
                <p>TranscriptionNotes: Reviewed </p>
                <p>BaseText: ['GoogleBooks', 'Data Capture']</p>
                <p>OCR: None</p>
                <p>Transcription: None</p>
                <p>GeneralNotes: None</p>
                <p>BiblioRefs: None</p>
            </div>
            <div>
                <head>Text</head>
                <div>
                    <head>All Text</head>
                    <p>CUm suggerente humani generis antiquo hoste, qui fidelium animas fraudulenti laqueo satagit illigare, nonnulli iniquitatis filii et mandatorum divinorum nequissimi transgressores, non verentes nomen Domini Beataeque Virginis Mariae Dei genitricis et aliorum sanctorum blasphemare in ignominiam et despectum sacro sanctae fidei orthodoxae, animarum damnationem, et malum exemplum plurimorum, die nocteque in plateis et locis aliis, tam publice quam occulte, in omni verbo et actibus suis Deum et Beatam Dei genitricem ac sanctos alios, ac eorum juvamen et praesidium a se abjicientes, se sub ejusdem antiqui hostis laqueo damnabiliter alligando, Deum omnipotentem, beatissimamque Dei genitricem Virginem Mariam, sanctosque suos, et eorum sacratissima nomina vilissime ac perniciose abnegent, renedent, blasphement, despichent, atque jurent, et alias diversimode ac vituperose in suis nefandis colloquiis plurima verba maledica, quae haeresim sapiunt, proferant atque dicant: quae sic impunita remanere non licet: Nos igitur BARTHOLOMAEUS miseratione divina Biterrensis episcopus volentes, ac visceraliter cupientes salutem animarum subditorum nostrorum salubriter procurare, et talia verba ignominiosa a cordibus eorumdem stirpare et abjicere ac vos in viam salutis dirigere, et super praemissis de remedio oportuno providere.</p>
                    <p>Reliqua aesunt.</p>
                </div>
                <div>
                    <head>Footnotes</head>
                </div>
            </div>
        </body>
    </text>
</root>
