<?xml version="1.0" ?>
<root>
    <teiHeader>
        <fileDesc>
            <titleStmt>
                <title>Coutances</title>
                <recordID>1037</recordID>
                <transcription/>
                <respStmt>
                    <resp/>
                    <name/>
                    <note>
                        <date/>
                        <problems/>
                    </note>
                </respStmt>
            </titleStmt>
            <sourceDesc>
                <baseText/>
                <textNeeded/>
                <noKnownText/>
                <fragment/>
                <ocrNote/>
                <msDesc/>
                <bibl/>
                <sourceNote/>
            </sourceDesc>
        </fileDesc>
        <profileDesc>
            <langUsage>Latin</langUsage>
            <languageNote/>
            <langUsage/>
            <creation>
                <year>1375</year>
                <origDate>1375</origDate>
                <dateNotes/>
                <origPlace>Coutances</origPlace>
                <diocese>Coutances</diocese>
                <province>Rouen</province>
                <country>France</country>
                <geo/>
                <placeNotes/>
                <orgName/>
                <persName/>
                <altName/>
                <regnalYears/>
                <delegated/>
                <classNotes/>
            </creation>
            <textDesc>
                <domain>Diocesan</domain>
            </textDesc>
            <genNotes/>
        </profileDesc>
    </teiHeader>
    <text>
        <body>
            <div>
                <head>Metadata</head>
                <p>RecordID: 1037</p>
                <p>Year_Sort: 1375</p>
                <p>Year: 1375</p>
                <p>Month: None</p>
                <p>Day: None</p>
                <p>Circa: None</p>
                <p>DatingNotes: Autumn</p>
                <p>Place: Coutances</p>
                <p>Diocese: Coutances</p>
                <p>Province: Rouen</p>
                <p>CountryModern: France</p>
                <p>Jurisdiction_ID: D436</p>
                <p>Jurisdiction_ID2: None</p>
                <p>Jurisdiction_ID3: None</p>
                <p>Latitude: 49.046111</p>
                <p>Longitude: -1.443889</p>
                <p>PlaceNotes: None</p>
                <p>Classification: Diocesan</p>
                <p>IssuingAuthority: None</p>
                <p>IssuingAuthorityAlt: None</p>
                <p>RegnalStart: None</p>
                <p>RegnalEnd: None</p>
                <p>Delegated: None</p>
                <p>ClassificationNotes: None</p>
                <p>Language: Latin</p>
                <p>LanguageNotes: None</p>
                <p>TextNeeded: None</p>
                <p>NoKnownText: None</p>
                <p>Fragment: None</p>
                <p>Source: None</p>
                <p>SourceOther: None</p>
                <p>Edition: Bessin, II, 564-65</p>
                <p>EditionOther: None</p>
                <p>SourceNotes: https://books.google.com/books?id=0SGIk69vxS0C</p>
                <p>TranscriptionNotes: Reviewed </p>
                <p>BaseText: ['GoogleBooks', 'Data Capture']</p>
                <p>OCR: None</p>
                <p>Transcription: None</p>
                <p>GeneralNotes: None</p>
                <p>BiblioRefs: None</p>
            </div>
            <div>
                <head>Text</head>
                <div>
                    <head>All Text</head>
                    <p>OMnes [1] ecclesiasticae personae, quae non comparuerint in Synodo, sunt reputati contumaces; dum tamen se non excusaverint infra mensem.</p>
                    <p>Omnes indulgentiae, dispensationes, et gratiae temporibus retroactis concessae quibuscumque personis sine praefixione temporis, fuerunt revocatae.</p>
                    <p>Falsarii litterarum nostrarum, et Curiarum Officialium Constantiensis et Valonensis, ac impedientes jurisdictionem ecclesiasticam, declarati sunt excommunicati.</p>
                    <p>Fuit inhibitum Curatis et aliis personis ecclesiasticis ne aliquos mendicantes quaestores ad confessionem vel praedicationem admittant, nisi eis evidenter constet de litteris nostris, seu Vicariorum nostrorum; et hoc cum litterae super praemissis concessae non fuerunt revocatae.</p>
                    <p>Fuit ordinatum quod omnes Curati Constantiensis Dioecesis quolibet die Dominico denuntient omnes perturbantes jurisdictionem ecclesiasticam, et manus in personis ecclesiasticis imponentes, ipso jure excommunicatos.</p>
                    <p>Fuit statutum quod omnes Curati Ecclesiarum in Ecclesiis suis recipiant benigniter procuratores et breviculos pro reparatione Ecclesiae Constantiensis, inducentes populum etc.</p>
                    <p>Omnes personae ecclesiasticae in gestu, et habitu, et vestimentis se habeant moderatis; et quod non habeant venaticos; nec mercimonia exerceant; nec mulieres inhonestas frequentent; nec tabernas intrent, nisi causa necessitatis; neque secum teneant filios quos in fornicatione genuerint.</p>
                    <p>Statutum fuit quod personae ecclesiasticae placita laicorum non teneant; nec procuratores eorum existant.</p>
                    <p>Fuit statutum quod Religiosi et Curati Civitatis et Dioecesis Constantiensis in festis duplicibus et sollemnibus servitium divinum in Ecclesiis sollemniter celebrent.</p>
                    <p>Ordinatum fuit quod in omnibus Ecclesiis Eucharistia et Chrisma sub fideli custodia adhibitis clavibus custodiantur; contra tamen facientes punientur.</p>
                    <p>Praeceptum fuit ut fontes, corporalia, et ornamenta ecclesiastica, et in vase honesto conserventur, et saepe abluantur.</p>
                    <p>Item quod Cimiteria Ecclesiarum munda custodiantur, nec immunditiae, aut choreae, placita, rerum venditiones, in eis fieri permittantur.</p>
                    <p>Inhibitum fuit ne de coetero equi, vaccae, suppellectilia, in Ecclesiis, nisi tantum necessitatis causa ponantur; quodque a talibus impedimento cessante citius quam potuerint evacuentur.</p>
                    <p>Statutum fuit quod quaelibet Ecclesia calicem argenteum habeat; nec in calicibus stanneis, nisi causa necessitatis, de coetero celebret.</p>
                    <p>Ordinatum fuit quod procuratores, thesaurarii, sive receptores fabricarum cujuslibet Ecclesiae, semel quolibet anno compotum reddant illis quibus de consuetudine spectat.</p>
                    <p>Ordinatum fuit et inhibitum ne in Ecclesiis, dum Divinum celebratur Officium, aliqui in eis faciant tumultum; nec ludos inhonestos, videlicet taxillorum, etc.</p>
                    <p>Nec ludant ad pilam, nec projiciant lapides, vel faciant aliqua inhonesta, sub poena quinque solidorum.</p>
                    <p>Quod nulli Curati, Capellani, etc. testamenta vel ultimas voluntates decedentium conficiant, nisi duobus, vel tribus secum adjunctis.</p>
                    <p>Statutum est ne aliqui Curati propria auctoritate de quaestis quaestorum vel mendicantium ipsis invitis aliquid exigant.</p>
                    <p>Quod nullus Decanus ruralis metas suae jurisdictionis excedat; nec aliquod testamentum ultra quadraginta solidorum summam publicet, vel approbet.</p>
                    <p>Quod omnes Curati et Capellani curam habentes animarum, nomina testatorum et intestatorum, qui ab anno citra decesserunt, citius quam potuerint quilibet, videlicet Decano revelent suo, et Decani similiter Nobis post mensem a tempore Calendae suae.</p>
                    <p>Quod omnes personae ecclesiasticae faciant in Ecclesiis suis residentiam, nisi secum fuerit dispensatum, vel causam infra duos menses coram nobis allegaverint, sub poena subtractionis mediae partis proventuum suarum Ecclesiarum.</p>
                    <p>Omnes ecclesiasticae personae beneficia obtinentes, domos et habitationes suorum beneficiorum secundum eorum facultates faciant reparari, sub poena sequestrationis suorum beneficiorum.</p>
                    <p>Et quod Decani quilibet in suo Decanatu dictas domos visitent, et nobis referant infra Synodum.</p>
                    <p>Quod quaelibet parochialis Ecclesia sigillum habeat pro exequendis literis judicum, etc. et sigilliferis Constantiensi et Valonensi infra tres menses afferant ipsa sigilla; et cum hoc Decani rurales sua sigilla.</p>
                    <p>Quod nullus Curatus vel Capellanus aliquem excommunicatum in Ecclesia sua recipiat, donec a judice suo legitime fuerit absolutus.</p>
                    <p>Quod nulli Presbyteri aliquos, scilicet casualiter decedentes ad ecclesiasticam sepulturam sine nostra licentia aliquatenus admittant.</p>
                    <p>Curati ecclesiarum, citius quam ad eorum notitiam pervenerit, nomina et cognomina excommunicatorum, qui de parochiis suis ad alias se transtulerunt, Presbyteris, in quorum parochiis nunc morantur, notificent.</p>
                    <p>Nullus Presbyter clandestina sponsalia celebret, vel intersit.</p>
                    <p>Nullus Curatus, vel alia persona ecclesiastica, bona suis beneficiis dedicata vendat vel alienet, absque nostra licentia.</p>
                    <p>Nullum laicum in horoscopum, vel custodem Ecclesiae constituat vel admittat.</p>
                    <p>Omnes Presbyteri moneant et exhortentur omnes Clericos suarum parochiarum ut diebus Dominicis, Festivis, et solemnibus ad divinum Officium ipsos Presbyteros coadjuvandum personaliter intersint.</p>
                    <p>Omnia legata et redditus Ecclesiis suis facta, in Missalibus, vel aliis libris antiquis dictarum Ecclesiarum suarum scribant.</p>
                    <p>Quilibet Decanus Presbyteris sui Decanatus in Kalenda, ista Statuta notificet, et ipsos exhortetur ad eadem observanda.</p>
                    <p>Omnia et singula debita Episcopalia, et Fabricae nostrae Constantiensis Ecclesiae, receptoribus nostris ad hoc deputatis solvantur.</p>
                </div>
                <div>
                    <head>Footnotes</head>
                    <p>[1] ed. &quot;ONnes&quot;</p>
                </div>
            </div>
        </body>
    </text>
</root>
