<?xml version="1.0" ?>
<root>
    <teiHeader>
        <fileDesc>
            <titleStmt>
                <title>Dol</title>
                <recordID>1051</recordID>
                <transcription/>
                <respStmt>
                    <resp/>
                    <name/>
                    <note>
                        <date/>
                        <problems/>
                    </note>
                </respStmt>
            </titleStmt>
            <sourceDesc>
                <baseText/>
                <textNeeded/>
                <noKnownText/>
                <fragment/>
                <ocrNote/>
                <msDesc/>
                <bibl/>
                <sourceNote/>
            </sourceDesc>
        </fileDesc>
        <profileDesc>
            <langUsage>Latin</langUsage>
            <languageNote/>
            <langUsage/>
            <creation>
                <year>1420</year>
                <origDate precision="circa">1411x1429</origDate>
                <dateNotes/>
                <origPlace>Dol-de-Bretagne</origPlace>
                <diocese>Dol</diocese>
                <province>Tours</province>
                <country>France</country>
                <geo/>
                <placeNotes/>
                <orgName/>
                <persName/>
                <altName/>
                <regnalYears/>
                <delegated/>
                <classNotes/>
            </creation>
            <textDesc>
                <domain>Diocesan</domain>
            </textDesc>
            <genNotes/>
        </profileDesc>
    </teiHeader>
    <text>
        <body>
            <div>
                <head>Metadata</head>
                <p>RecordID: 1051</p>
                <p>Year_Sort: 1420</p>
                <p>Year: 1411x1429</p>
                <p>Month: None</p>
                <p>Day: None</p>
                <p>Circa: Yes</p>
                <p>DatingNotes: None</p>
                <p>Place: Dol-de-Bretagne</p>
                <p>Diocese: Dol</p>
                <p>Province: Tours</p>
                <p>CountryModern: France</p>
                <p>Jurisdiction_ID: D444</p>
                <p>Jurisdiction_ID2: None</p>
                <p>Jurisdiction_ID3: None</p>
                <p>Latitude: 48.550833</p>
                <p>Longitude: -1.755833</p>
                <p>PlaceNotes: None</p>
                <p>Classification: Diocesan</p>
                <p>IssuingAuthority: Etienne Coeuvret</p>
                <p>IssuingAuthorityAlt: None</p>
                <p>RegnalStart: None</p>
                <p>RegnalEnd: None</p>
                <p>Delegated: None</p>
                <p>ClassificationNotes: None</p>
                <p>Language: Latin</p>
                <p>LanguageNotes: None</p>
                <p>TextNeeded: None</p>
                <p>NoKnownText: None</p>
                <p>Fragment: None</p>
                <p>Source: None</p>
                <p>SourceOther: None</p>
                <p>Edition: Statuts synodaux du diocèse de Dol, revus et publiés par Mathurin de Pledran, évêque de Dol. Nannetensis: per Guillermum Tourquetil, 1509, §77</p>
                <p>EditionOther: None</p>
                <p>SourceNotes: ['Survive in 1509 compilation', 'digital version downloaded: http://www.tablettes-rennaises.fr/themes/rennes/static/flipbook/index.html?userid=0&amp;docid=34287&amp;language=fra ; ']</p>
                <p>TranscriptionNotes: Reviewed </p>
                <p>BaseText: Digital MS</p>
                <p>OCR: None</p>
                <p>Transcription: None</p>
                <p>GeneralNotes: None</p>
                <p>BiblioRefs: None</p>
            </div>
            <div>
                <head>Text</head>
                <div>
                    <head>All Text</head>
                    <p>Stephanus dei gratia dolensis episcopus universis presentes litteras inspecturis et audituris salutem in domino sempiternam zelus domus dei nos in hac parte sollicitata ut circa provissionem ministrorum ecclesiarum parochialium tam secularium quam regularium nostre diocesis quantum ex alto nobis concessu fuit taliter provideamus atque disponamus quod ipsis advenientibus ad beneficia sua in domibus suis presbiter alibus secundum eorundem beneficiorum facultatem honeste residere valeant.</p>
                    <p>Considerantes quod in iure cavetur quod per locorum diocesanos sit providendum utilitati et honori ecclesiarum ac ipsius rectoris necessitati.</p>
                    <p>Nos igitur examinati consilii prehabita super hoc deliberatione statuta et consuetudines a nostris predecessoribus et a nobis editas presentis scripti tenore confirmantes et approvantes decernimus et statuimus huiusmodi ordinationem et statutum nostrum infra civitatem et diocesim nostram longe late que diffusam ab omnibus subditis nostris in futurum observari ad perpetuam rei memoriam.</p>
                    <p>Et primo volumus statuimus et ordinamus quod quotienscunque casus vacationis beneficiorum curatorum in dictis civitate et diocesi nostris occurret quod heredes et executores defuncti rectoris teneantur tradere realiter et solvere futuro successori medio iusticie nostre ac successorum nostrorum commissario in illa parte dato et deputato ac inventarii beneficio duas bonas et conpetentes culcitras, duas sargias et octo lintheamina bona et conpetentia, item duas mensas et quatuor mapas et totidem manutergia et duo scanna.</p>
                    <p>Item unum potum cupreum, una pelvim cum aquaria cuprea aut stannea ad lavandum manus.</p>
                    <p>Item unam patellam aeream, et alteram ferream, item duas pintas stanneas unam continentem briquam vini et alteram dimidiam, item quatuor discos sex scutellas et sex salsaria stanneas et stannea, item unum tripedem ferreum et unum murarium cum aliis minutis utensilibus, item tres archas unam ad reponendum pannos aliam ad reponendum panem aliam pro carnibus et aliis comestibilibus hoc autem intendimus in maioribus et pinguioribus beneficiis in aliis vero secundum moderationem commissariorum nostrorum et successorum in hac parte deputandum.</p>
                </div>
                <div>
                    <head>Footnotes</head>
                    <p>[1]</p>
                    <p>[2]</p>
                    <p>[]</p>
                </div>
            </div>
        </body>
    </text>
</root>
