<?xml version="1.0" ?>
<root>
    <teiHeader>
        <fileDesc>
            <titleStmt>
                <title>Dol</title>
                <recordID>1053</recordID>
                <transcription/>
                <respStmt>
                    <resp/>
                    <name/>
                    <note>
                        <date/>
                        <problems/>
                    </note>
                </respStmt>
            </titleStmt>
            <sourceDesc>
                <baseText/>
                <textNeeded/>
                <noKnownText/>
                <fragment/>
                <ocrNote/>
                <msDesc/>
                <bibl/>
                <sourceNote/>
            </sourceDesc>
        </fileDesc>
        <profileDesc>
            <langUsage>Latin</langUsage>
            <languageNote/>
            <langUsage/>
            <creation>
                <year>1440</year>
                <origDate precision="circa">1437x1444</origDate>
                <dateNotes/>
                <origPlace>Dol-de-Bretagne</origPlace>
                <diocese>Dol</diocese>
                <province>Tours</province>
                <country>France</country>
                <geo/>
                <placeNotes/>
                <orgName/>
                <persName/>
                <altName/>
                <regnalYears/>
                <delegated/>
                <classNotes/>
            </creation>
            <textDesc>
                <domain>Diocesan</domain>
            </textDesc>
            <genNotes/>
        </profileDesc>
    </teiHeader>
    <text>
        <body>
            <div>
                <head>Metadata</head>
                <p>RecordID: 1053</p>
                <p>Year_Sort: 1440</p>
                <p>Year: 1437x1444</p>
                <p>Month: None</p>
                <p>Day: None</p>
                <p>Circa: Yes</p>
                <p>DatingNotes: None</p>
                <p>Place: Dol-de-Bretagne</p>
                <p>Diocese: Dol</p>
                <p>Province: Tours</p>
                <p>CountryModern: France</p>
                <p>Jurisdiction_ID: D444</p>
                <p>Jurisdiction_ID2: None</p>
                <p>Jurisdiction_ID3: None</p>
                <p>Latitude: 48.550833</p>
                <p>Longitude: -1.755833</p>
                <p>PlaceNotes: None</p>
                <p>Classification: Diocesan</p>
                <p>IssuingAuthority: Alain de Lespervez</p>
                <p>IssuingAuthorityAlt: None</p>
                <p>RegnalStart: None</p>
                <p>RegnalEnd: None</p>
                <p>Delegated: None</p>
                <p>ClassificationNotes: None</p>
                <p>Language: Latin</p>
                <p>LanguageNotes: None</p>
                <p>TextNeeded: None</p>
                <p>NoKnownText: None</p>
                <p>Fragment: None</p>
                <p>Source: None</p>
                <p>SourceOther: None</p>
                <p>Edition: Statuts synodaux du diocèse de Dol, revus et publiés par Mathurin de Pledran, évêque de Dol. Nannetensis: per Guillermum Tourquetil, 1509, §82-85</p>
                <p>EditionOther: None</p>
                <p>SourceNotes: ['Survive in 1509 compilation', 'digital version downloaded: http://www.tablettes-rennaises.fr/themes/rennes/static/flipbook/index.html?userid=0&amp;docid=34287&amp;language=fra ; ']</p>
                <p>TranscriptionNotes: Reviewed </p>
                <p>BaseText: Digital MS</p>
                <p>OCR: None</p>
                <p>Transcription: None</p>
                <p>GeneralNotes: None</p>
                <p>BiblioRefs: None</p>
            </div>
            <div>
                <head>Text</head>
                <div>
                    <head>Incipit</head>
                    <p>Statuta domini alani quondam episcopi dolensis.</p>
                </div>
                <div>
                    <head>Capitulum 1</head>
                    <p>(1) Inhibemus sub penis decem librarum et censurarum iuris ne viri ecclesiastici tam ecclesiarum rectores quam alii simplices sacerdotes rebus secularibus se immisceant nec sint dominorum temporalium receptores et in foro secularium causarum procuratores quid si secus egerint ultra censuras et penas predictas se noverint libertatibus et franchisiis ecclesiasitcis nudandos.</p>
                </div>
                <div>
                    <head>Capitulum 2</head>
                    <p>(2) Item prohibemus ne viri seculares per spacium octo pedum scabellum maiori altari ecclesiarum parochialium civitatis et diocesis dolensis apponant sive se approximare presumat mulieres in cancellis dictarum ecclesiarum durante servicio divino nullatenus stare aut sedere audeant sub penis et censuris iuris et viginti solidorum in pio usus convertendorum.</p>
                </div>
                <div>
                    <head>Capitulum 3</head>
                    <p>(3) Item prohibemus ne de cetero mulieres pueros in suis ponant lectis et iacere secum permittant ante completum secundum annum sub pena viginti solidorum in pios usus convertendorum.</p>
                </div>
                <div>
                    <head>Footnotes</head>
                    <p>[1]</p>
                    <p>[2]</p>
                    <p>[]</p>
                </div>
            </div>
        </body>
    </text>
</root>
