<?xml version="1.0" ?>
<root>
    <teiHeader>
        <fileDesc>
            <titleStmt>
                <title>Dol</title>
                <recordID>1056</recordID>
                <transcription/>
                <respStmt>
                    <resp/>
                    <name/>
                    <note>
                        <date/>
                        <problems/>
                    </note>
                </respStmt>
            </titleStmt>
            <sourceDesc>
                <baseText/>
                <textNeeded/>
                <noKnownText/>
                <fragment/>
                <ocrNote/>
                <msDesc/>
                <bibl/>
                <sourceNote/>
            </sourceDesc>
        </fileDesc>
        <profileDesc>
            <langUsage>Latin</langUsage>
            <languageNote/>
            <langUsage/>
            <creation>
                <year>1480</year>
                <origDate precision="circa">1478x1482</origDate>
                <dateNotes/>
                <origPlace>Dol-de-Bretagne</origPlace>
                <diocese>Dol</diocese>
                <province>Tours</province>
                <country>France</country>
                <geo/>
                <placeNotes/>
                <orgName/>
                <persName/>
                <altName/>
                <regnalYears/>
                <delegated/>
                <classNotes/>
            </creation>
            <textDesc>
                <domain>Diocesan</domain>
            </textDesc>
            <genNotes/>
        </profileDesc>
    </teiHeader>
    <text>
        <body>
            <div>
                <head>Metadata</head>
                <p>RecordID: 1056</p>
                <p>Year_Sort: 1480</p>
                <p>Year: 1478x1482</p>
                <p>Month: None</p>
                <p>Day: None</p>
                <p>Circa: Yes</p>
                <p>DatingNotes: None</p>
                <p>Place: Dol-de-Bretagne</p>
                <p>Diocese: Dol</p>
                <p>Province: Tours</p>
                <p>CountryModern: France</p>
                <p>Jurisdiction_ID: D444</p>
                <p>Jurisdiction_ID2: None</p>
                <p>Jurisdiction_ID3: None</p>
                <p>Latitude: 48.550833</p>
                <p>Longitude: -1.755833</p>
                <p>PlaceNotes: None</p>
                <p>Classification: Diocesan</p>
                <p>IssuingAuthority: Michel Guibe</p>
                <p>IssuingAuthorityAlt: None</p>
                <p>RegnalStart: None</p>
                <p>RegnalEnd: None</p>
                <p>Delegated: None</p>
                <p>ClassificationNotes: None</p>
                <p>Language: Latin</p>
                <p>LanguageNotes: None</p>
                <p>TextNeeded: None</p>
                <p>NoKnownText: None</p>
                <p>Fragment: None</p>
                <p>Source: None</p>
                <p>SourceOther: None</p>
                <p>Edition: Statuts synodaux du diocèse de Dol, revus et publiés par Mathurin de Pledran, évêque de Dol. Nannetensis: per Guillermum Tourquetil, 1509, §93-98</p>
                <p>EditionOther: None</p>
                <p>SourceNotes: ['Survive in 1509 compilation', 'digital version downloaded: http://www.tablettes-rennaises.fr/themes/rennes/static/flipbook/index.html?userid=0&amp;docid=34287&amp;language=fra ; ']</p>
                <p>TranscriptionNotes: Reviewed </p>
                <p>BaseText: Digital MS</p>
                <p>OCR: None</p>
                <p>Transcription: None</p>
                <p>GeneralNotes: None</p>
                <p>BiblioRefs: None</p>
            </div>
            <div>
                <head>Text</head>
                <div>
                    <head>Incipit</head>
                    <p>Michael permissione divina dolensis episcopus universis et singulis parochialium ecclesiarum rectoribus et curatis per nostras civitatem et diocesim ubilibet constitutis salutem in domino sempiternam.</p>
                </div>
                <div>
                    <head>Capitulum 1</head>
                    <p>(1) Inter ceteras pastoralis nostre dignitatis curas, id potissimum arbitramus existere ut mala presentia in melius reformentur et futura possetenus evitentur id circo omnibus et singulis parochialium ecclesiarum rectoribus nostre diocesis ac eorum capellanis et curatis precipimus quatinus singulis diebus dominicis et festivis palam et publice populo ad divina audienda congregato, moneant sub excommunicationis pena omnes et singulos cuiuscunque gradus, status aut conditionis existant, quatinus res et bona sancte nostre dolensis ecclesie tam hereditaria quam mobilia etiam feudalitates et homagia mense episcopali eiusdem ecclesie debita spectantes et pertinentes dum capiuntur reddant et restituant.</p>
                </div>
                <div>
                    <head>Capitulum 2</head>
                    <p>(2) Item precipimus et mandamus eisdem rectoribus et aliis quibuscunque citationes, monitiones et alia mandata exequentibus, quatenus apponant in suis executionibus diem et modum executionis huiusmodi videlicet an hoc fecerint ad personam ante ad bannum ecclesie ad persona sue procuratorum aut eorum domicilium et si ad domicilium: quibus presentibus quod si secus fecerint: tenebuntur ipsi executores refundere omnia et singula danna et interesse que ob huiusmodi executionis defectum hiis qui dicta impetrabunt, mandata sentient et patientur.</p>
                </div>
                <div>
                    <head>Capitulum 3</head>
                    <p>(3) Item inhibemus omnibus et singulis viris ecclesiasticis nostre diocesis sub pena suspensionis et quinque solidorum monete usualis elemosinis nostris applicandorum ne decetero locis et congregationibus publicis ac ecclesiis pileis utantur nisi viatores extiterint.</p>
                    <p>Neque barbam seu comam pro liras nutriant sed modo congruo auribus patentibus habeant et deferant vestes congruentes et talares ad ecclesiasque seu alia loco publica sive caligis et caputio nisi ut predicitur sub similibus penis accedere audeant ac etiam birreta extranei coloris non deportent ut inter ipsos et laicos discrepantia haberi possit et ne etiam laici eorundem privilegia ignorare possint.</p>
                </div>
                <div>
                    <head>Capitulum 4</head>
                    <p>(4) Item iniungimus predictis rectoribus et curatis ut de cetero absolutos cum reintrusione nisi infra temporis huiusmodi reintrusionis de satisfatione eisdem rectoribus debite constiterit sicut prius legent publicent et denuncient.</p>
                    <p>Nec credant huiusmodi rectores seu curati illos qui absolutiones nondum sigillatas reportant eisdem suffragari cum una queque res eo ligamine quo ligata est solvi debeat.</p>
                </div>
                <div>
                    <head>Capitulum 5</head>
                    <p>(5) Item vobis rectoribus et capellanis predictis precipimus et mandamus iuxta statuta predictis facta de vos abstinendo a potationibus equalibus et frequentatione tabernarum etiam sub penis in predictis statutis contentis super hoc factis vos exhortando ut abstineatis et vivatis sobrie caste et honeste et insuper blasphematores nullatenus estote et moneatis ac inducatis parochianos vostros ut blasphemia decetero abstineant sub penis infamie scale et decem librarum monete usualis elemosinis nostris applicandarum.</p>
                </div>
                <div>
                    <head>Footnotes</head>
                </div>
            </div>
        </body>
    </text>
</root>
