<?xml version="1.0" ?>
<root>
    <teiHeader>
        <fileDesc>
            <titleStmt>
                <title>Limoges</title>
                <recordID>1086</recordID>
                <transcription/>
                <respStmt>
                    <resp/>
                    <name/>
                    <note>
                        <date/>
                        <problems/>
                    </note>
                </respStmt>
            </titleStmt>
            <sourceDesc>
                <baseText/>
                <textNeeded/>
                <noKnownText/>
                <fragment/>
                <ocrNote/>
                <msDesc/>
                <bibl/>
                <sourceNote/>
            </sourceDesc>
        </fileDesc>
        <profileDesc>
            <langUsage>Latin</langUsage>
            <languageNote/>
            <langUsage/>
            <creation>
                <year>1312</year>
                <origDate precision="circa">1310x1316</origDate>
                <dateNotes/>
                <origPlace>Limoges</origPlace>
                <diocese>Limoges</diocese>
                <province>Bourges</province>
                <country>France</country>
                <geo/>
                <placeNotes/>
                <orgName/>
                <persName/>
                <altName/>
                <regnalYears/>
                <delegated/>
                <classNotes/>
            </creation>
            <textDesc>
                <domain>Diocesan</domain>
            </textDesc>
            <genNotes/>
        </profileDesc>
    </teiHeader>
    <text>
        <body>
            <div>
                <head>Metadata</head>
                <p>RecordID: 1086</p>
                <p>Year_Sort: 1312</p>
                <p>Year: 1310x1316</p>
                <p>Month: None</p>
                <p>Day: None</p>
                <p>Circa: Yes</p>
                <p>DatingNotes: [term ante set by elevation of Bp Raynaud to AB Bourges</p>
                <p>Place: Limoges</p>
                <p>Diocese: Limoges</p>
                <p>Province: Bourges</p>
                <p>CountryModern: France</p>
                <p>Jurisdiction_ID: D378</p>
                <p>Jurisdiction_ID2: None</p>
                <p>Jurisdiction_ID3: None</p>
                <p>Latitude: 45.85</p>
                <p>Longitude: 1.25</p>
                <p>PlaceNotes: None</p>
                <p>Classification: Diocesan</p>
                <p>IssuingAuthority: Raynaud de la Porte</p>
                <p>IssuingAuthorityAlt: None</p>
                <p>RegnalStart: 1294</p>
                <p>RegnalEnd: 1316</p>
                <p>Delegated: None</p>
                <p>ClassificationNotes: None</p>
                <p>Language: Latin</p>
                <p>LanguageNotes: None</p>
                <p>TextNeeded: None</p>
                <p>NoKnownText: None</p>
                <p>Fragment: None</p>
                <p>Source: None</p>
                <p>SourceOther: None</p>
                <p>Edition: Lecler, “Anciens statuts du diocèse de Limoges,&quot; 140-42</p>
                <p>EditionOther: None</p>
                <p>SourceNotes: https://books.google.com/books?vid=HARVARD:32044100885706</p>
                <p>TranscriptionNotes: Reviewed </p>
                <p>BaseText: ['GoogleBooks', 'WebDownload']</p>
                <p>OCR: None</p>
                <p>Transcription: None</p>
                <p>GeneralNotes: None</p>
                <p>BiblioRefs: None</p>
            </div>
            <div>
                <head>Text</head>
                <div>
                    <head>All Text</head>
                    <p>Si citasti talem ad talem diem pro tali comparente quoniam non venit, nec misit ipsum quem ex quo presentes recepitis interdicimus, sic sententia denuntietur nisi deffectum impetraverit.</p>
                    <p>Quoniam talis tandiu sustinuit interdici a nobis pro tali ipsum quem excommunicamus et ejus familiam interdicimus sic sentencia denuncietur.</p>
                    <p>Quoniam talis sustinuit interdici et excommunicari a nobis et ejus familia interdici pro tali sententia agravando vobis mandamus quathinus ipsum excommunicatum denuncietis nominatim et publice singulis diebus dominicis et festis, extinctis candelis, et pulsatis campanis et ejus familiam sub districto teneat interdicto.</p>
                    <p>In virtute sancte obedientie et sub pena excommunicationis vobis mandamus quathinus sentencia lata a nobis in talem et districte in ejus familiam interdictum pro tali prout late sunt, firmiter observetis et denuncietis, extinctis candelis, et pulsatis campanis, prout alia datum est in mandatis.</p>
                    <p>Et ter in qualibet septimana et in ista poteris poni seu moneri dictum et servientem et etiam participantes usque numerum vigenti tantum.</p>
                    <p>Et dicatur sic moneatis tales nec cum dicto excommunicato participent edendo, libendo, terras suas vel vineas excolendo, domos suas conducendo, vel alio quoquomodo, nisi in casibus a jure permissis, et nichil amplius ponatur in ista clausula nisi conclusio, videlicet quod si fecerint contra eos gravius procedamus.</p>
                    <p>Iterato in virtute sancte obediencie et sub pena excommunicationis vobis mandamus quathinus sententia lata a nobis exigente justitia, in talem et districte in ejus familiam interdictum pro tali prout late sunt observetis et eas denuncietis nominatim et publice singulis diebus dominicis et festivis, extinctis candelis et pulsatis campanis, et ter amplius in qualibet septimana prout alias datum est in mandatum; et cessetis a divinis officiis ipso vel aliquo de ejus familia presente in ecclesiis vel in portalibus earumdem, et moneatis iterato dictum et servientem, et compellant infra sex dies reddentur ad fidelium unionem.</p>
                    <p>Quod nisi moniti fecerint, ipsos quos ex nunc interdicimus, sub interdicto teneatis et iterato moneantur participantes.</p>
                    <p>Iterato quod erit 3o ut supra, hoc addito, quod cessetur ipso excommunicato vel ejus familia presentibus in ecclesiis vel in portibus, seu cimiteris et dictum et servientem et in ista moneantur iterato quod erit tertio participantes et si fecerint contrarium et constent denuncientur excommunicati.</p>
                    <p>Iterato quod erit quarto etc., ut supra, hoc addito quod fiet agravatio contra dictum extinctis candelis et in subsequentibus agravationibus post agraventur contra dictum sicut contra principalem et participantes denuntientur excommunicati ut supra et nichil amplius aggravetur contra eos sed denuntientur modo ut supra.</p>
                    <p>Iterato quod erit quincto, etc., ut supra, tam contra dictum quam contra principalem et denuncientur bis in missa solempni cujuslibet diei dominice et diebus festivis.</p>
                    <p>Iterato quod erit VIto, etc., ut supra, hoc addito quod mandetur denunciari ter in qualibet missa solempni cujuslibet diei dominice et festive, tam contra principalem quam contra dictum.</p>
                    <p>Iterato quod erit VIIto, hoc addito quod mandentur denunciari semel inter alias tres ad portale ecclesiarum.</p>
                    <p>Iterato quod erit octavo, etc., ut supra, hoc addito quod in denunciationc que fiet ad portale, prohiciantur tres lapilli versus domum excommunicati.</p>
                    <p>Iterato quod erit nono, etc., ut supra et quod denuncientur semel amplius singulis diebus non feriatis cum contumacionibus que mandabitur cessari villis, castris, burgis, et locis at etiam feriatis ter in missa solenniori ut supra.</p>
                    <p>Iterato quod erit decimo, etc., ut supra cum contumatione cum simili.</p>
                    <p>Iterato quod erit XIo, etc., ut supra, et in ista nisi sit in villa populosa multum poierit poni illa clausula quod cessetur villis, castris ita quod non ponatur familia.</p>
                    <p>Iterato quod erit XIIo ut supra et in ista ponantur quod denuncientur singulis diebus feriatis et non feriatis et ter in qualibet missa.</p>
                    <p>Alie impetrentur ab officiale vel cancellario antequam scribentur.</p>
                </div>
                <div>
                    <head>Footnotes</head>
                </div>
            </div>
        </body>
    </text>
</root>
