<?xml version="1.0" ?>
<root>
    <teiHeader>
        <fileDesc>
            <titleStmt>
                <title>Paris</title>
                <recordID>1136</recordID>
                <transcription/>
                <respStmt>
                    <resp/>
                    <name/>
                    <note>
                        <date/>
                        <problems/>
                    </note>
                </respStmt>
            </titleStmt>
            <sourceDesc>
                <baseText/>
                <textNeeded/>
                <noKnownText/>
                <fragment/>
                <ocrNote/>
                <msDesc/>
                <bibl/>
                <sourceNote/>
            </sourceDesc>
        </fileDesc>
        <profileDesc>
            <langUsage>Latin</langUsage>
            <languageNote/>
            <langUsage/>
            <creation>
                <year>1220</year>
                <origDate precision="circa">1219x1224</origDate>
                <dateNotes/>
                <origPlace>Paris</origPlace>
                <diocese>Paris</diocese>
                <province>Sens</province>
                <country>France</country>
                <geo/>
                <placeNotes/>
                <orgName/>
                <persName/>
                <altName/>
                <regnalYears/>
                <delegated/>
                <classNotes/>
            </creation>
            <textDesc>
                <domain>Diocesan</domain>
            </textDesc>
            <genNotes/>
        </profileDesc>
    </teiHeader>
    <text>
        <body>
            <div>
                <head>Metadata</head>
                <p>RecordID: 1136</p>
                <p>Year_Sort: 1220</p>
                <p>Year: 1219x1224</p>
                <p>Month: None</p>
                <p>Day: None</p>
                <p>Circa: Yes</p>
                <p>DatingNotes: None</p>
                <p>Place: Paris</p>
                <p>Diocese: Paris</p>
                <p>Province: Sens</p>
                <p>CountryModern: France</p>
                <p>Jurisdiction_ID: D456</p>
                <p>Jurisdiction_ID2: None</p>
                <p>Jurisdiction_ID3: None</p>
                <p>Latitude: 48.24754</p>
                <p>Longitude: 3.287659</p>
                <p>PlaceNotes: None</p>
                <p>Classification: Diocesan</p>
                <p>IssuingAuthority: Guillaume de Seignelay</p>
                <p>IssuingAuthorityAlt: None</p>
                <p>RegnalStart: 1219</p>
                <p>RegnalEnd: 1224</p>
                <p>Delegated: None</p>
                <p>ClassificationNotes: None</p>
                <p>Language: Latin</p>
                <p>LanguageNotes: None</p>
                <p>TextNeeded: None</p>
                <p>NoKnownText: None</p>
                <p>Fragment: None</p>
                <p>Source: None</p>
                <p>SourceOther: None</p>
                <p>Edition: Pontal, Statuts synodaux, I, 100-101</p>
                <p>EditionOther: Synodicon ecclesie Parisiensis, ed. Fr. de Harlay, Paris: Muguet, 1674. (pp26-28)</p>
                <p>SourceNotes: ['http://gallica.bnf.fr/ark:/12148/bpt6k6251679t', 'https://books.google.com/books?id=Qz9AAAAAcAAJ', &quot;Paris, BnF B-5590, B-20473; Bib Sainte-Genevieve, C 8' 571 INV 161&quot;]</p>
                <p>TranscriptionNotes: Reviewed </p>
                <p>BaseText: ['GoogleBooks', 'WebDownload']</p>
                <p>OCR: None</p>
                <p>Transcription: None</p>
                <p>GeneralNotes: None</p>
                <p>BiblioRefs: None</p>
            </div>
            <div>
                <head>Text</head>
                <div>
                    <head>Incipit</head>
                    <p>Additio Willelmi episcopi</p>
                </div>
                <div>
                    <head>Capitulum 1</head>
                    <p>(1) Precipitur quod presbyteri clericos cujuscumque sint ordinis, in parochia sua commorantes, moneant quod tonsuram congruentem et honestum habeant habitum juxta statuta concilii, et si aliqui in hoc inobedientes vel rebelles fuerint, monitione premissa ab ingressu ecclesie arceantur.</p>
                    <p>Quod si aliquis de hujusmodi presumptoribus tante sit potestatis, quod sine scandalo a presbytero, predicto modo, coerceri non possit, episcopo nuncietur.</p>
                </div>
                <div>
                    <head>Capitulum 2</head>
                    <p>(2) Prohibetur sacerdotibus ne mercata frequentent; sed si ex aliqua causa necessaria eos ad mercata ire oportuerit, in honesto habitu incedant, et quam breviorem poterint ibi moram faciant.</p>
                </div>
                <div>
                    <head>Capitulum 3</head>
                    <p>(3) In mercatis, non faciant comessationes [1], nec etiam alibi.</p>
                </div>
                <div>
                    <head>Capitulum 4</head>
                    <p>(4) Prohibetur sacerdotibus, ne officium advocationis exercere presumant, nisi forte in causa ecclesie sue, vel pro miserabilibus personis, pupillis et viduis parrochianis suis, hiis qui honeste deesse non possunt, et hoc absque pretii receptione, preter expensas moderatas.</p>
                </div>
                <div>
                    <head>Capitulum 5</head>
                    <p>(5) Presbyteri uno die duas missas non celebrent, nisi in necessitate nec detineant corpora mortuorum super terram, occasione pecunie extorquende.</p>
                </div>
                <div>
                    <head>Capitulum 6</head>
                    <p>(6) Precipitur sacerdotibus, quod bis in anno ad minus, videlicet in Adventu Domini et in quadragesima, peccata sua confiteantur confessoribus per singulos decanatus constitutis.</p>
                </div>
                <div>
                    <head>Capitulum 7</head>
                    <p>(7) Confessores nomina confitentium scribant, et ad episcopum ad synodum deferant.</p>
                </div>
                <div>
                    <head>Capitulum 8</head>
                    <p>(8) Presbyteri parrochianos suos moneant, ut frequenter in ecclesiis suis denuncient, quod omnes, saltem patres-familias et matres, ad confessionem veniant ante Pascha Floridum; et qui in hoc negligentes fuerint, in penam, usque post octavas Pasche, ad confessionem non admittantur, sed usque ad illud tempus a carnibus jejunabunt sicut in quadragesima.</p>
                </div>
                <div>
                    <head>Capitulum 9</head>
                    <p>(9) Presbyteri parrochianos suos solemniter penitentes faciant venire in capite jejunii ad ecclesiam cathedralem, ut per episcopum solemniter ab ecclesia ejiciantur, et similiter in die jovis proxima ante Pascha ut per episcopum ecclesie reconcilientur.</p>
                </div>
                <div>
                    <head>Capitulum 10</head>
                    <p>(10) Presbyteri injungant parrochianis suis confitentibus, quod omnia ablata, antequam testamentum vel legata faciant, plene restituant.</p>
                </div>
                <div>
                    <head>Capitulum 11</head>
                    <p>(11) Precipitur, quod presbyteri parrochianos suos, qui tribus dominicis continuis se ab ecclesia sua absentaverint sine causa justa et necessaria, interdicant, et ad episcopum mittant interdictos: militibus discurrentibus defertur.</p>
                </div>
                <div>
                    <head>Capitulum 12</head>
                    <p>(12) Precipitur sacerdotibus, quod diligentes et solliciti sint in monendo parrochianos suos de eleemosynis legatis ad fabricam ecclesie beate Marie faciendis, et legata fideliter querant et reservent ; scribant etiam nomina eorum qui legaverint, et ad episcopum ad synodum afferant, et sic ei appareat, qui in hoc fuerint diligentes et negligentes.</p>
                </div>
                <div>
                    <head>Capitulum 13</head>
                    <p>(13) Presbyteri in ecclesiis frequenter denuntient, eos qui matrimonia clandestina contrahunt et qui eis faciendis assistunt, esse excommunicatos.</p>
                </div>
                <div>
                    <head>Capitulum 14</head>
                    <p>(14) Precipitur, quod commodationes carrucarum quibus fieri solent que fiunt in festivis diebus, per sacerdotem fiant, ne [2] in hoc aliqua inter commodantes interveniat confusio.</p>
                </div>
                <div>
                    <head>Capitulum 15</head>
                    <p>(15) Precipitur, quod in celebratione missarum, quando corpus Christi elevatur, in ipsa elevatione vel paulo ante, campana pulsetur, sicut alias fuit statutum, ut sic mentes fidelium ab oratione excitentur.</p>
                </div>
                <div>
                    <head>Capitulum 16</head>
                    <p>(16) Presbyteri injungant parrochianis suis, quod quando matrimonium inter aliquos erit contrahendum, illi qui debent contrahere confiteantur, ob reverentiam sacramenti, peccata sua presbyteris suis, priusquam fidem prebeant de contrahendo, vel saltem antequam contrahant per verba de presenti.</p>
                </div>
                <div>
                    <head>Capitulum 17</head>
                    <p>(17) Presbyteri vero tunc solliciti sint de inquirendo, maxime super impedimentis matrimonii.</p>
                </div>
                <div>
                    <head>Footnotes</head>
                    <p>[1] MS comessationibus</p>
                    <p>[2] ne (add ed.)</p>
                </div>
            </div>
        </body>
    </text>
</root>
