<?xml version="1.0" ?>
<root>
    <teiHeader>
        <fileDesc>
            <titleStmt>
                <title>Saintes</title>
                <recordID>1193</recordID>
                <transcription/>
                <respStmt>
                    <resp/>
                    <name/>
                    <note>
                        <date/>
                        <problems/>
                    </note>
                </respStmt>
            </titleStmt>
            <sourceDesc>
                <baseText/>
                <textNeeded/>
                <noKnownText/>
                <fragment/>
                <ocrNote/>
                <msDesc/>
                <bibl/>
                <sourceNote/>
            </sourceDesc>
        </fileDesc>
        <profileDesc>
            <langUsage>Latin</langUsage>
            <languageNote/>
            <langUsage/>
            <creation>
                <year>1304</year>
                <origDate>1304</origDate>
                <dateNotes/>
                <origPlace>Saintes</origPlace>
                <diocese>Saintes</diocese>
                <province>Bordeaux</province>
                <country>France</country>
                <geo/>
                <placeNotes/>
                <orgName/>
                <persName/>
                <altName/>
                <regnalYears/>
                <delegated/>
                <classNotes/>
            </creation>
            <textDesc>
                <domain>Diocesan</domain>
            </textDesc>
            <genNotes/>
        </profileDesc>
    </teiHeader>
    <text>
        <body>
            <div>
                <head>Metadata</head>
                <p>RecordID: 1193</p>
                <p>Year_Sort: 1304</p>
                <p>Year: 1304</p>
                <p>Month: None</p>
                <p>Day: None</p>
                <p>Circa: None</p>
                <p>DatingNotes: Easter</p>
                <p>Place: Saintes</p>
                <p>Diocese: Saintes</p>
                <p>Province: Bordeaux</p>
                <p>CountryModern: France</p>
                <p>Jurisdiction_ID: D374</p>
                <p>Jurisdiction_ID2: None</p>
                <p>Jurisdiction_ID3: None</p>
                <p>Latitude: 45.7464</p>
                <p>Longitude: -0.6333</p>
                <p>PlaceNotes: None</p>
                <p>Classification: Diocesan</p>
                <p>IssuingAuthority: Guy de Neufville</p>
                <p>IssuingAuthorityAlt: None</p>
                <p>RegnalStart: 1296</p>
                <p>RegnalEnd: 1312</p>
                <p>Delegated: None</p>
                <p>ClassificationNotes: None</p>
                <p>Language: Latin</p>
                <p>LanguageNotes: None</p>
                <p>TextNeeded: None</p>
                <p>NoKnownText: None</p>
                <p>Fragment: None</p>
                <p>Source: None</p>
                <p>SourceOther: None</p>
                <p>Edition: Avril, Statuts V, 79-80</p>
                <p>EditionOther: Constitutiones synodales Xantonensis ecclesie, Pictavii: ex officina Marnesiorum fratrum sub Pelicano, 1541 [fols. 75-76v]</p>
                <p>SourceNotes: None</p>
                <p>TranscriptionNotes: Reviewed </p>
                <p>BaseText: Hard Copy Scan</p>
                <p>OCR: Yes</p>
                <p>Transcription: None</p>
                <p>GeneralNotes: None</p>
                <p>BiblioRefs: None</p>
            </div>
            <div>
                <head>Text</head>
                <div>
                    <head>Incipit</head>
                    <p>Item constitutiones synodales Guydonis episcopi promulgate in synodo Paschali, anno Domini MCCCIIII.</p>
                </div>
                <div>
                    <head>Capitulum 1</head>
                    <p>(1) De occupantibus bona ecclesiasticarum personarum.</p>
                    <p>Statuimus quod quicumque clericos seu ecclesiasticas personas, bona clericorum seu ecclesiasticarum personarum jura, res, possessiones vel quidquid, aut ecclesiarum homines, aut mansionarios ecclesiarum invaserit, occupaverit, rapuerit, detinuerit, invadi vel occupari, rapi, detineri fecerit, mandaverit, vel nomine suo invasa, occupata, rapta, detenta ratum habuerit, vel que super premissis opem, consilium, auxilium prestiterit vel favorem publice vel occulte, vel alias ceperit, seu saziverit, vel signa aut sigilla imposuerit in prejudicium Ecclesie, et jurisdictionis seu libertatis ecclesiastice, ipso facto sententiam excommunicationis incurrat.</p>
                    <p>Loca vero in quibus clerici, vel alie ecclesiastice persone capte, detente, lese, letaliter vel enormiter, vel occise fuerint, seu translate eo ipso subjaceant interdicto, et hec diebus dominicis, et aliis solemnibus in ecclesiis et aliis locis ecclesiasticis ubi capellanus fuerit, mandamus publice nunciari.</p>
                </div>
                <div>
                    <head>Capitulum 2</head>
                    <p>(2) De ponentibus comestores in domibus clericorum.</p>
                    <p>Statuimus quod per laicos vel eorum loca tenentes in ecclesiis vel aliis ecclesiasticis non ponantur comestores, vel persone alie, per quas quomodolibet persone ecclesiastice impediantur uti libere juribus et bonis suis, seu alias aggraventur.</p>
                    <p>Quas si poni contigerit, ponentes et positi eo ipso sententiam excommunicationis incurrant, nichilominusque illis existentibus cessetur penitus a divinis nullo alio mandato super hoc expectato.</p>
                </div>
                <div>
                    <head>Capitulum 3</head>
                    <p>(3) Item quod quicumque prohibent, vel prohibere faciunt, vel prohibitionem nomine suo factam ratam habent, ne, si illi qui consueverunt ad forum ecclesiasticum causa litigandi veniri, veniant, eo ipso sententiam excommunicationis incurrant, nec illis vel eorum familiaribus, consiliariis, vel</p>
                    <p>fautoribus et faventibus ministrentur ecclesiastica sacramenta, nec detur ecclesiastica sepultura, et nos omnes tales, presentis constitutionis edicto, prêter alias penas, excommunicatos ex nunc denuntiamus, et eorum familias interdictas, privamusque loca eorum oratoriis et capellis et, si qui ibi divina celebraverint, ipso facto excommunicationis incurrant.</p>
                </div>
                <div>
                    <head>Capitulum 4</head>
                    <p>(4) Ne venalia teneantur ante ecclesias.</p>
                    <p>Item moneant capellani auctoritate nostra omnes parochianos suos et quoscumque alios ne ante fores ecclesiarum carnes vel alia venalia teneant ad vendendum, nec ita prope ecclesiam quod divinum officum vel accessus ad ecclesias impediri valeat; quod si non destiterint, competenter moniti contrarium facientes excommunicatos publice nuntient.</p>
                </div>
                <div>
                    <head>Capitulum 5</head>
                    <p>(5) Ne citentur aliqui absque speciali mandato.</p>
                    <p>Inhibemus districte ne procuratores aliquem citationem [1] faciant vel procurent absque speciali mandato actorum citari, vel conveniri, et super hoc judices ecclesiastici juramentum exigant ab eisdem.</p>
                    <p>Si qui vero contrarium fecerint, tanquam falsarii puniantur.</p>
                </div>
                <div>
                    <head>Capitulum 6</head>
                    <p>(6) De meliori animali domus reservando episcopo quando capellanus decedit.</p>
                    <p>Cum antiqua et approbata consuetudine fuerit hactenus observatum quod, quando capellanus vel elemosinarius vel alia ecclesiastica persona curam habens animarum decedit, episcopus Xantonensis debet habere melius animal, vel equum, vel aliud, quod in ejus hospitio repetitur.</p>
                    <p>Sunt quidem qui nos predicto jure nostro nituntur et satagunt defraudare: melius animal hospitii infirmi vendunt et distrahunt, vel distrahi procurant, ex quo vident mortis periculum imminere, ut jure nostro defraudemur in Ecclesie nostre Xantonensis et nostri prejudicium et gravamen.</p>
                    <p>Quod circa monemus omnes in generali ne talia decetero attentare persumant, alioquin contrarium facientes, qui ad premissa de approbata consuetudine tenebuntur, excommunicationis sententia volumus subjacere, quam ipso facto se noverint incursuros.</p>
                </div>
                <div>
                    <head>Footnotes</head>
                    <p>[1] Originally [citationem].</p>
                </div>
            </div>
        </body>
    </text>
</root>
