<?xml version="1.0" ?>
<root>
    <teiHeader>
        <fileDesc>
            <titleStmt>
                <title>Sion</title>
                <recordID>1196</recordID>
                <transcription/>
                <respStmt>
                    <resp/>
                    <name/>
                    <note>
                        <date/>
                        <problems/>
                    </note>
                </respStmt>
            </titleStmt>
            <sourceDesc>
                <baseText/>
                <textNeeded/>
                <noKnownText/>
                <fragment/>
                <ocrNote/>
                <msDesc/>
                <bibl/>
                <sourceNote/>
            </sourceDesc>
        </fileDesc>
        <profileDesc>
            <langUsage>Latin</langUsage>
            <languageNote/>
            <langUsage/>
            <creation>
                <year>1370</year>
                <origDate>1370</origDate>
                <dateNotes/>
                <origPlace>Sion</origPlace>
                <diocese>Sion</diocese>
                <province>Tarentaise</province>
                <country>Switzerland</country>
                <geo/>
                <placeNotes/>
                <orgName/>
                <persName/>
                <altName/>
                <regnalYears/>
                <delegated/>
                <classNotes/>
            </creation>
            <textDesc>
                <domain>Diocesan</domain>
            </textDesc>
            <genNotes/>
        </profileDesc>
    </teiHeader>
    <text>
        <body>
            <div>
                <head>Metadata</head>
                <p>RecordID: 1196</p>
                <p>Year_Sort: 1370</p>
                <p>Year: 1370</p>
                <p>Month: None</p>
                <p>Day: None</p>
                <p>Circa: None</p>
                <p>DatingNotes: None</p>
                <p>Place: Sion</p>
                <p>Diocese: Sion</p>
                <p>Province: Tarentaise</p>
                <p>CountryModern: Switzerland</p>
                <p>Jurisdiction_ID: D462</p>
                <p>Jurisdiction_ID2: None</p>
                <p>Jurisdiction_ID3: None</p>
                <p>Latitude: 46.227778</p>
                <p>Longitude: 7.358611</p>
                <p>PlaceNotes: aka Sitten</p>
                <p>Classification: Diocesan</p>
                <p>IssuingAuthority: Guichard Tavel</p>
                <p>IssuingAuthorityAlt: None</p>
                <p>RegnalStart: 1342</p>
                <p>RegnalEnd: 1375</p>
                <p>Delegated: None</p>
                <p>ClassificationNotes: None</p>
                <p>Language: Latin</p>
                <p>LanguageNotes: None</p>
                <p>TextNeeded: None</p>
                <p>NoKnownText: None</p>
                <p>Fragment: None</p>
                <p>Source: None</p>
                <p>SourceOther: None</p>
                <p>Edition: Gremaud, Documents, 33, 370-74 [n. 2145]</p>
                <p>EditionOther: None</p>
                <p>SourceNotes: https://books.google.com/books?id=CScA2bVa2X4C</p>
                <p>TranscriptionNotes: Reviewed </p>
                <p>BaseText: ['GoogleBooks', 'Data Capture']</p>
                <p>OCR: None</p>
                <p>Transcription: None</p>
                <p>GeneralNotes: None</p>
                <p>BiblioRefs: None</p>
            </div>
            <div>
                <head>Text</head>
                <div>
                    <head>All Text</head>
                    <p>In nomine Dni. MoCCCoLXXo, die vero VI mensis iunii, nos Gychardus Dei et apostolice sedis gracia episcopus Sedun., ad honorem Dei, beate Virginis matris eius, beati Theodoli, tociusque curie celestis, wulneribus populi, cuius regimen licet indignis contulit Deus nobis, mederi decencius cupientes, statutam nostram synodum mandavimus celebrare, qua die presentibus capitulo nostro, scilicet Willermo cantore Sedun., Aymone Bynfa, Jacobo de Bona, Heinrico de Blanchis, Petro Coci, Hugone Pascalis, Johanne de Brusatis, Petro Tauelli et Petro de Moynos, prioribus, curatis, vicariis, beneficiatis et aliis ecclesiarum rectoribus nostre Sedun. dyocesis, exceptis excusatis causis iustis et precedentibus minus iustas, dictam sanctam synodum celebrantes, constituciones editas synodales per predecessores nostros et nos in aliis synodis confirmamus, aliqua, sicut sequitur, adiungendo, nouiterque faciendo.</p>
                    <p>Et in primis cum per predecessores nostros et nos plures facte fuerunt constituciones iustis causis contra tenentes mulieres suspectas, quibus, nec in aliis, in presenti synodo, in quantum constituimus, per presentem intendimus nullatenus derogare, sed eas pocius confirmamus, statuimus, ordinamus quod infra VII dies quicumque beneficiatus ordinatus nostre diocesis, cuiuscumque status vel condicionis existat, tenens mulierem suspectam in hospicio suo vel extra sibi victum et vestitum ministrando, eam dimittat et abiciat ab eo, ne malum exemplum peccandi laycis parochianis prebeatur et ut Deo mundius seruiatur, alias sentenciam excommunicacionis incurrat, dictorum septem dierum canonica monicione premissa, quam si per mensem sustinuerint animo indurato, per nos seu successores nostros suis beneficiis sit priuandus. Nam a mallis perpendimus laycos de talibus tenentibus mulieres suspectas derisiones facere, necnon, quod peius est, ad peccandum exemplis clericorum consimiliter iam inductos, in perniciem tocius cleri dinoscitur redundare.</p>
                    <p>Item quam reuerenter et quam munde panis in verum corpus Christi conuertendus et consecrandus fieri debeat et tractari, nullus est sane mentis qui ignoret. Cum igitur ad istam diocesim ab ignotis forsitan, proh dolor, et immundis aportentur et emantur communiter hostie consecrande, salubre remedium apponentes, tutuimus et ordinamus quod de cetero nullus in nostra diocesi consecrare debeat hostias que non facte fuerint per sacerdotem electum per nos seu successores nostros et ad istud confectionis hostiarum officium constitutum, qui dare debeat XXV de paruis hostiis et XXti de magnis pro vno den. Maur.; qui alias [1] attentauerit, acceptauerit et fecerit, penam quinque sol. incurrat, quos nobis soluere debeat infra decem dies sequentes ipsum actum, alias sentenciam excommunicacionis incurrat, dictos decem dies quod [2] canonica monicione prefigentes. Presentem tamen constitucionem lapsis duobus mensibus dumtaxat vendicare volumus sibi locum.</p>
                    <p>Officialis curatus [3] Sedun. curatis sine vicariis de Conches, de Aragnon, de Morgia, de Vespia et prioribus seu vicariis de Castellione, de Leuca, salutem in Dno sempiternam. Cum pro eo quod partem cedentem paroschianis vestris pro quantitate debita dnis de Monte Ioueto racione fideiussionis facte dno comiti Sabaudie de quantitate seu parte quantitatis sibi promisse pro defensione seu vtilitate patrie Vallesii non soluebant, ad quam quantitatem contribuere tenentur parochiani vestri, qua de causa, quia non contribuebant, guerrarum calempnitates patria Vallesii, maxime communitates a Narres inferius verisimiliter formidabant, in parochiis vestris cessum diuinarum teneri mandauerimus et pariter interdictum, nunc autem parentur contra patriam istam bella magna, quia tota quantitas debita non soluitur, nec de fideiussionibus dandis comiti curat ipse, sed vult habere totam integram quantitatem, que si punctualiter solueretur, pax perpetua cum dicto dno comite firmiter creditur obtineri. Quare dictis guerrarum periculis imminentibus patenter euitabitur, si soluatur, et atento quod fuerunt dicti vestri parochiani in mora diucius persoluendi, quodcumque crescente contumacia crescere debeat et pena, mandamus vobis in virtute sancte obediencie et sub pena excommunicacionis quam in vos et vestrum quemlibet ferimus, nisi feceritis quod mandamus, quatenus dictos parochianos vestros qui non soluerint, moneatis ut infra quindenam Iohannis Baptiste dictam porcionem et partem eis contingentem de quantitate indicta discenis terre Vallesii causa dicte quantitatis promisse sic apportent, quod cum aliis communitatibus persolui valeatis, pax habere et guerrarum calampnitates euitari, alias cessu diuinorum et interdicto, prout nunc est, remanente, dictos non apportantes ad soluendum, quos ex nunc prout ex tunc et ex tunc prout ex nunc excommunicacionibus in hiis scriptis excommunicamus publice nunc, cum intimacione quod si predicta sustineant aliquandiu animo indurato, contra eos, quantum ius pacietur, ulterius procedemus. Item cum intelleximus aliquos, Dei timore postposito, suarumque animarum salutem non curantes, cessum et interdictam appositum violasse in cimiteriis interdictis cadauera hominum immittendo, portasque ecclesiarum locorum fenestrando et perforando et corpus Christi in dampnum animarum suarum videndo per foramina et fenestras, necnon sanis viaticum seu eucharistiam ministrando, mandamus vobis in virtute sancte obediencie et sub excommunicacionis pena quam in vos ferimus, nisi feceritis quod mandamus, quatenus moneatis predictos qui cadauera infra cimiteria interdicta immiserunt, ut ipsi infra quindenam proximam festi beati Iohannis Baptiste dicta cadauera manibus propriis exhumant et extra cimiteria reponant, dictos eciam perforantes et fenestrantes nouas portas ecclesiarum reficiant et reponant suis propriis sumptibus et expensis, et idem dicimus de fenestris ecclesiarum fractis et perforatis causa predicta, et qui ministrauerunt eucharistiam sanis, vt ad satisfactionem et nunam [4] condignam proueniant, alias ipsos predictos quos ex nunc prout ex tunc et ex tunc prout ex nunc excommunicacionibus in hiis scriptis excommunicatos a nobis publice nuncietis [5], quem eisdem duximus prefigendum. Datum Seduni, die VI mensis iunii, anno Dni Mo.CCCo.LXXo, et eadem per nos dictum officialem in sancta synodo publicatum.</p>
                    <p>Item cum statutum sit in constitucione nouella summi pontificis dni Bonifacii pape VIII quod omnes et singuli iuridicionem ecclesiasticam impedientes in casibus in quibus ecclesiastici iudices de iure uel de consuetudine consuerunt judicare, sunt excommunicati ipso iure, precipimus ut per curatos, vicarios singularum ecclesiarum hoc salubre statutum saltim semel in mense vulgaliter in presencia populi publicetur, et nunc preceptum est nobis [6] in sancta synodo omni septimana per officialem, ne transgressores pretextu ignorancie a pena statuta se valeant excusare, quam ex quo vetiti fuerint, eos dignum est sustinere.</p>
                </div>
                <div>
                    <head>Footnotes</head>
                    <p>[1] &quot;alias&quot; add. ed.</p>
                    <p>[2] &quot;l. pro&quot;</p>
                    <p>[3] &quot;l. curie&quot;</p>
                    <p>[4] there is a &quot;(?)&quot; here in the pdf</p>
                    <p>[5] there is a super script 1 here marking a note</p>
                    <p>[6] &quot;l. vobis&quot; is in parentheses</p>
                </div>
            </div>
        </body>
    </text>
</root>
