<?xml version="1.0" ?>
<root>
    <teiHeader>
        <fileDesc>
            <titleStmt>
                <title>Rouen</title>
                <recordID>1255</recordID>
                <transcription/>
                <respStmt>
                    <resp/>
                    <name/>
                    <note>
                        <date/>
                        <problems/>
                    </note>
                </respStmt>
            </titleStmt>
            <sourceDesc>
                <baseText/>
                <textNeeded/>
                <noKnownText/>
                <fragment/>
                <ocrNote/>
                <msDesc/>
                <bibl/>
                <sourceNote/>
            </sourceDesc>
        </fileDesc>
        <profileDesc>
            <langUsage>Latin</langUsage>
            <languageNote/>
            <langUsage/>
            <creation>
                <year>1231</year>
                <origDate>1231/1232</origDate>
                <dateNotes/>
                <origPlace>Rouen</origPlace>
                <diocese>Rouen</diocese>
                <province>Rouen</province>
                <country>France</country>
                <geo/>
                <placeNotes/>
                <orgName/>
                <persName/>
                <altName/>
                <regnalYears/>
                <delegated/>
                <classNotes/>
            </creation>
            <textDesc>
                <domain>Provincial</domain>
            </textDesc>
            <genNotes/>
        </profileDesc>
    </teiHeader>
    <text>
        <body>
            <div>
                <head>Metadata</head>
                <p>RecordID: 1255</p>
                <p>Year_Sort: 1231</p>
                <p>Year: 1231/1232</p>
                <p>Month: None</p>
                <p>Day: None</p>
                <p>Circa: None</p>
                <p>DatingNotes: 1231 or or early 1232</p>
                <p>Place: Rouen</p>
                <p>Diocese: Rouen</p>
                <p>Province: Rouen</p>
                <p>CountryModern: France</p>
                <p>Jurisdiction_ID: None</p>
                <p>Jurisdiction_ID2: None</p>
                <p>Jurisdiction_ID3: None</p>
                <p>Latitude: 49.443889</p>
                <p>Longitude: 1.103333</p>
                <p>PlaceNotes: None</p>
                <p>Classification: Provincial</p>
                <p>IssuingAuthority: Maurice</p>
                <p>IssuingAuthorityAlt: None</p>
                <p>RegnalStart: None</p>
                <p>RegnalEnd: None</p>
                <p>Delegated: None</p>
                <p>ClassificationNotes: None</p>
                <p>Language: Latin</p>
                <p>LanguageNotes: None</p>
                <p>TextNeeded: None</p>
                <p>NoKnownText: None</p>
                <p>Fragment: None</p>
                <p>Source: None</p>
                <p>SourceOther: None</p>
                <p>Edition: Bessin, Concilia, I, pp134-38</p>
                <p>EditionOther: None</p>
                <p>SourceNotes: None</p>
                <p>TranscriptionNotes: Reviewed </p>
                <p>BaseText: ['GoogleBooks', 'Data Capture']</p>
                <p>OCR: None</p>
                <p>Transcription: None</p>
                <p>GeneralNotes: None</p>
                <p>BiblioRefs: None</p>
            </div>
            <div>
                <head>Text</head>
                <div>
                    <head>Capitulum 1</head>
                    <p>(1)</p>
                    <p>Statuimus ut Prior non conventualis ultra summam sexaginta solid. ab aliquo sine licentia Abbatis sui, vel Episcopi, si remotus fuerit Abbas, mutuo pecuniam non accipiat: quod si forte fecerit, abiiciatur a prioratu, nec denuo prioratum valeat adipisci, quousque per Provinciale Concilium fuerit restitutus.</p>
                    <p>Nisi forte prioratus ita abundet in reditibus quod Priori ultra dictam summam accipere mutuo sit necesse; et tunc ultra summam centum solid.</p>
                    <p>accipere non praesumat.</p>
                    <p>Eidem poenae subiaceat Prior, qui quantamcumque summam pecuniae mutuo receperit a Iudaeis.</p>
                    <p>Abbas autem, qui sine licentia Episcopi sui pecuniam a Iudaeo receperit mutuo, suspendatur, nec nisi per Provinciale Concilium relaxetur.</p>
                </div>
                <div>
                    <head>Capitulum 2</head>
                    <p>(2) Statuimus etiam ut Abbates, et Priores, et obedientiarii de singulis proventibus, et redditibus, et expensis singulis annis diligenter computent in Capitulo quater in anno ad minus, et status tam abbatiarum quam prioratuum a claustralibus cognoscatur, et compota redigantur in scriptis, ita quod Conventus penes se retineat unum scriptum, et Abbas aliud.</p>
                </div>
                <div>
                    <head>Capitulum 3</head>
                    <p>(3) Nullus Abbas mutuo recipiat pecuniam sine Capituli sui, vel maioris et sanioris partis Capituli licentia, nec ultra summam ab Episcopo suo taxandam secundum Monasterii sui facultates: qui contra fecerit, per Episcopum suum puniatur.</p>
                </div>
                <div>
                    <head>Capitulum 4</head>
                    <p>(4) Propter scandala quae ex Monialium conversatione proveniunt, statuimus de Monialibus nigris, ne aliquod depositum recipiant in domibus suis ab aliquibus personis, maxime arcas clericorum, vel aliorum laicorum causa custodiae, apud se minime deponi permittant.</p>
                    <p>Pueri, vel puellae, qui ibi solent nutriri et instrui, penitus repellantur.</p>
                    <p>Omnes communiter comedant in Refectorio, et in Dormitorio dormiant solitarie.</p>
                    <p>Camerae Monialium omnes destruantur, nisi aliqua per inspectionem Episcopi integra retineatur ad infirmariam faciendam, vel alia de causa, quae Episcopo esse necessaria videatur.</p>
                    <p>Item Moniales nullatenus exire permittantur, vel extra pernoctare, nisi forte ex magna causa, et raro, et Abbatissis iniungatur ne aliter egredi permittant Moniales.</p>
                    <p>Et si aliquando Abbatissa ex iusta causa alicui permittat, eidem iniungatur quod sine mora revertatur, et det ei sociam, non ad voluntatem suam, sed quo viderit expedire.</p>
                    <p>Ostia suspecta et superflua obstrantur.</p>
                    <p>Circa hoc autem Episcopi adhibeant diligentiam et curam per se et per ministros suos, et vitas et conversationes earum taliter restringant, quod per eorum diligentiam scandala, quae de earum vita in praesenti proveniunt sopiantur.</p>
                </div>
                <div>
                    <head>Capitulum 5</head>
                    <p>(5) Statuimus ut omnes Iudices, tam ordinarii, quam ab Ordinario delegati, temperent se et refraenent a generalibus excommunicationibus, nec in generali participiantes excommunicent, ubi communicaverunt in crimine delinquenti.</p>
                </div>
                <div>
                    <head>Capitulum 6</head>
                    <p>(6) Statuimus in locis sive prioratibus ubi congregatio conventualis solet esse, si facultates ecclesiae suppetant, illius conventus restauretur ibidem.</p>
                </div>
                <div>
                    <head>Capitulum 7</head>
                    <p>(7) Monemus abbates et priores conventuales quod tot factores in abbatiis et prioribus suis instituant, si ad hoc facultates eorum sufficiant, quot ibi solent deservire; ne pensionem, nec censum ab eis exigant, quam non solent exigere ab antiquo, si forte alicui ex iusta causa a suo Episcopo permittatur.</p>
                </div>
                <div>
                    <head>Capitulum 8</head>
                    <p>(8) Statuimus quod clerici ribaudi, maxime qui dicuntur de familia Goliae, per Episcopos, Archidiaconos, Officiales et Decanos Christianitatis tonderi praecipiantur, vel etiam radi, ita quod eis tonsura non remaneat clericalis; ita tamen quod sine scandalo et periculo ista fiant.</p>
                </div>
                <div>
                    <head>Capitulum 9</head>
                    <p>(9) Statuimus ut ille ad quem unius vel plurimum Iudicum mandatum dirigitur, sive de citatione facienda, sive de aliquo alio faciendo, non faciat quod mandant, nisi ipso mandato contineantur expresse, et designentur nomina Iudicum, locorum, dioecesis, et personarum, vel cuius auctoritate procedit authenticum, et nisi exhibeatur authenticum trascriptum sub sigillis authenticis et notis, et ne citatores iudicibus contra praedictam formam mandatum eorum exequi compellantur, alioquin ad Sedem Apostolicam appellent.</p>
                </div>
                <div>
                    <head>Capitulum 10</head>
                    <p>(10) Prohibemus ne aliquis clericus ab aliquo quam suo Episcopo se faciat ordinari, nisi super hoc Dioecesani sui litteras habuerit speciales, vel licentiam.</p>
                </div>
                <div>
                    <head>Capitulum 11</head>
                    <p>(11) Praecipimus ut concubinae presbyterorum, quae super hoc de cetero fuerint confessae, vel convictae, vel diffamatae, vel super hoc non poterunt se purgare, publice in ecclesia die Dominico, vel alio solemni die, coram populo tondeantur, alias poenitentiam competentem pro peccato huiusmodi suscepturae; et si quae fuerint inventae rebelles, per excommunicationis sententiam ad hoc, si necesse fuerit, compellantur.</p>
                </div>
                <div>
                    <head>Capitulum 12</head>
                    <p>(12) Nullus audeat missam bis in die celebrare, aut cum duplici introitu, nisi in magna necessitate, scilicet pro humano  [1] corpore, in die Dominico, vel alio solemni, in die Natalis Domini, in die Paschae, et hoc ubi non est nisi unus sacerdos.</p>
                    <p>Celebraturus quoque Missam secundam vinum perfusionis non sumat, sed ministro habenti bonam conscentiam conferat.</p>
                </div>
                <div>
                    <head>Capitulum 13</head>
                    <p>(13) Prohibemus ne aliquis Archidiaconus, seu Decanus ruralis, sive monachus, vel quicumque alius, cognoscat de causis matrimonialibus, nisi super hoc privilegium apostolicae sedis habeat, vel ab antiquo sic fuerit consuetum: sed cum in eorum auditorio talis quaestio devenerit, eam Episcopo loci, vel eius Officiali, sine morae dispendio studeant nuntiare, partes ad ipsorum examen competenti termino remittentes.</p>
                </div>
                <div>
                    <head>Capitulum 14</head>
                    <p>(14) Prohibeant sacerdotes sub poena excommunicationis choreas duci in cimiterio, vel in ecclesiis: moneant etiam ne alibi fiant.</p>
                </div>
                <div>
                    <head>Capitulum 15</head>
                    <p>(15) Prohibeant similiter ne vigiliae fiant in ecclesiis, nisi in festo illius ecclesiae Sancti.</p>
                </div>
                <div>
                    <head>Capitulum 16</head>
                    <p>(16) Nullus laicus de novo in cimiterio aedificare permittatur, nec domus aliqua si destructa fuerit, per annum et diem durante ruina, reaedificetur ibidem: nec simus, vel immunditiae aliquae in cimiterio adunentur.</p>
                </div>
                <div>
                    <head>Capitulum 17</head>
                    <p>(17) Clerici beneficiati, seu in sacris Ordinibus constituti, non sint advocati pro pretio, seu in fraude pretii in curia laicali, nec loco laicorum curiam tenant, nec balliis illorum, seu aliorum illicitis praeficiantur.</p>
                </div>
                <div>
                    <head>Capitulum 18</head>
                    <p>(18) Nullus non sacerdos curam animarum habens, Ecclesiam ad firmam recipiat; nec etiam sacerdos curam animarum habens, nisi habeat perpetuum vicarium: in quo casu non recipiat nisi de Episcopi sui licentia speciali.</p>
                </div>
                <div>
                    <head>Capitulum 19</head>
                    <p>(19) Statuimus quod condonati cuiuslibet domus religiosae aliquod signum in eminenti portent, ad arbitrium Episcopi; et religioni congrua indumenta: ut per hoc distinguantur ab aliis, et sicut religiosi ab Ecclesia defendantur; et ad hoc faciendum per suos presbyteros compellantur.</p>
                </div>
                <div>
                    <head>Capitulum 20</head>
                    <p>(20) Districte praecipitur ne Sacerdotes magnos cultellos cum cuspide, enses, gladios, vel lanceas portent; nec clerici Sacerdotum, vel alii in sacris Ordinibus constituti, nisi iusta causa timoris.</p>
                </div>
                <div>
                    <head>Capitulum 21</head>
                    <p>(21) Praecipimus ne laici testamenta sua ordinent per manum laicalem, et ipsis prohibeant frequenter sacerdotes ne testamenta sua faciant, nisi in necessitate, sine presentia Sacerdotis, maxime cum in Normania talis consuetudo existat.</p>
                </div>
                <div>
                    <head>Capitulum 22</head>
                    <p>(22) Iurabunt Officiales, et qui demandatam ab Episcopis, vel Officialibus iurisdictionem suscipiunt quod munus et donum non recipiant, nisi exenia tam modica propter quae praesumi non debeat quod Iudicum animus a tramite iustitiae debeat deviare: nec exenia huiusmodi frequenter recipiant ab eodem.</p>
                </div>
                <div>
                    <head>Capitulum 23</head>
                    <p>(23) Inhibemus ne monachi, vel aliae personae ecclesiasticae in causis quae tantum consueverunt tractari in foro Ecclesiae, deponant querimoniam coram Iudice saeculari, nisi ab Episcopo suo super hoc licentiam habuerint specialem.</p>
                </div>
                <div>
                    <head>Capitulum 24</head>
                    <p>(24) Statuimus ut decanatus ab Episcopis, vel Archidiaconis non vendantur, seu ad firmam tradantur, sed gratis de cetero concedantur; ita quod de emendis superioribus iurati fideliter respondebunt, deductis propriis expensis, quas ipsi Decani necessario facient propter officium decanatus.</p>
                </div>
                <div>
                    <head>Capitulum 25</head>
                    <p>(25) Firmiter inhibemus quod si partes litigantes coram Episcopis, seu Archidiaconis, vel Decanis ruralibus, trasigant vel componant, neutra pars praetextu alicuius consuetudinis emendam Iudicum propter hoc persolvere minime teneatur.</p>
                </div>
                <div>
                    <head>Capitulum 26</head>
                    <p>(26) Item praecipimus quod causae ecclesiasticae coram Decanis ruralibus, et coram quocumque Iudice ecclesastico secundum iura ecclesiastica tracentur, et non per modum curiae saecularis.</p>
                </div>
                <div>
                    <head>Capitulum 27</head>
                    <p>(27) Qui cruce signati sunt, ultra annum et diem ab Ecclesia nullatenus defendantur, nisi pro speciali mandato sedis Apostolicae vel Legati passagium interdicatur vel in diem prorogetur, vel ex alia iusta causa et evidenti eos oporteat remanere: hoc idem et de cruce signandis statuimus observandum.</p>
                </div>
                <div>
                    <head>Capitulum 28</head>
                    <p>(28) Volumus et praecipimus quod Iudices saeculares qui clericos in aliquo facinore deprehensos carceri emancipatos, si ab ecclesiastico Iudice requisiti eos reddere contradicant, extunc excommunicati a summo Iudice promulgentur; ne in ipsis capiendis amplius violentia capientium extendatur quam defensio vel rebellio exegerit clericorum: et cum captos eos tenuerint, ecclesiastico Iudici, scilicet Episcopo, vel Officiali, seu Archidiacono, vel Decano loci sine morae dispensio denuntiare procurent.</p>
                </div>
                <div>
                    <head>Capitulum 29</head>
                    <p>(29) Praecipimus ut clerici qui habent perpetuos vicarios in ecclesiis suis, si sint docibiles, studeant principaliter in Theologia, nisi iusta et rationabili causa Episcopus suus cum eis aliter duxerit dispensandum; et nisi sint in sacris Ordinibus constituti, ad sacros Ordines promoveantur.</p>
                    <p>Illi autem de quibus merito praesumendum sit quod in studio proficere non debeant, ordinentur, et in suis ecclesiis deserviant in ordine Sacerdotali, si de eorum et vicariorum extiterit voluntate, vel alibi in eodem ordine Domino studeant deservire.</p>
                </div>
                <div>
                    <head>Capitulum 30</head>
                    <p>(30) Statuimus quod Vicario perpetuo cedente vel decedente, Vicario accrescat personatui, et extunc Persona illius ecclesiae non per Vicarium, sed per seipsum illi ecclesiae deserviat in ordine quem ipsius ecclesaie cura requirit.</p>
                </div>
                <div>
                    <head>Capitulum 31</head>
                    <p>(31) Statuimus etiam quod quando ecclesia vacaverit, si talis sit ecclesia quod officiari possit per unum Sacerdotem et clericum, ille qui tempore vacationis deserviet illi ecclesiae, habeat quindecim libras Turon., ad minus per annum.</p>
                    <p>Si vero talis si quod duorum indigeat officio sacerdotum, viginti duas libras Turon. et dimidiam habeant per annum de proventibus eiusdem ecclesiae.</p>
                </div>
                <div>
                    <head>Capitulum 32</head>
                    <p>(32) Statuimus etiam quod illud diem in ecclesiis non vacantibus observetur, cum forte Personae earumdem absentes fuerint de Episcoporum suorum licentia speciali.</p>
                    <p>Hoc idem intelligimus de omnibus ecclesiis ubi Vicarius fuerit institutus.</p>
                </div>
                <div>
                    <head>Capitulum 33</head>
                    <p>(33) Praecipimus quod Personae ecclesiarum parrochialium qui habent redditus abundantes, domos in solo ecclesiastico aedificare studeant competentes; Vicarii vero perpetui, quibus ad hoc omnino non suppetunt facultates, pro posse suo ad hoc laborent ut a Personis suis iuventur secundum portionem quam in eisdem percipiunt annuatim: si vero terram non habeant ubi Vicarius sive Persona aedificare possit commode, Patronus clericus, qui in eadem ecclesia aliquam partem percipiet Decimarum, seu proventuum aliorum, si ad hoc faciendum terram habeat congruentem, ad aedificium construendum dare quantum opus fuerit compellatur.</p>
                </div>
                <div>
                    <head>Capitulum 34</head>
                    <p>(34) Nullus Diaconus Eucharistiam det infirmis, vel confessiones audiat, vel baptiset, nisi cum Sacerdos absens fuerit, ita quod eius adventus commode expectari non possit, vel idem Presbyter gravi infirmitate, vel alio inevitabili impedimento fuerit impeditus.</p>
                </div>
                <div>
                    <head>Capitulum 35</head>
                    <p>(35) Prohibemus districte ne Presbyteri seu Priores forenses mulieres aliquas habeant in suis domibus residents, nisi matrem, vel aliam quae tantae sit aetatis quod suspicio mala de ea non possit suboriri.</p>
                </div>
                <div>
                    <head>Capitulum 36</head>
                    <p>(36) Prohibemus etiam ne Sacerdotes in generali excommunicent, nisi pro furtis et depositis in eadem parrochia, et tunc trina vocatione [2] praemissa.</p>
                </div>
                <div>
                    <head>Capitulum 37</head>
                    <p>(37) Omnes Monachi qui solitarie vivunt in aliquibus locis, ad claustrum a suis Abbatibus revocentur, nisi Prioratus sic abundet quo sufficiat ad duos Monachos sustentandos; et in hoc casu Abbates duos Monachos ibidem ponere compellantur.</p>
                </div>
                <div>
                    <head>Capitulum 38</head>
                    <p>(38) Statutum ab Abbatibus Nigri Ordinis, et in eorum Concilio super esu carnium et ieiuniis promulgatum confirmamus, et praecipimus observari.</p>
                </div>
                <div>
                    <head>Capitulum 39</head>
                    <p>(39) Monachi vestes non deferant sumptuosas, sed viles, secundum quod in eorum Regula continetur: et hoc Episcopi praecipiant Abbatibus in Diocesi sua constitutis ut Monachos suos ad id faciendum compellant, et ipsi in se studeant observare.</p>
                    <p>Episcopi, ut Moniales vivant sine proprio curam adhibeant diligenter, et ne se possint excusare pretextu alicuius paupertatis.</p>
                </div>
                <div>
                    <head>Capitulum 40</head>
                    <p>(40) Statuimus ne aliquis Monachus det aliquid Abbati suo pro Prioratu habendo, et propter hoc Abbas reciper non praesumat.</p>
                </div>
                <div>
                    <head>Capitulum 41</head>
                    <p>(41) Monachos ad institutionem aliquam Prioratum non habentem nec aliquid aliud ad firmam ab Abbate recipere, vel a quolibet alio, prohibemus.</p>
                </div>
                <div>
                    <head>Capitulum 42</head>
                    <p>(42) Nullus Abbas Nigri Ordinis Monachum recipiat Cisterciensis Ordinis, qui professionem fecerit in Ordine memorato.</p>
                </div>
                <div>
                    <head>Capitulum 43</head>
                    <p>(43) Statuimus ut antiquae pensiones quae a Prioratibus Monasteriis solvebantur, quatinus per Abbatem vel Monasterium a quadraginta annis, et infra, fuerint augmentatae, vel de novo impositae, penitus revocentur: et easdem augmentari de cetero prohibemus.</p>
                </div>
                <div>
                    <head>Capitulum 44</head>
                    <p>(44) Auctoritate huius Provincialis Concilii prohibemus ne Clerici beneficiati, seu Presbyteri, vel aliqui Religiosi, aliquam exerceant negotiationem; si quis autem contra tale praesumpserit, secundum qualitatem delicti puniatur.</p>
                </div>
                <div>
                    <head>Capitulum 45</head>
                    <p>(45) Iurabit autem unusquisque advocatus se fideliter facturum officium suum, et quod iniustas causas, seu desperatas contra conscientiam suam non sustinebit, nec instrumenta partis suae subtrahet, vel subtrahi faciet, nec exceptionibus falsis, quod sciat, seu per malitiam excogitatis utetur, nec procurabit quod falsitates vel subreptiones, seu falsa instrumenta in causa sua producantur; et quod causam clientuli sui, quantum credet quod faciat ad utilitatem ipsius clientuli, non prorogabit; et quod de eis quae in curia facta fuerint, de quibus a Iudicibus requisitus fuerit, veritatem secundum credulitatem suam non tacebit; et quo si se crediderit causae suae insufficientem, cum Procuratoribus consilium habebit; et quod libellum et acta in causis susceptis fideliter pro posse suo conficient manu propria, vel ea, si scribere nesciverit, vel noluerit, scribi faciet.</p>
                </div>
                <div>
                    <head>Capitulum 46</head>
                    <p>(46) Nullus Monachus, seu Canonicus Regularis ius patronatus, vel Decimam a laico accipere seu possessionem alicuius ecclesiae auctoritate propria intrare praesumat; nec Canonicum ibi ponat, ubi esse consueverit Presbyter saecularis, nisi de Diocesani sui licentia speciali.</p>
                </div>
                <div>
                    <head>Capitulum 47</head>
                    <p>(47) Cum continget interdum quasdam excommunicationes generales ab Abbatibus in suo Monasterio promulgari; sicut evenit aliquando quod Abbas excommunicat omnes illos qui in claustro alios fuerint allocuti, vel qui sine licentia Monasterium exierit, vel consilia fecerit; in quibus Monachi facile transgressores existunt; propter quod etiam frequenter accidit quod multi Monachi in excommunicationem decidunt, necnon aliquotiens irregularitates incurrant: statuimus ut nullus Abbas de cetero, inconsulto Diocesano suo, tales excommunicationes generales promulgare praesumat.</p>
                </div>
                <div>
                    <head>Capitulum 48</head>
                    <p>(48) Aliqua causa necessaria moti, infra decimum octavum annum aliquem in Monachum recipi prohibemus.</p>
                </div>
                <div>
                    <head>Capitulum 49</head>
                    <p>(49) Praecipimus ut, iuxta Statuta Generalis Concilii, Iudaei omnes propter qualitatem habitus a Christianis disiungantur, et signa deferre manifesta in pectore compellantur: Christiani vero, sive Christianae eisdem non serviant; et ad hoc per censuram ecclesiasticam compellantur.</p>
                </div>
                <div>
                    <head>Footnotes</head>
                </div>
            </div>
        </body>
    </text>
</root>
