<?xml version="1.0" ?>
<root>
    <teiHeader>
        <fileDesc>
            <titleStmt>
                <title>Angers</title>
                <recordID>1269</recordID>
                <transcription/>
                <respStmt>
                    <resp/>
                    <name/>
                    <note>
                        <date/>
                        <problems/>
                    </note>
                </respStmt>
            </titleStmt>
            <sourceDesc>
                <baseText/>
                <textNeeded/>
                <noKnownText/>
                <fragment/>
                <ocrNote/>
                <msDesc/>
                <bibl/>
                <sourceNote/>
            </sourceDesc>
        </fileDesc>
        <profileDesc>
            <langUsage>Latin</langUsage>
            <languageNote/>
            <langUsage/>
            <creation>
                <year>1350</year>
                <origDate precision="circa">1323x1353</origDate>
                <dateNotes/>
                <origPlace>Angers</origPlace>
                <diocese>Angers</diocese>
                <province>Tours</province>
                <country>France</country>
                <geo/>
                <placeNotes/>
                <orgName/>
                <persName/>
                <altName/>
                <regnalYears/>
                <delegated/>
                <classNotes/>
            </creation>
            <textDesc>
                <domain>Abstract/Abbreviation</domain>
            </textDesc>
            <genNotes/>
        </profileDesc>
    </teiHeader>
    <text>
        <body>
            <div>
                <head>Metadata</head>
                <p>RecordID: 1269</p>
                <p>Year_Sort: 1350</p>
                <p>Year: 1323x1353</p>
                <p>Month: None</p>
                <p>Day: None</p>
                <p>Circa: Yes</p>
                <p>DatingNotes: compiled during or after bishopric of Foulque de Mathefelon (r. 1323-53), since title makes reference to him</p>
                <p>Place: Angers</p>
                <p>Diocese: Angers</p>
                <p>Province: Tours</p>
                <p>CountryModern: France</p>
                <p>Jurisdiction_ID: D441</p>
                <p>Jurisdiction_ID2: None</p>
                <p>Jurisdiction_ID3: None</p>
                <p>Latitude: 47.473612</p>
                <p>Longitude: -0.554167</p>
                <p>PlaceNotes: None</p>
                <p>Classification: Abstract/Abbreviation</p>
                <p>IssuingAuthority: None</p>
                <p>IssuingAuthorityAlt: None</p>
                <p>RegnalStart: None</p>
                <p>RegnalEnd: None</p>
                <p>Delegated: None</p>
                <p>ClassificationNotes: None</p>
                <p>Language: Latin</p>
                <p>LanguageNotes: None</p>
                <p>TextNeeded: None</p>
                <p>NoKnownText: None</p>
                <p>Fragment: None</p>
                <p>Source: Paris, BnF lat. 11030, fol. 29v-33v</p>
                <p>SourceOther: None</p>
                <p>Edition: Avril, Statuts, III, 258-66</p>
                <p>EditionOther: None</p>
                <p>SourceNotes: None</p>
                <p>TranscriptionNotes: Reviewed </p>
                <p>BaseText: Hard Copy Scan</p>
                <p>OCR: Yes</p>
                <p>Transcription: None</p>
                <p>GeneralNotes: None</p>
                <p>BiblioRefs: None</p>
            </div>
            <div>
                <head>Text</head>
                <div>
                    <head>Incipit</head>
                    <p>Constituciones dominorum Nycholay, Guillelmi, Fulconis episcoporum.</p>
                    <p>Andegavensium incipiunt statuta synodalia secundum Andegavensem ecclesiam.</p>
                </div>
                <div>
                    <head>Capitulum 1</head>
                    <p>(1) Primo statuimus quod quilibet habeat ordinarium secundum usum Ecclesie Andegavensis.</p>
                </div>
                <div>
                    <head>Capitulum 2</head>
                    <p>(2) Item, ne missale et calix obligentur.</p>
                </div>
                <div>
                    <head>Capitulum 3</head>
                    <p>(3) Item, statuimus quod parrochianis ad nos sunt mittendi propter aliquos casus venientes ad nos visitantes, ne graventur laboribus et expensis.</p>
                </div>
                <div>
                    <head>Capitulum 4</head>
                    <p>(4) Item, de testamentis summam X librarum Turonensium excedentibus nobis, vel officiali nostro infra unum mensem notificent.</p>
                </div>
                <div>
                    <head>Capitulum 5</head>
                    <p>(5) Item, de diligencia circa divinum officium.</p>
                </div>
                <div>
                    <head>Capitulum 6</head>
                    <p>(6) Item, ne mulieres purificentur die nupciarum.</p>
                </div>
                <div>
                    <head>Capitulum 7</head>
                    <p>(7) Item, contrahatur matrimonium per verba de presenti donec in benedictione nupciali.</p>
                </div>
                <div>
                    <head>Capitulum 8</head>
                    <p>(8) Item, ne presbiteri habeant suos pueros secum ad altare ministrantes nec alios commorantes.</p>
                </div>
                <div>
                    <head>Capitulum 9</head>
                    <p>(9) Item, de filiabus spiritualibus que sunt et qualiter evitandus concubitus earum sub pena beneficium amittendi.</p>
                </div>
                <div>
                    <head>Capitulum 10</head>
                    <p>(10) Item, ut quilibet presentet suum capellanum episcopo.</p>
                </div>
                <div>
                    <head>Capitulum 11</head>
                    <p>(11) Item, precipimus quod rectores habeant capellanos secum commorantes in ecclesiis.</p>
                </div>
                <div>
                    <head>Capitulum 12</head>
                    <p>(12) Item, quod singulis diebus dominicis et festivis excommunicati publice in ecclesia nominent eciamsi creditoribus suis satisfecerint, donec absolucionis beneficium meruerunt obtinere et, si sustinuerint, tradentur a nobis vel archidyacono vel archipresbitero.</p>
                </div>
                <div>
                    <head>Capitulum 13</head>
                    <p>(13) Item, quod quilibet habeat quaternum synodale sub pena excommunicacionis.</p>
                </div>
                <div>
                    <head>Capitulum 14</head>
                    <p>(14) Item, de citacionibus faciendis et sigillacione earumdem et quod data earumdem diligenter attendatur.</p>
                </div>
                <div>
                    <head>Capitulum 15</head>
                    <p>(15) Item, quod capellani deservientes ecclesiis habeant victum sufficientem et quod firmarii penitus excludentur.</p>
                </div>
                <div>
                    <head>Capitulum 16</head>
                    <p>(16) Item, ne hostie, loco panis benedicti, alicui ministrantur ne propter hoc eucharistiam vitare videantur.</p>
                </div>
                <div>
                    <head>Capitulum 17</head>
                    <p>(17) Item, ne clerici beneficiati vel alii qui gaudere voluerint privilegio clericali existant in ecclesiis otiosi vel cucufati, ymmo tonsuram congruam defferentes legant Domino servientes.</p>
                </div>
                <div>
                    <head>Capitulum 18</head>
                    <p>(18) Item, postquam aliquis sustinuerit excommunicacionem per duos menses, a tempore publicacionis ejusdem, totam ejus familiam ecclesiastico supponimus interdicto, preterquam in baptismi et penitencie sacramentis.</p>
                </div>
                <div>
                    <head>Capitulum 19</head>
                    <p>(19) Item, prohibemus ne questores cum cartula sine litteris nostris vel officialis nostri admittantur.</p>
                </div>
                <div>
                    <head>Capitulum 20</head>
                    <p>(20) Item, si aliquis excommunicatus in mortis articulo pecierit absolucionem, faciat juramentum de stando juri, obligans bona sua et heredes suos, et si non habeat bona, sufficit juramentum et, si non possit loqui, signa tamen penitencie appareant, in ipso pro eo caveant heredes, si voluerint, si non nihilominus absolvatur.</p>
                    <p>Et si signa penitencie non appareant, ecclesiastica careat sepultura.</p>
                </div>
                <div>
                    <head>Capitulum 21</head>
                    <p>(21) Item, inhibemus ne presbiteri cum cornibus et canibus venantur.</p>
                </div>
                <div>
                    <head>Capitulum 22</head>
                    <p>(22) Item, ne in locis in quibus morentur, tabernas intrent.</p>
                </div>
                <div>
                    <head>Capitulum 23</head>
                    <p>(23) Item, ne aliquid exigant pro sepulturis, benedictionibus nuptiarum, nec pro ceteris Ecclesie sacramentis, nec pro litteris liberatoriis ad nubendum.</p>
                </div>
                <div>
                    <head>Capitulum 24</head>
                    <p>(24) Item, ne mulieres recipiantur ad purificacionem nisi prius denunciatum fuerit sacerdoti.</p>
                </div>
                <div>
                    <head>Capitulum 25</head>
                    <p>(25) Item, ne sacerdotes faciant eos abjurare quando carnaliter commiscuerunt, sed eos aliter possunt inducere ad nubendum, et si unus promittat alteri quia primum sese carnaliter miscuerint, ex tunc contraxerint ad invicem unus in alium nomine matrimonii, si Ecclesia valeat consentire.</p>
                </div>
                <div>
                    <head>Capitulum 26</head>
                    <p>(26) Item, concedimus viginti dies indulgencie omnibus qui, dum portat Corpus Christi, detulerunt comitivam.</p>
                </div>
                <div>
                    <head>Capitulum 27</head>
                    <p>(27) Item, precipimus ne sacerdotes per convocacionem alicujus questoris a loco conveniant alienam nisi nostras super hoc receperint litteras speciales.</p>
                </div>
                <div>
                    <head>Capitulum 28</head>
                    <p>(28) Item, quod qualibet die dicant horas canonicas.</p>
                </div>
                <div>
                    <head>Capitulum 29</head>
                    <p>(29) Item, precipimus quod habentes ecclesias et capellanias successive se faciant ad ordines promoveri.</p>
                </div>
                <div>
                    <head>Capitulum 30</head>
                    <p>(30) Item, prohibemus ne quis imponat publicam processionem cum id ad nostrum dignoscatur officium pertinere et ne rectores in suis ecclesiis hoc fieri permittant.</p>
                </div>
                <div>
                    <head>Capitulum 31</head>
                    <p>(31) Item, precipimus ne quis benedictionem celebret nupcialem donec banna publice fuerint facta, ut moris est, per tres dies dominicos vel festivos.</p>
                </div>
                <div>
                    <head>Capitulum 32</head>
                    <p>(32) Item, sacerdotes curati coram suo archidyacono vel decano conveniant die jovis post Quasimodo, ad penam quinque solidorum.</p>
                </div>
                <div>
                    <head>Capitulum 33</head>
                    <p>(33) Item, ne persone ecclesiastice per litteras obligentur curie secularis.</p>
                </div>
                <div>
                    <head>Capitulum 34</head>
                    <p>(34) Item, quod aggravaciones, ut continentur in illis, execucioni debite demandentur.</p>
                </div>
                <div>
                    <head>Capitulum 35</head>
                    <p>(35) Item, quod sacerdotes requisiti de confessionibus audiendis in mortis articulo de personis vicinis accedent indilate; alioquin si quis per negligenciam decesserit inconfessus, sciat beneficio suo esse privandus.</p>
                </div>
                <div>
                    <head>Capitulum 36</head>
                    <p>(36) Item, ne aliquis capellanus extraneus admittatur, nisi appareat de conversacione et ordinis promocione.</p>
                </div>
                <div>
                    <head>Capitulum 37</head>
                    <p>(37) Item, sacerdotes litteras judicum extraneorum exsequantur, donec eis auctoritas sit ostensa.</p>
                </div>
                <div>
                    <head>Capitulum 38</head>
                    <p>(38) Item, precipimus ne diaconi eucharistiam ministrent nec audient confessiones, nisi in mortis articulo hoc requiratur.</p>
                </div>
                <div>
                    <head>Capitulum 39</head>
                    <p>(39) Item, ne laici in choro vel cancello tumulentur, nisi sint ecclesie fundatores vel eorum heredes vel patroni, nobis vel officiali nostro inconsultis.</p>
                </div>
                <div>
                    <head>Capitulum 40</head>
                    <p>(40) Item, inhibemus ne sacerdotes, a dominica ante Cineres usque ad festum Pasche, edent carnes sub pena suspensionis et excommunicacionis.</p>
                </div>
                <div>
                    <head>Capitulum 41</head>
                    <p>(41) Item, ne de cetero in capellis et locis solitariis benedictiones nuptiarum celebrentur, licet banna in ecclesiis parrochialibus sufficienter fuerint presignata, que loca quoad hoc supponimus ecclesiastico interdicto.</p>
                </div>
                <div>
                    <head>Capitulum 42</head>
                    <p>(42) Item, ne rectores ecclesiarum alias ecclesias regere presumant propter propinquitatem hoc facere solentes.</p>
                </div>
                <div>
                    <head>Capitulum 43</head>
                    <p>(43) Item, statuimus ne sacerdotes litteras excommunicacionis exsequant publice in ecclesiis suis, si post XV dies impetracionis sibi fuerint presentate, sed excommunicatus evitetur, donec fuerit absolutus.</p>
                    <p>Item, si prope diem Resurrectionis Domini vel prope mortem alicujus, littere excommunicacionis fuerint presentate, quod fieri solet per maliciam adversarii, ut a corona fidelium repellentur, vel ab ecclesia sepultura, ipsos excommunicatos loco nostri in forma Ecclesie absolvatis, nobis eorum nomina refferentes.</p>
                </div>
                <div>
                    <head>Capitulum 44</head>
                    <p>(44) Item, statuimus quod sacerdotes per se non per alium mandata nostra exsequentur sive judicum ordinariorum, dum iste clausule continentur: si vobis constiterit, vel si ita est, vel si contra fecerit, vel nisi obtentaverit, testes excommunicacionis advocantes.</p>
                    <p>Item, suos clericos et capellanos jurare faciant rectores quod alia mandata fideliter exsequentur.</p>
                </div>
                <div>
                    <head>Capitulum 45</head>
                    <p>(45) Item, prohibemus ne sacerdotes vel clerici citaciones faciant vel excommunicatos denuncient, nisi prius a nobis recepto mandato.</p>
                    <p>Item, ne sigillent citaciones, donec fecerint mandata.</p>
                </div>
                <div>
                    <head>Capitulum 46</head>
                    <p>(46) Item, precipimus quod sacerdotes curati dicant ad notam vesperas et matutinas ad notam, diebus dominicis et festivis.</p>
                </div>
                <div>
                    <head>Capitulum 47</head>
                    <p>(47) Item, injungimus sacerdotibus ut dicant parrochianis suis nullum matrimonium contrahi posse per potaciones inter se factas mutuo, ex qua potacione plures vidimus jam deceptos.</p>
                </div>
                <div>
                    <head>Capitulum 48</head>
                    <p>(48) Item, inhibemus ne questores predicare in ecclesiis permittantur, sed rectores vel capellani eorum indulgenciis exponant, prout in litteris nostris vel officialis nostri viderint contineri.</p>
                </div>
                <div>
                    <head>Capitulum 49</head>
                    <p>(49) Item, precipimus quod processiones consuete fiant et quod sacerdos populum sibi subditum die dominica precedenti diligenter moneat ut intersint vel saltem unum de familia mittant et hoc sub pena excommunicacionis et suspensionis.</p>
                </div>
                <div>
                    <head>Capitulum 50</head>
                    <p>(50) Item, ne executores de bonis defunctorum aliquid sibi acquirant.</p>
                </div>
                <div>
                    <head>Capitulum 51</head>
                    <p>(51) Item, prohibemus ne in dominicis diebus et aliis solempnitatibus beate Marie Virginis, sanctorum apostolorum et aliis celebrare consuetis, persone ecclesiastice terrenis operibus non insistent, verum lumen laicis ostendentes et ipsos ad ecclesiam convenient inducendos.</p>
                </div>
                <div>
                    <head>Capitulum 52</head>
                    <p>(52) Item, inhibemus ne moltiores ac barbitonsores de suis operibus diebus illis operentur.</p>
                </div>
                <div>
                    <head>Capitulum 53</head>
                    <p>(53) Item, virtute sancte obediencie, precipimus rectoribus et capellanis quod singulis dominicis diebus excommunicatos denuncient et faciant evitari.</p>
                </div>
                <div>
                    <head>Capitulum 54</head>
                    <p>(54) Item, statuimus quod pulsetur ad vesperas in vesperis novem lectionum et quod missa dicatur cum nota.</p>
                </div>
                <div>
                    <head>Capitulum 55</head>
                    <p>(55) Item, precipimus rectoribus ecclesiarum, sub pena suspensionis, quod ipsi infra mensem a tempore quo receperint presbiteros in suo servicio nobis vel nostris clericis ad hoc deputatis fideliter representent.</p>
                </div>
                <div>
                    <head>Capitulum 56</head>
                    <p>(56) Item, in virtute sancte obediencie, precipimus quod nomina excommunicatorum, qui ultra annum sentenciam excommunicacionis sustinuerint, nobis vel officiali nostro mittantur.</p>
                </div>
                <div>
                    <head>Capitulum 57</head>
                    <p>(57) Item, precipimus ne sacerdotes de peccatis nobis reservatis absolvere presumant, falcem in messem alienam mittentes.</p>
                </div>
                <div>
                    <head>Capitulum 58</head>
                    <p>(58) Item, quod sacerdotes clausa defferent indumenta sub amissione eorumdem leprosis erogatorum.</p>
                </div>
                <div>
                    <head>Capitulum 59</head>
                    <p>(59) Injungimus sacerdotibus quod in penitenciis dandis injungant semel in anno vel plus secundum qualitatem culpe ecclesiam sancti Mauricii visitare nostram, nam indulgencias unius anni et quadraginta dies in festo sancti Mauricii et per octabas poterunt obtinere sequentes.</p>
                </div>
                <div>
                    <head>Capitulum 60</head>
                    <p>(60) Item, quod sanctum chrisma quolibet anno ante Pascha per honestas personas petatur, sub pena decem solidorum.</p>
                </div>
                <div>
                    <head>Capitulum 61</head>
                    <p>(61) Item, ne sortilegi et divinatores permittantur, sed nobis revelentur.</p>
                </div>
                <div>
                    <head>Capitulum 62</head>
                    <p>(62) Item, quod gratis omni exactione depulsa decedentes inungatur cum sit unctio salubra sacramentum.</p>
                </div>
                <div>
                    <head>Capitulum 63</head>
                    <p>(63) Item, quod omnes utriusque sexus discrecionem habentes semel in anno proprio sacerdoti confiteantur et recipiant Eucharistie sacramentum, et quod hoc in ecclesiis frequenter publicetur.</p>
                </div>
                <div>
                    <head>Capitulum 64</head>
                    <p>(64) Item, juramento precipimus quod sint sacerdotes ecclesiarum rectores in eisdem, alioquin ipsos ut perjuros puniemus.</p>
                </div>
                <div>
                    <head>Capitulum 65</head>
                    <p>(65) Item, rectores eant ad synodum, nisi tamen habeant impedimentum, de quo fidem facere tenentur infra mensem, sub pena quinque solidorum.</p>
                </div>
                <div>
                    <head>Capitulum 66</head>
                    <p>(66) Item, ne capelle et oratoria de novo construantur sine licencia nostra, ipsas merito suspendendas et hoc volumus per rectores nostre diocesis publicari.</p>
                </div>
                <div>
                    <head>Capitulum 67</head>
                    <p>(67) Item, quod infra tres menses a tempore mortis testatoris nostris commissariis ad hoc deputatis, rectores exhibeant, una cum nominibus executorum quos elegerint.</p>
                </div>
                <div>
                    <head>Capitulum 68</head>
                    <p>(68) Item, prohibemus ne rectores ecclesiarum eant ad exsequias mortuorum, nisi fuerint requisiti et quod suas ecclesias sine presbitero non dimittant.</p>
                </div>
                <div>
                    <head>Capitulum 69</head>
                    <p>(69) Item, quod in diebus dominicis et festivis ab operibus servilibus caveant sub pena suspensionis et excommunicacionis.</p>
                </div>
                <div>
                    <head>Capitulum 70</head>
                    <p>(70) Item, quod si aliquis sacerdos cum filia spirituali fuerit fornicatus ab omni officio deponatur et peregrinando duodecim annis peniteat et postea, factus religiosus, Deo serviat cunctis diebus vite sue.</p>
                    <p>Item, beatus Gregorius omnibus episcopis: Si qui sint presbiteri, dyaconi, subdyaconi qui in crimine fornicacionis jaceant, interdicimus eis ingressum ecclesie usque dum peniteant et emendant.</p>
                    <p>Si quis vero in peccato suo perseveraverit, nullus presumat officia audire quia benedictio illorum verterit in maledictionem, dicente Domino per prophetam: Benedictionibus vestris maledicam.</p>
                    <p>Qui hinc precepto inobedire nolunt, crimen ydolatrie incurrunt.</p>
                    <p>Item, Bonifacius: Ille cui ingressus ecclesie est interdictus et divina celebrat, irregularis efficitur, sed contra hoc interdum si divinis ingerat sacramentis, nec tali durante interdicto debeat in cimiterio sepeliri, et ob hoc, nos omnes presbiteros, dyaconos, subdyaconos nostre diocesis auctoritate canonica fornicatores notorios publice nunciamus quoad se et alios fore suspensos et eisdem ingressum ecclesie fore penitus interdictum, nostris subditis inhibentes ne missas talium audiant nec eorum corpora, nisi penituerint in cimiterio audeant sepelire.</p>
                </div>
                <div>
                    <head>Capitulum 71</head>
                    <p>(71) Item, precipimus quod singuli defferant secum ad synodum quaternum synodale parati suis archipresbiteris exhibere.</p>
                </div>
                <div>
                    <head>Capitulum 72</head>
                    <p>(72) Item, prohibemus ne aliquis executor executori suo bona testatoris empcionis nomine vel aliquovis modo tradat seu tradi consenciat, decernentes contractus in hoc casu esse nullius momenti et ipsos executores tradentes vel consencientes reos ad restitucionem duppli precii rei tradite vel translate in utilitate deffuncti convertandum auctoritate presentis statuti condempnamus.</p>
                </div>
                <div>
                    <head>Capitulum 73</head>
                    <p>(73) Item, precipimus quod quolibet mense quaternum synodale legatur a quolibet sacerdote.</p>
                </div>
                <div>
                    <head>Capitulum 74</head>
                    <p>(74) Item, precipimus quod nullus peremptoriam cum deffectu sibi directam exsequatur, nisi prius viderit simplicem et redderit sigillatam nisi contineatur quod simplex facta fuerit per judicem ante ejus apparitorem aut per aliam personam hoc facere potentem de mandato speciali.</p>
                </div>
                <div>
                    <head>Capitulum 75</head>
                    <p>(75) Item, precipimus universis rectoribus et capellanis ut cum [1] ad nos mittant incestuosos certificare nobis curent utrum crimen sit notorium vel occultum.</p>
                </div>
                <div>
                    <head>Footnotes</head>
                    <p>[1] Originally (cum).</p>
                </div>
            </div>
        </body>
    </text>
</root>
