<?xml version="1.0" ?>
<root>
    <teiHeader>
        <fileDesc>
            <titleStmt>
                <title>Rouen</title>
                <recordID>1278</recordID>
                <transcription/>
                <respStmt>
                    <resp/>
                    <name/>
                    <note>
                        <date/>
                        <problems/>
                    </note>
                </respStmt>
            </titleStmt>
            <sourceDesc>
                <baseText/>
                <textNeeded/>
                <noKnownText/>
                <fragment/>
                <ocrNote/>
                <msDesc/>
                <bibl/>
                <sourceNote/>
            </sourceDesc>
        </fileDesc>
        <profileDesc>
            <langUsage>Latin</langUsage>
            <languageNote/>
            <langUsage/>
            <creation>
                <year>1240</year>
                <origDate precision="circa">1238x1244</origDate>
                <dateNotes/>
                <origPlace>Rouen</origPlace>
                <diocese>Rouen</diocese>
                <province>Rouen</province>
                <country>France</country>
                <geo/>
                <placeNotes/>
                <orgName/>
                <persName/>
                <altName/>
                <regnalYears/>
                <delegated/>
                <classNotes/>
            </creation>
            <textDesc>
                <domain>Diocesan</domain>
            </textDesc>
            <genNotes/>
        </profileDesc>
    </teiHeader>
    <text>
        <body>
            <div>
                <head>Metadata</head>
                <p>RecordID: 1278</p>
                <p>Year_Sort: 1240</p>
                <p>Year: 1238x1244</p>
                <p>Month: None</p>
                <p>Day: None</p>
                <p>Circa: Yes</p>
                <p>DatingNotes: None</p>
                <p>Place: Rouen</p>
                <p>Diocese: Rouen</p>
                <p>Province: Rouen</p>
                <p>CountryModern: France</p>
                <p>Jurisdiction_ID: D433</p>
                <p>Jurisdiction_ID2: None</p>
                <p>Jurisdiction_ID3: None</p>
                <p>Latitude: 49.443889</p>
                <p>Longitude: 1.103333</p>
                <p>PlaceNotes: None</p>
                <p>Classification: Diocesan</p>
                <p>IssuingAuthority: Pierre de Colmieu</p>
                <p>IssuingAuthorityAlt: None</p>
                <p>RegnalStart: None</p>
                <p>RegnalEnd: None</p>
                <p>Delegated: None</p>
                <p>ClassificationNotes: None</p>
                <p>Language: Latin</p>
                <p>LanguageNotes: None</p>
                <p>TextNeeded: None</p>
                <p>NoKnownText: None</p>
                <p>Fragment: None</p>
                <p>Source: None</p>
                <p>SourceOther: None</p>
                <p>Edition: Pontal, Statuts, II, 130-137</p>
                <p>EditionOther: None</p>
                <p>SourceNotes: None</p>
                <p>TranscriptionNotes: Reviewed </p>
                <p>BaseText: ['GoogleBooks', 'WebDownload']</p>
                <p>OCR: Yes</p>
                <p>Transcription: Facing page French translation</p>
                <p>GeneralNotes: None</p>
                <p>BiblioRefs: None</p>
            </div>
            <div>
                <head>Text</head>
                <div>
                    <head>Capitulum 1</head>
                    <p>(1) Precipimus quod, singulis diebus dominicis et festivis, excommunicant presbyteri patronos qui pro pecunia, vel pro alio illicito commodo vel emolumento presentant ad ecclesias, personatus, vicarias, capellas in quibus habent patronatum, et eos qui taliter recipient vel receperunt.</p>
                </div>
                <div>
                    <head>Capitulum 2</head>
                    <p>(2) Item precipimus quod quilibet sacerdos in parochia sua seu capellanus in capella sua dicat matutinas de nocte et omnes horas horis competentibus videlicet: Primam mane; post Tertiam missam; et post Sextam et Nonam et pulset horis debitis ad quamlibet horam [1].</p>
                </div>
                <div>
                    <head>Capitulum 3</head>
                    <p>(3) Et precipimus quod dicant cum nota et habeant breviarium secundum consuetudinem Rotomagensis ecclesie et hec de breviario sub pena viginti solidorum precipimus [2].</p>
                </div>
                <div>
                    <head>Capitulum 4</head>
                    <p>(4) Item precipimus [3] quod quilibet habeat lumen in ecclesia sua de nocte et die; saltem ad missam et ad vesperas, lampadem saltem vel candelam.</p>
                </div>
                <div>
                    <head>Capitulum 5</head>
                    <p>(5) Item precipimus quod quilibet sacerdos veniat ad capitulum decani; et qui non venerit puniatur in decem solidos, et servetur pena recepta ad mandatum archiepiscopi.</p>
                </div>
                <div>
                    <head>Capitulum 6</head>
                    <p>(6) Item precipimus quod quilibet sacerdos, die dominica, parochianos suos ad bonum exhortetur et doceat eos fidem et cognoscere peccata mortalia; et qui predicare nequiverit aut nescierit, saltem semel in mense faciat parochianis suis proponi Verbum Dei per aliquem bonum clericum vel religiosum, et notam personam.</p>
                </div>
                <div>
                    <head>Capitulum 7</head>
                    <p>(7) Item precipimus quod nullum recipiant ad predicandum seu ad proponendum Verbum Dei querentem eleemosinas pro edificanda ecclesia, leprosaria, vel domo Dei seu pro aliis quibuscumque questis.</p>
                    <p>Sed cum venerint cum litteris nostris, ipsi sacerdotes proponant pro eis negotium, secundum quod in litteris nostris viderint contineri.</p>
                    <p>Et sub pena excommunicationis, precipimus ne a talibus sacerdotes exigant aliquid; sed quod receptum fuerit, in commodum eleemosinas petentium totum cedat.</p>
                </div>
                <div>
                    <head>Capitulum 8</head>
                    <p>(8) Item precipimus quod separati sint in ecclesia mulieres, clerici, et laici.</p>
                </div>
                <div>
                    <head>Capitulum 9</head>
                    <p>(9) Item quod quilibet in parochia sua scripta habeat nomina parochianorum suorum, ut cognoscat extraneos ab ipsis.</p>
                </div>
                <div>
                    <head>Capitulum 10</head>
                    <p>(10) Item quolibet die dominica querant si sint parochiani extranei inter suos et ante misse ingressum ejiciant eos, diebus predictis, nisi sint alique note persone transeuntes.</p>
                </div>
                <div>
                    <head>Capitulum 11</head>
                    <p>(11) Item qui nullos habent parochianos, nullos recipiant diebus solemnibus predictis.</p>
                </div>
                <div>
                    <head>Capitulum 12</head>
                    <p>(12) Item parochianus existens in parochia, si tribus diebus dominicis continuis ad missam non venerit, excommunicetur; et hoc frequenter in ecclesiis publicetur.</p>
                </div>
                <div>
                    <head>Capitulum 13</head>
                    <p>(13) Item quilibet sacerdos, clericos litigiosos existentes in parochia, vel qui consueverint maliciose aliquos ad loca remota vel ignota citari nobis denuncient.</p>
                </div>
                <div>
                    <head>Capitulum 14</head>
                    <p>(14) Item nullus recipiat mandatum judicum ignotorum vel aliorum, nisi sit aliqua nota persona et authentica, et nisi videat authenticum Domini Pape, et ipsum diligenter examinet.</p>
                    <p>Item claudantur et limitentur atria ecclesie; et si difficultas adhibeatur per decanum loci nostrum consilium requiratur, vel archidiaconos locorum, si ipsi hoc expedire non possunt.</p>
                </div>
                <div>
                    <head>Capitulum 15</head>
                    <p>(15) Contra adulteros.</p>
                    <p>Frequenter contra adulteros, incestuosos, usurarios notorios clament et predicent sacerdotes; et si incorrigibiles videantur seu inveniantur, denuncient eos nobis.</p>
                </div>
                <div>
                    <head>Capitulum 16</head>
                    <p>(16) Quod non communicent sacerdotes cum excommunicatis.</p>
                    <p>Sacerdotes scienter non communicent cum excommunicatis, quia sic vilescere faciunt sententiam excommunicationis.</p>
                </div>
                <div>
                    <head>Capitulum 17</head>
                    <p>(17) Quod non purificent focarias presbyterorum.</p>
                    <p>Precipimus puniri sacerdotes qui sacerdotum focarias suorum sociorum vel etiam alias adulteras, seu focarias purificent sine licentia nostra, vel archidiaconi loci vel penitentiariorum existentium Rotomagi.</p>
                </div>
                <div>
                    <head>Capitulum 18</head>
                    <p>(18) Quod columbi non sint in campanilibus.</p>
                    <p>Item sacerdotes non habeant columbos in campanilibus, per quos ecclesia quandoque et altare deturpantur.</p>
                </div>
                <div>
                    <head>Capitulum 19</head>
                    <p>(19) Ne sacerdotes absolvent in magnis casibus.</p>
                    <p>Item prohibemus ne sacerdotes absolvant in magnis casibus constitutos, videlicet homicidas et sacrilegos, sortilegos, incestuosos, peccatores enormes contra naturam, violatores monialium, raptores virginum et similia.</p>
                    <p>Et scribant casus istos cum evenerint, et tradant nobis sive archidiaconis.</p>
                </div>
                <div>
                    <head>Capitulum 20</head>
                    <p>(20) Contra illos qui non faciunt residentiam.</p>
                    <p>Circa eos qui non resident in ecclesiis suis vel non ordinantur, servetur illa constitutio Extirpande [4] [5] et bona eorum saisiantur.</p>
                </div>
                <div>
                    <head>Capitulum 21</head>
                    <p>(21) De habitu et statu clericorum.</p>
                    <p>Cum in tonsura et habitu maxime differre debeant a laicis sacerdotes, in quibus plures invenimus istis temporibus delinquentes precipimus quod omnes coronam magnam habeant et tonsuram altam et rotundam; et qui in hiis de cetero invenietur culpabilis, gravius punietur.</p>
                </div>
                <div>
                    <head>Capitulum 22</head>
                    <p>(22) Item presbyteri cum tabardis seu garnachiis sine capa clausa desubtus, si inventi fuerint inter alios discurrentes, tabardum sive garnachiam amittant, et leprosis seu aliis pauperibus conferatur et nihilominus deferens alias prout justum fuerit, punietur.</p>
                </div>
                <div>
                    <head>Capitulum 23</head>
                    <p>(23) Item cum clerici curati, et sacerdotes exemplum esse debeant subditorum, luctas et choreas eisdem interdicimus, et omnem ludum cum pilla et maxime cum laicis, qui semper pro nobis insidiantur: et cum per talia auctoritas prelationis viliscat, et nonnumquam ex hiis contingat periculum corporale, et qui super hiis, seu aliquo istorum de cetero invenietur culpabilis, graviter punietur.</p>
                </div>
                <div>
                    <head>Capitulum 24</head>
                    <p>(24) Ne sacerdotes convivent cum [6] parochianis suis.</p>
                    <p>Inhibetur sacerdotibus ne ipsi invitent parochianos suos ad convivandum in domibus suis et si invitati fuerint a parochianis ad convivandum secum presbyteri non vadant nisi forte cum aliquibus personis gravibus et honestis, unde non possit grave scandalum suboriri et tamen hoc rarissime fiat pro pluribus periculis evitandis.</p>
                </div>
                <div>
                    <head>Capitulum 25</head>
                    <p>(25) Item statuimus ut, singulis annis per singulos menses, synodalia statuta singuli perlegant sacerdotes.</p>
                    <p>Quotienscumque aliquis sacerdotum hoc statutum servare neglexerit, per mensem sequentem ad minus officiis suspendatur.</p>
                </div>
                <div>
                    <head>Footnotes</head>
                    <p>[1] article not found in MSS but only in editions</p>
                    <p>[2] article not found in MSS but only in editions</p>
                    <p>[3] precipimus in brackets.</p>
                    <p>[4] Ellipses inserted here.</p>
                    <p>[5] extirpande in brackets.</p>
                    <p>[6] cum in brackets.</p>
                </div>
            </div>
        </body>
    </text>
</root>
