<?xml version="1.0" ?>
<root>
    <teiHeader>
        <fileDesc>
            <titleStmt>
                <title>Chateau-Gontier</title>
                <recordID>1305</recordID>
                <transcription/>
                <respStmt>
                    <resp/>
                    <name/>
                    <note>
                        <date/>
                        <problems/>
                    </note>
                </respStmt>
            </titleStmt>
            <sourceDesc>
                <baseText/>
                <textNeeded/>
                <noKnownText/>
                <fragment/>
                <ocrNote/>
                <msDesc/>
                <bibl/>
                <sourceNote/>
            </sourceDesc>
        </fileDesc>
        <profileDesc>
            <langUsage>Latin</langUsage>
            <languageNote/>
            <langUsage/>
            <creation>
                <year>1268</year>
                <origDate>1268</origDate>
                <dateNotes/>
                <origPlace>Château-Gontier </origPlace>
                <diocese>Tours</diocese>
                <province>Tours</province>
                <country>France</country>
                <geo/>
                <placeNotes/>
                <orgName/>
                <persName/>
                <altName/>
                <regnalYears/>
                <delegated/>
                <classNotes/>
            </creation>
            <textDesc>
                <domain>Provincial</domain>
            </textDesc>
            <genNotes/>
        </profileDesc>
    </teiHeader>
    <text>
        <body>
            <div>
                <head>Metadata</head>
                <p>RecordID: 1305</p>
                <p>Year_Sort: 1268</p>
                <p>Year: 1268</p>
                <p>Month: None</p>
                <p>Day: None</p>
                <p>Circa: None</p>
                <p>DatingNotes: None</p>
                <p>Place: Château-Gontier </p>
                <p>Diocese: Tours</p>
                <p>Province: Tours</p>
                <p>CountryModern: France</p>
                <p>Jurisdiction_ID: None</p>
                <p>Jurisdiction_ID2: None</p>
                <p>Jurisdiction_ID3: None</p>
                <p>Latitude: 47.828611</p>
                <p>Longitude: -0.702778</p>
                <p>PlaceNotes: None</p>
                <p>Classification: Provincial</p>
                <p>IssuingAuthority: None</p>
                <p>IssuingAuthorityAlt: None</p>
                <p>RegnalStart: None</p>
                <p>RegnalEnd: None</p>
                <p>Delegated: None</p>
                <p>ClassificationNotes: None</p>
                <p>Language: Latin</p>
                <p>LanguageNotes: None</p>
                <p>TextNeeded: None</p>
                <p>NoKnownText: None</p>
                <p>Fragment: None</p>
                <p>Source: None</p>
                <p>SourceOther: None</p>
                <p>Edition: Avril, Tours, 234-38</p>
                <p>EditionOther: None</p>
                <p>SourceNotes: None</p>
                <p>TranscriptionNotes: Reviewed </p>
                <p>BaseText: Hard Copy Scan</p>
                <p>OCR: Yes</p>
                <p>Transcription: None</p>
                <p>GeneralNotes: None</p>
                <p>BiblioRefs: None</p>
            </div>
            <div>
                <head>Text</head>
                <div>
                    <head>Incipit</head>
                    <p>Concilium apud Castrum Gonterii celebratum.</p>
                </div>
                <div>
                    <head>Capitulum 1</head>
                    <p>(1) De invadentibus et occupantibus bona ecclesiarum personarum.</p>
                    <p>Quia clericis laici oppido sunt infesti, universos barones, ballivos, potestates, personasque alias seculares in generali per locorum ordinarios moneri precipimus, et eis firmiter inhiberi nec ecclesias, prioratus, domos, possessiones et alias res ecclesiasticas indebite occupent vel invadant aut in religiosorum domibus ponant comestores quod in quibusdam locis presumptione damnabili aliqui seculares judices facere presumpserint, et si qui, post monitiones et inhibitiones hujusmodi quicquam in contrarium facere presumpserit, ipsos ex nunc excommunicationis vinculo innodamus.</p>
                </div>
                <div>
                    <head>Capitulum 2</head>
                    <p>(2) De impedientibus et perturbantibus jurisdictionem ecclesiasticam.</p>
                    <p>Preterea nonnulli barones, milites, ballivi et alii seculares homines, conjurationes, confederationesf, colligationes seu conspirationes tacitas vel expressas faciunt contra libertatem ecclesiasticam maxime restringendo vel diminuendo ecclesiasticam jurisdictionem et subditis suis ne in foro ecclesiastico litigent in hiis que ad forum ecclesiasticum pertinent de jure vel de consuetudine inhibendo.</p>
                    <p>Nos omnes hujusmodi presumptores per locorum quoscumque ordinarios, aut de ipsorum mandato in locis publicis in generali moneri volumus et mandamus ut infra duos menses a tempore monitionis hujusmodi revocent quicquid super hoc attemptaverunt et inhiberi ne in futurum talia attemptare presumant.</p>
                    <p>Si qui vero in premissis culpabiles existentes, predictis monitionibus et inhibitionibus parere contempserint, nos, auctoritate hujus concilii, ipsos ex tunc in scriptis excommunicamus.</p>
                </div>
                <div>
                    <head>Capitulum 3</head>
                    <p>(3) Ut sustinentes sententiam excommunicacionis ultra annum careant ecclesiastica sepultura.</p>
                    <p>Sane quia multi salutis sue immemores excommunicationis sententiam per annum vel amplius animo sustinent indurato, absolutionis beneficium usque ad egritudinem in qua decedunt, petere differentes, statuimus ut talibus in morte denegetur ecclesiastica sepultura.</p>
                </div>
                <div>
                    <head>Capitulum 4</head>
                    <p>(4) Ne vacantes prioratus bonis omnibus denudentur.</p>
                    <p>Cum ex cupiditate que radix est omnium malorum videatur procedere quod abbates seu priores, transferentes seu translati, prioratus vacantes cessione, morte vel mutatione priorum bonis in prioratibus inventis denudant nos, indemnitati locorum providere votentes, inhibemus ne priores in suis translationibus, vel mutationibus, seu etiam abbates, prioratus seu loca vacantia bonis mobilibus ibidem existentibus adeo denudare presumant, quin sufficiens provisio prioribus et monachis ibidem morantibus usque ad tempus collectarum remaneat in prioratibus supradictis.</p>
                    <p>Si qui vero contra statutum hujusmodi aliquid attemptare presumpserint, ad arbitrium episcopi, in cujus episcopatu deliquerint72, puniantur5, diocesano episcopo in cujus diocesi abbates vel priores ipsi consistunt, pene hujusmodi impositionem ad illius requisitionem executioni mandante.</p>
                </div>
                <div>
                    <head>Capitulum 5</head>
                    <p>(5) Ne monachi extra abbatias vel prioratus depositum habeant.</p>
                    <p>Item, statuimus et ordinamus quod omnes et singuli religiosi in propriis abbatiis deposita habeant, alibi pecunias vel thesauros quos habent vel habebunt in futurum sine licentia, consilio et assensu abbatum suorum nullatenus deponentes, et si in alio aliquo loco aliqua habeant deposita, ad proprium monasterium infra duos menses inducant.</p>
                    <p>Illorum vero qui statuti hujusmodi inventi fuerint transgressores, predicte pecunie et thesauri ipsorum monasteriis applicentur.</p>
                </div>
                <div>
                    <head>Capitulum 6</head>
                    <p>(6) De vestimentis archidiaconorum et decanorum.</p>
                    <p>Statuimus insuper ut archidiaconi, archipresbyteri et decani rurales infra jurisdictionum suorum metas et aliis publicis locis deferant capas clausas, alioquin super hoc per episcopos proprios corrigantur.</p>
                </div>
                <div>
                    <head>Capitulum 7</head>
                    <p>(7) Datur episcopis facultas absolvandi in suis diocesibus a censuris a concilio latis [1].</p>
                    <p>In omnibus autem casibus in quibus excommunicationis sententias in presenti concilio duximus promulgandas, cuilibet episcopo in sua civitate et diocesi absolvendi excommunicatos hujusmodi post satisfactionem congruam in forma Ecclesie, auctoritate presentis concilii, damus liberam postestatem.</p>
                </div>
                <div>
                    <head>Capitulum 8</head>
                    <p>(8) Confirmantur et renovantur precedentia concilia [2].</p>
                    <p>Concilia autem omnia et singula tam per nos quam per predecessores nostros omnia et singula hactenus celebrata renovamus, et hujus auctoritate concilii confirmamus [3].</p>
                </div>
                <div>
                    <head>Explicit</head>
                    <p>Actum vero apud Castrum Gunterii die lune post festum beate Marie Magdalene, anno Domini millesimo ducentesimo sexagesimo octavo.</p>
                </div>
                <div>
                    <head>Footnotes</head>
                    <p>[1] removed &lt;&gt;</p>
                    <p>[2] removed &lt;&gt;</p>
                    <p>[3] ed. confirmanus</p>
                </div>
            </div>
        </body>
    </text>
</root>
