<?xml version="1.0" ?>
<root>
    <teiHeader>
        <fileDesc>
            <titleStmt>
                <title>Sodor</title>
                <recordID>1433</recordID>
                <transcription/>
                <respStmt>
                    <resp/>
                    <name/>
                    <note>
                        <date/>
                        <problems/>
                    </note>
                </respStmt>
            </titleStmt>
            <sourceDesc>
                <baseText/>
                <textNeeded/>
                <noKnownText/>
                <fragment/>
                <ocrNote/>
                <msDesc/>
                <bibl/>
                <sourceNote/>
            </sourceDesc>
        </fileDesc>
        <profileDesc>
            <langUsage>Latin</langUsage>
            <languageNote/>
            <langUsage/>
            <creation>
                <year>1229</year>
                <origDate precision="circa">1229/1330</origDate>
                <dateNotes/>
                <origPlace>Peel</origPlace>
                <diocese>Sodor</diocese>
                <province>[Holy See]</province>
                <country>[Scotland]</country>
                <geo/>
                <placeNotes/>
                <orgName/>
                <persName/>
                <altName/>
                <regnalYears/>
                <delegated/>
                <classNotes/>
            </creation>
            <textDesc>
                <domain>Diocesan</domain>
            </textDesc>
            <genNotes/>
        </profileDesc>
    </teiHeader>
    <text>
        <body>
            <div>
                <head>Metadata</head>
                <p>RecordID: 1433</p>
                <p>Year_Sort: 1229</p>
                <p>Year: 1229/1330</p>
                <p>Month: None</p>
                <p>Day: None</p>
                <p>Circa: Yes</p>
                <p>DatingNotes: 25 March 1229 x 24 March 1230</p>
                <p>Place: Peel</p>
                <p>Diocese: Sodor</p>
                <p>Province: [Holy See]</p>
                <p>CountryModern: [Scotland]</p>
                <p>Jurisdiction_ID: D312</p>
                <p>Jurisdiction_ID2: None</p>
                <p>Jurisdiction_ID3: None</p>
                <p>Latitude: 54.221</p>
                <p>Longitude: -4.691</p>
                <p>PlaceNotes: ['diocese also known as &quot;The Isles\'; see Cheney, Manx Synodal Statutes, pt 1', 'actually a Possession of the Crown; not part of either England, Scotland or the U']</p>
                <p>Classification: Diocesan</p>
                <p>IssuingAuthority: None</p>
                <p>IssuingAuthorityAlt: None</p>
                <p>RegnalStart: None</p>
                <p>RegnalEnd: None</p>
                <p>Delegated: None</p>
                <p>ClassificationNotes: None</p>
                <p>Language: Latin</p>
                <p>LanguageNotes: None</p>
                <p>TextNeeded: None</p>
                <p>NoKnownText: None</p>
                <p>Fragment: None</p>
                <p>Source: None</p>
                <p>SourceOther: None</p>
                <p>Edition: Records of Convocation, vol. 1: Sodor and Man, 24-29</p>
                <p>EditionOther: None</p>
                <p>SourceNotes: None</p>
                <p>TranscriptionNotes: Reviewed </p>
                <p>BaseText: ['Library Scan', 'Hard Copy Scan']</p>
                <p>OCR: None</p>
                <p>Transcription: None</p>
                <p>GeneralNotes: see Cheney, Manx Synodal Statutes, pt 1</p>
                <p>BiblioRefs: None</p>
            </div>
            <div>
                <head>Text</head>
                <div>
                    <head>Incipit</head>
                    <p>Haec sunt statuta synodalia et constitutiones dioecesis in insula de Mann, per reverendum patrem Simonem Sodorensem episcopum ibidem confecta et constituta anno Domini millesimo ducentesimo vigesimo nono.</p>
                </div>
                <div>
                    <head>Capitulum 1</head>
                    <p>(1) De probationibus testamentorum</p>
                    <p>Pro probationibus testamentorum ultra summam triginta duorum denariorum nihil penitus exigatur, sed de eadem summa secundum bonorum quantitatem aliquid pauperibus subtrahatur.</p>
                </div>
                <div>
                    <head>Capitulum 2</head>
                    <p>(2) De bonis intestatorum discedentium.</p>
                    <p>Bona intestatorum ad arbitrium episcopi dioecesani vel, eius in absentia, sui generalis vicarii ministrentur.</p>
                </div>
                <div>
                    <head>Capitulum 3</head>
                    <p>(3) De mortuariis</p>
                    <p>In mortuariis principale animal ecclesiae persolvatur, vacca vel bos vel equus si fuerit ad valorem sex solidorum aut minus.</p>
                    <p>Et quantum ad vestes, si homo mortuarium persolverit, ad arbitrium ecclesiae stabit an vestes aut tres solidos et sex denarios habere maluerit.</p>
                    <p>Et si pauper fuerit, et nullum mortuarium persolverit, accipiantur vestes sicuti sunt, et quintus quique denarius ex liberis bonis. [1]</p>
                    <p>Et de gilbogo[2] in bonis possesso ad mortuarii valorem  se extendentibus mortuarium ecclesiae persolvatur.</p>
                    <p>Quod si bona sua ad hoc minime se extendant, tunc quintus quisque denarius de liberis bonis ecclesiae persolvantur.</p>
                    <p>Et si quaeratur, quid est gilbogus, dicendum est quod gilbogus est quis, si unius tantum noctis aetatis extiterit, et ad habendum bona ordinatus, aut in bonis possessus existat.</p>
                    <p>Si ut dictum est obierit, ecclesia tamen suum debitum obtinebit.</p>
                    <p>Item praefatus gilbogus, licet mortuarium persolverit, ultra hoc tamen, tam presbytero et clerico, quam etiam ecclesiae sua debita contenentur.</p>
                    <p>Et si nullum mortuarium persolverit, nihilominus cum eis concordet.</p>
                </div>
                <div>
                    <head>Capitulum 4</head>
                    <p>(4) De debitis clerico persolvendis.</p>
                    <p>Debita clerico persolvenda sunt haec.</p>
                    <p>Si homo mortuarium persolvat, clericus habeat ipsius hominis caligas, calceamenta ad pretium sex denariorum, et capitum pileum, aut capellum pretii maioris vel minoris, sicut ipse homo in die Natalis Domini ambulaverit; item camisiam, zonam ad unius denarii valorem; bursam ad unius denarii valorem.</p>
                    <p>Et cultellum ad unius denarii valorem.</p>
                </div>
                <div>
                    <head>Capitulum 5</head>
                    <p>(5) De aucis, porcis, buculis, vitulis et pullis</p>
                    <p>Aucae apud festum Sancti Michaelis aut post capiantur.</p>
                    <p>Et porci, buculi, vituli et pulli apud festum Sancti Martini in liberos recipiantur, et apud Pascha exigantur [3], rectore ecclesiae de praedictis porcis, pullis ac buculis in periculo persistente.</p>
                    <p>Excepto quod si oeconomi buculos desideraverint habere ad suas efficiendas vaccas lac praebere, ipso rectore oeconomum causante ad custodiendum illos ac si proprios.</p>
                </div>
                <div>
                    <head>Capitulum 6</head>
                    <p>(6) De defunctis nulla bona habentibus.</p>
                    <p>Si vir aut mulier obierit, et nulla bona ad contentandam ecclesiam pro sua sepultura habuerit, tunc ei qui eorum bona habere voluissent, si divites existissent, videlicet de eorum sanguine propinquiores, ecclesiae presbytero et clerico, ad illorum humationem contentabunt.</p>
                </div>
                <div>
                    <head>Capitulum 7</head>
                    <p>(7) De lacticiniis.</p>
                    <p>Si lacticinia in ecclesiam conformiter iuxta consuetudinem non portentur, de una vacca duo denarii, de quatuor capris duo denarii, et de octo ovibus octo denarii persolvantur.</p>
                </div>
                <div>
                    <head>Capitulum 8</head>
                    <p>(8) De electione et collectione agnorum decimalium, buculorum, porcorum et pullorum</p>
                    <p>Cum ad congregandos agnos decimales, buculos, porcos vel pullos procuratores pervenerint, oeconomus duos et procuratores tertium eligant.</p>
                </div>
                <div>
                    <head>Capitulum 9</head>
                    <p>(9) De removentibus domicilia ac bona sua ab una parochia in alteram.</p>
                    <p>Si vir vel mulier forte ab una parochia in aliam domicilium suum permutaverit, et bona sua secum abduxerit, si vir nil praeter uxorem suam, pueros, lectum, gallum, gallinam, craticulam, et mensulam pistoralem secum asportaverit, et ibidem nisi per tres noctes perseveraverit antequam ab hac luce decesserit, in illa parochia in quam nuper accessit, debita ecclesiastica persolvantur, quamvis bonorum suorum maior portio in altera parochia relinquatur.</p>
                </div>
                <div>
                    <head>Capitulum 10</head>
                    <p>(10) De granis decimalibus[4].</p>
                    <p>In antiquo statuto oeconomi grana decimalia, ac si propria arconizabant, et ad sua foenilia ducebant ac custodiebant, quousque rector, vel eius procurator ob ea commodius venire posset, forte usque festum Omnium Sanctorum; modernis vero diebus rectores grana decimalia in arconiolis[9] accipiunt ob maiorem oeconomorum commoditatem.</p>
                </div>
                <div>
                    <head>Capitulum 11</head>
                    <p>(11) De cervisiae vendentibus.[5]</p>
                    <p>Si vir vel mulier cervisiam vendendam pandoxaverit, sive communis pandoxator vel pandoxatrix fuerit, sive non, si duos denarios et obolum de unaquaque pandoxatione accipiat, lagunculam decimalem ecclesiae persolvat.</p>
                </div>
                <div>
                    <head>Capitulum 12</head>
                    <p>(12) De textoribus sive textricibus.</p>
                    <p>Si textor vel textrix tres telas a suis telariis descindat vel decidat, et pro earundem textura solutionem recipiat, duos denarios ecclesiae annuatim inde persolvat, et si centum descindat vel decidat, amplius non persolvat.</p>
                </div>
                <div>
                    <head>Capitulum 13</head>
                    <p>(13) De sumptori debitis.</p>
                    <p>Sumptor de iure antiquo et statutis veteribus, ab omnibus oeconomis garbam de trium ligarum longitudine scilicet frumenti, ordii et avenae annuatim recipere debet, et ad omnem caseorum decimationem et collectionem, unum agnum electum habere debet, et ad lanae decimationem unum vellus electum debet obtinere.</p>
                </div>
                <div>
                    <head>Footnotes</head>
                    <p>[1] [bonis]</p>
                    <p>[2] &quot;most likely a compound of gilla (boy) and boc (young, tender)&quot;</p>
                    <p>[3] MS erigantur</p>
                    <p>[4] appears to be a later gloss</p>
                    <p>[5] this and following two canons appear to be later additions (others might be too)</p>
                </div>
            </div>
        </body>
    </text>
</root>
