<?xml version="1.0" ?>
<root>
    <teiHeader>
        <fileDesc>
            <titleStmt>
                <title>Canterbury</title>
                <recordID>1435</recordID>
                <transcription/>
                <respStmt>
                    <resp/>
                    <name/>
                    <note>
                        <date/>
                        <problems/>
                    </note>
                </respStmt>
            </titleStmt>
            <sourceDesc>
                <baseText/>
                <textNeeded/>
                <noKnownText/>
                <fragment/>
                <ocrNote/>
                <msDesc/>
                <bibl/>
                <sourceNote/>
            </sourceDesc>
        </fileDesc>
        <profileDesc>
            <langUsage>Latin</langUsage>
            <languageNote/>
            <langUsage/>
            <creation>
                <year>1362</year>
                <origDate>1362</origDate>
                <dateNotes/>
                <origPlace>Canterbury</origPlace>
                <diocese>Canterbury</diocese>
                <province>Canterbury</province>
                <country>England</country>
                <geo/>
                <placeNotes/>
                <orgName/>
                <persName/>
                <altName/>
                <regnalYears/>
                <delegated/>
                <classNotes/>
            </creation>
            <textDesc>
                <domain>Provincial</domain>
            </textDesc>
            <genNotes/>
        </profileDesc>
    </teiHeader>
    <text>
        <body>
            <div>
                <head>Metadata</head>
                <p>RecordID: 1435</p>
                <p>Year_Sort: 1362</p>
                <p>Year: 1362</p>
                <p>Month: None</p>
                <p>Day: None</p>
                <p>Circa: None</p>
                <p>DatingNotes: None</p>
                <p>Place: Canterbury</p>
                <p>Diocese: Canterbury</p>
                <p>Province: Canterbury</p>
                <p>CountryModern: England</p>
                <p>Jurisdiction_ID: None</p>
                <p>Jurisdiction_ID2: None</p>
                <p>Jurisdiction_ID3: None</p>
                <p>Latitude: 51.275</p>
                <p>Longitude: 1.087</p>
                <p>PlaceNotes: None</p>
                <p>Classification: Provincial</p>
                <p>IssuingAuthority: Simon Islip</p>
                <p>IssuingAuthorityAlt: None</p>
                <p>RegnalStart: None</p>
                <p>RegnalEnd: None</p>
                <p>Delegated: None</p>
                <p>ClassificationNotes: None</p>
                <p>Language: Latin</p>
                <p>LanguageNotes: None</p>
                <p>TextNeeded: None</p>
                <p>NoKnownText: None</p>
                <p>Fragment: None</p>
                <p>Source: None</p>
                <p>SourceOther: None</p>
                <p>Edition: Records of Convocation, vol. 3: Canterbury, pp295-96</p>
                <p>EditionOther: None</p>
                <p>SourceNotes: None</p>
                <p>TranscriptionNotes: Reviewed </p>
                <p>BaseText: ['Library Scan', 'Hard Copy Scan']</p>
                <p>OCR: None</p>
                <p>Transcription: None</p>
                <p>GeneralNotes: None</p>
                <p>BiblioRefs: None</p>
            </div>
            <div>
                <head>Text</head>
                <div>
                    <head>All Text</head>
                    <p>Effrenata generis humani cupiditas, cuius conatus nisi iustitia sua virtute reprimeret, ita ex sibi innata malitia excresceret, quod caritas extra terminos mundi exularet.</p>
                    <p>Sane communis ad nos querela perduxit, et magistra rerum efficax experientia manifestat, quod sacerdotes qui iam supersunt, non considerantes quod ad executionem ministerii sibi commissi, propter populum Dei et utilitatem publicam, non propter sua merita, dispositione divina a periculo pestilentiae praestitae reservantur, nec erubescentes quod eorum insatiabilis avaritia ab aliis operariis, etiam laicis, nequiter et perniciose trahitur in exemplum, de animarum cura [1] quae ceteris curis, praesertim ecclesiasticis viris, est merito praeferenda non curant, scilicet curas animarum gerere negligunt, et onera curatorum caritate mutua supportare; immo penitus eis derelictis, ad celebrandum annalia, et alia pecuniaria se conferunt obsequia, ut sic antiquas possint insolentias liberius innovare, stipendiis competentibus et solitis non contenti, sed pro eorum servitiis stipendia exigunt excessiva, sic quod nomine simplici et labore debili maiora sibi lucra vendicant quam curati.</p>
                    <p>Unde evenit, quod nisi eorum irrationabilis appetitus ad aequitatis regulam reducatur, tum propter huiusmodi frequentationem annalium, tum propter stipendiorum suorum quantitatem, nullo libramine moderatam, plures immo plurimae tam nostrae quam vestrae dioceses, et totius nostrae provinciae ecclesiae, praebendae et capellae remanebunt sacerdotum obsequiis destitutae, et quo dolores nobis accumulantur.</p>
                    <p>Curati faciliter propter consimile commodum ad obsequia similia se convertent, derelictis penitus suis curis.</p>
                    <p>Volentes igitur huiusmodi sacerdotum insatiabile desiderium, propter praedicta pericula et alia dispendia gravia quae ulterior addiceret conniventia, remediis quibus convenit, refrenare, fraternitatem vestram requirimus et hortamur in visceribus Iesu Christi, quatenus attentis animarum periculis et causis praedictis, ante omnia de cura cuiuslibet ecclesiae parochialis, praebendae et capellae cui cura imminet animarum, secundum earum indigentiam, de melioribus et idoneoribus capellanis, in cuiuscunque alterius quam curati reperiantur servitio, salubriter ordinetis; et non parentes et eorum fautores, seu ipsos contra nostram ordinationem huiusmodi temere infringentes, ac etiam ipsos canonicos et quoscunque alios, qualiter et ubicunque in nostra diocesi celebrantes, ut modesto salario sint contenti, per quascunque censuras canonice compescatis; et si quis nobis rebellis ad nostram vel alterius confratris nostri duxerit diocesin propterea se transferre, volumus et mandamus quod nomen et cognomen nobis, seu illi de confratribus ad cuius diocesim transierit, cum toto processu inde habito curetis vestris, aut curent suis literis intimare.</p>
                    <p>Volumus enim contra illos qui sic ad nostram venerint diocesin iuxta vestros, vel alterius confratris nostri processus procedere, et censuras in eos latas exequi iuxta vires.</p>
                    <p>Haec similiter per confratres nostros singulis annis in suis diocesibus in omnibus fieri et exequi requirimus et mandamus.</p>
                    <p>Et ut de quantitate salarii fiat nota intentio nostra vobis, volumus in dicta nostra diocesi, quod capellanus ecclesiae aut capellae vel praebendae curatae de una marca argenti, ultra id quod in eadem cura sacerdoti ministranti solebat alias ministrari, pro salario suo contentetur.</p>
                    <p>Salarium vero alterius sacerdotis stipendiarii ad communem taxationem praeteritis temporibus usitatam volumus coarctari.</p>
                </div>
                <div>
                    <head>Footnotes</head>
                    <p>[1] (quae ceteris curis, praesertim ecclesiasticis viris, est merito praeferenda) in parentheses</p>
                    <p>[2]</p>
                    <p>[]</p>
                </div>
            </div>
        </body>
    </text>
</root>
