<?xml version="1.0" ?>
<root>
    <teiHeader>
        <fileDesc>
            <titleStmt>
                <title>Armagh</title>
                <recordID>1447</recordID>
                <transcription/>
                <respStmt>
                    <resp/>
                    <name/>
                    <note>
                        <date/>
                        <problems/>
                    </note>
                </respStmt>
            </titleStmt>
            <sourceDesc>
                <baseText/>
                <textNeeded/>
                <noKnownText/>
                <fragment/>
                <ocrNote/>
                <msDesc/>
                <bibl/>
                <sourceNote/>
            </sourceDesc>
        </fileDesc>
        <profileDesc>
            <langUsage>Latin</langUsage>
            <languageNote/>
            <langUsage/>
            <creation>
                <year>1460</year>
                <origDate>1460-06-14</origDate>
                <dateNotes/>
                <origPlace>Armagh</origPlace>
                <diocese>Armagh</diocese>
                <province>Armagh</province>
                <country>Ireland</country>
                <geo/>
                <placeNotes/>
                <orgName/>
                <persName/>
                <altName/>
                <regnalYears/>
                <delegated/>
                <classNotes/>
            </creation>
            <textDesc>
                <domain>Provincial</domain>
            </textDesc>
            <genNotes/>
        </profileDesc>
    </teiHeader>
    <text>
        <body>
            <div>
                <head>Metadata</head>
                <p>RecordID: 1447</p>
                <p>Year_Sort: 1460</p>
                <p>Year: 1460</p>
                <p>Month: 6</p>
                <p>Day: 14</p>
                <p>Circa: None</p>
                <p>DatingNotes: None</p>
                <p>Place: Armagh</p>
                <p>Diocese: Armagh</p>
                <p>Province: Armagh</p>
                <p>CountryModern: Ireland</p>
                <p>Jurisdiction_ID: None</p>
                <p>Jurisdiction_ID2: None</p>
                <p>Jurisdiction_ID3: None</p>
                <p>Latitude: 54.3499</p>
                <p>Longitude: -6.6546</p>
                <p>PlaceNotes: None</p>
                <p>Classification: Provincial</p>
                <p>IssuingAuthority: John Bole</p>
                <p>IssuingAuthorityAlt: None</p>
                <p>RegnalStart: 1457</p>
                <p>RegnalEnd: 1471</p>
                <p>Delegated: None</p>
                <p>ClassificationNotes: None</p>
                <p>Language: Latin</p>
                <p>LanguageNotes: None</p>
                <p>TextNeeded: None</p>
                <p>NoKnownText: None</p>
                <p>Fragment: None</p>
                <p>Source: None</p>
                <p>SourceOther: None</p>
                <p>Edition: Records of Convocation 16, pp269-70</p>
                <p>EditionOther: None</p>
                <p>SourceNotes: None</p>
                <p>TranscriptionNotes: Reviewed </p>
                <p>BaseText: ['Library Scan', 'Hard Copy Scan']</p>
                <p>OCR: None</p>
                <p>Transcription: None</p>
                <p>GeneralNotes: None</p>
                <p>BiblioRefs: None</p>
            </div>
            <div>
                <head>Text</head>
                <div>
                    <head>Incipit</head>
                    <p>Constitutiones provincialis concilii.</p>
                </div>
                <div>
                    <head>Capitulum 1</head>
                    <p>(1) Memorandum quod dominus primas a sancto provinciali petiit concilio quod per totam suam provinciam Armachanam possit punire omnes invasores terrarum et possessionum ecclesiae suae Armachanae ac perturbantes et iniurantes ipsius domini primatis homines, familiares et ecclesiae suae Armacahanae tenentes, in corporibus bonis aut rebus eisdem pertinentibus, et omnes qui pedagia a clericis et ecclesiae Armachanae tenentibus exigunt et extorquent, ac violatores libertatum et immunitatum ecclesiae Armachanae, et in praemissis per totam provinciam Armachanam cognoscere et singulos, ut praemittitur, iniurantes corrigere et punire sicut forent de dioecesi Armachana oriundi, ac quod contra omnes et singulos curatos, in exequendo ipsius mandata contra praescriptos, inoboedientes, negligentes seu remissos, procedere possit sicuti in sua dioecesi Armachana forent commorantes seu oriundi, quae auctoritate provincialis concilii concessa sunt.</p>
                </div>
                <div>
                    <head>Capitulum 2</head>
                    <p>(2)[1] Item quod omnes accipientes et occupantes ecclesias incumbentium, ipsis incumbentibus viventibus et non legitime vacatis, quod auctoritate sacri provincialis concilii ipso facto sint etiam et ipsis beneficiis decetero privati et inhabiles ad talia beneficia obtinenda, quae auctoritate sacri provincialis concilii conceduntur.</p>
                </div>
                <div>
                    <head>Capitulum 3</head>
                    <p>(3)[2] Item quod omnes cleri et canonici ecclesiarum cathedralium nutrientes comas et barbas superiores infra duos menses postquam legitime moniti fuerint vel post publicationem praesentis constitutionis desuper editae ipsas dimittant sub poena amissionis beneficiorum, praebendarum, canonicatuum suorum, auctoritate sacri concilii conceditur.</p>
                </div>
                <div>
                    <head>Capitulum 4</head>
                    <p>(4)[3] Item addendo constitutionibus domini Richardi quod omnes qui bona clericorum, domini primatis, seu aliorum quorumcunque hominum aut tenentium ecclesiae Armachanae, infra terras etc. vel extra, diripiuntur vel extorquent aut ipsas in propriis personis molestare vel tyrannare praesumunt in poenam constitutionis huiusmodi incidere possunt.</p>
                    <p>Auctoritate sacri provincialis concilii conceditur.</p>
                </div>
                <div>
                    <head>Capitulum 5</head>
                    <p>(5)[4] Item quod omnes falsarii et fabricatores falsarum obligationum, cartarum, indenturarum in exhaereditationem rectorum haeredum vel in grande praeiudicium aliquorum per quas bona eorundem amittere cogantur, quod auctoritate concilii sint excommunicati conceditur.</p>
                </div>
                <div>
                    <head>Capitulum 6</head>
                    <p>(6)[5] Item de bonis in ecclesiis depositis quod nullus sine licentia praelatorum, vicariorum sive curatorum ecclesiarum bona in ecclesiis deposita praeter ipsos depositores ab ipsis ecclesiis extrahere praesumant vel manus ad eadem apponant et pro eisdem bonis quaecunque fuerint prius de pretio conveniant et comparant ad arbitrium eorundem vel possessorum bonorum huiusmodi et quod pro ipsis bonis plenam faciunt solutionem sub poena excommunicationis maioris; auctoritate concilii provincialis conceditur.</p>
                </div>
                <div>
                    <head>Capitulum 7</head>
                    <p>(7) Item quod dominus primas auctoritate sacri provincialis concilii libere possit interpretare et declarare, dispensare et absolvere, necnon omnes constitutiones tam praeteritas quam futuras auctoritae praesentis concilii celebrati concessas, edendas et concedendas.</p>
                    <p>Conceditur auctoritae concilii.</p>
                </div>
                <div>
                    <head>Capitulum 8</head>
                    <p>(8) Item octabas festi Corporis Christi solemniter cum regimine chori celebrentur auctoritate sacri provincialis concilii conceditur et confirmatur.</p>
                </div>
                <div>
                    <head>Footnotes</head>
                    <p>[1] fn ref in ed.</p>
                    <p>[2] fn ref in ed.</p>
                    <p>[3] fn ref in ed.</p>
                    <p>[4] fn ref in ed.</p>
                    <p>[5] fn ref in ed.</p>
                </div>
            </div>
        </body>
    </text>
</root>
