<?xml version="1.0" ?>
<root>
    <teiHeader>
        <fileDesc>
            <titleStmt>
                <title>Canterbury</title>
                <recordID>1456</recordID>
                <transcription/>
                <respStmt>
                    <resp/>
                    <name/>
                    <note>
                        <date/>
                        <problems/>
                    </note>
                </respStmt>
            </titleStmt>
            <sourceDesc>
                <baseText/>
                <textNeeded/>
                <noKnownText/>
                <fragment/>
                <ocrNote/>
                <msDesc/>
                <bibl/>
                <sourceNote/>
            </sourceDesc>
        </fileDesc>
        <profileDesc>
            <langUsage>Latin</langUsage>
            <languageNote/>
            <langUsage/>
            <creation>
                <year>1421</year>
                <origDate>1421-07-16</origDate>
                <dateNotes/>
                <origPlace>Westminster</origPlace>
                <diocese>Canterbury</diocese>
                <province>Canterbury</province>
                <country>England</country>
                <geo/>
                <placeNotes/>
                <orgName/>
                <persName/>
                <altName/>
                <regnalYears/>
                <delegated/>
                <classNotes/>
            </creation>
            <textDesc>
                <domain>Provincial</domain>
            </textDesc>
            <genNotes/>
        </profileDesc>
    </teiHeader>
    <text>
        <body>
            <div>
                <head>Metadata</head>
                <p>RecordID: 1456</p>
                <p>Year_Sort: 1421</p>
                <p>Year: 1421</p>
                <p>Month: 7</p>
                <p>Day: 16</p>
                <p>Circa: None</p>
                <p>DatingNotes: None</p>
                <p>Place: Westminster</p>
                <p>Diocese: Canterbury</p>
                <p>Province: Canterbury</p>
                <p>CountryModern: England</p>
                <p>Jurisdiction_ID: None</p>
                <p>Jurisdiction_ID2: None</p>
                <p>Jurisdiction_ID3: None</p>
                <p>Latitude: 51.4995</p>
                <p>Longitude: -0.1333</p>
                <p>PlaceNotes: None</p>
                <p>Classification: Provincial</p>
                <p>IssuingAuthority: Henry Chichele</p>
                <p>IssuingAuthorityAlt: None</p>
                <p>RegnalStart: 1414</p>
                <p>RegnalEnd: 1443</p>
                <p>Delegated: None</p>
                <p>ClassificationNotes: None</p>
                <p>Language: Latin</p>
                <p>LanguageNotes: None</p>
                <p>TextNeeded: None</p>
                <p>NoKnownText: None</p>
                <p>Fragment: None</p>
                <p>Source: None</p>
                <p>SourceOther: None</p>
                <p>Edition: Records of Convocation 5, pp. 102-6</p>
                <p>EditionOther: None</p>
                <p>SourceNotes: None</p>
                <p>TranscriptionNotes: Reviewed </p>
                <p>BaseText: ['Library Scan', 'Hard Copy Scan']</p>
                <p>OCR: None</p>
                <p>Transcription: None</p>
                <p>GeneralNotes: None</p>
                <p>BiblioRefs: None</p>
            </div>
            <div>
                <head>Text</head>
                <div>
                    <head>All Text</head>
                    <p>In primis quod viri religiosi incepturi in facultate sacrae theologiae, completa eorum forma in eadem facultate usque ad doctoratum exclusive in universitate praedicta secundum modum antiquitus consultum, petant vel peti faciant gratiam de non regendo in artibus, quae si negata fuerit in tribus congregationibus [1] nisi taliter negans allegaverit vel negantes allegaverint causam rationabilem coram cancellario et procuratoribus discutiendam et approbandam a maiore parte congregationis regentium, quod extunc gratia petita pro concessa habeatur, sub hac tamen conditione, quod quilibet frater de ordine mendicantium taliter incepturus ultra sermonem examinatorium praedicet duos sermones ad clerum in ecclesia Beatae Mariae inter lecturam sententiarum et suam inceptionem, si ad hoc fuerit legitime requisitus.</p>
                    <p>Huius tamen statuti tenore viris religiosis possessionatis super petitione, acceptione vel executione uberioris gratiae vel quovis alio modo non intendit universitas praedicts in aliquo derogare.</p>
                    <p>Item concordatum est quod sacerdotes, qui ad leges transire non possunt, compleant septem annos in iure canonico, annos vero in iure civili, si quos habeant, inter annos praedictos numerando, antiquo vero statuto penes omnes alios in suo robore duraturo.</p>
                    <p>Item quia in quodam statuto cavetur quod scholares in iure canonico debent audire decretales complete, ne igitur imposterum aliquis praetextu huius termini complete nimis astringat sibi sensum et bellum subeat conscientiae, pro omni tali cauterio amputando universitas declaravit praedictum terminum complete sic intelligi sicut in omnibus aliis facultatibus completio similis formae solet fieri.</p>
                    <p>Et in fine schedulae dictae credentiae sic erat scriptum.</p>
                    <p>Unde praestantissime pater et domine petimus humillime promulgationem vestrae constitutionis.</p>
                    <p>Petimus etiam in hac causa literas dirigendas provinciae Eboracensis.</p>
                    <p>Et tunc habita deliberatione super credentia huiusmodi dominos provisionem pro promotione graduatorum ordinatam [2] ut praemittitur et concordatam per provinciam suam Cantuariensem publicandam per literas suas transmisit episcopo Londoniensi, tenorem qui sequitur in omnibus continentes:</p>
                    <p>[3] Henricus, permissione divina Cantuariensis archiepiscopus, totius Angliae primas et apostolicae sedis legatus, venerabili fratri nostro Richardo, Dei gratia Londoniensi episcopo, salutem et fraternam in Domino caritatem.</p>
                    <p>Cum nos in convocatione praelatorum et cleri nostrae Cantuariensis provinciae quinto die mensis Maii ultimo praeterito [4] celebrata in ecclesia cathedrali Sancti Pauli Londoniarum, nonnullis propositionibus et querelis pro parte universitatum Oxoniae et Cantabrigiae coram nobis in praesentia praelatorum et cleri praedictorum super desolatione universitatum praedictarum occasione non promotionis graduatorum in eisdem factis et expositis, pio compatientes affectu, de vestro ac ceterorum venerabilium confratrum nostrorum aliorumque praelatorum et cleri provinciae antedictae consensu pariter et assensu ad laudem Dei omnipotentis dictarumque universitatum exaltationem et incrementum, ac relevationem et promotionem personarum praedictarum, quae ante haec tempora in variis facultatibus profecerunt et Deo duce imposterum proficient in eisdem, decreverimus et sub modo et forma sequentibus ordinaverimus providendum: videlicet, quod quiscunque patronus ecclesiasticus dictae provinciae quodcunque beneficium ecclesiasticum quod ad ipsius collationem praesentationem, nominationem aliamve dispositionem quamcunque pertinens post publicationem ordinationis nostrae huiusmodi primo vacare continget alicui personae alterius universitatum praedictarum gradum scholasticum habenti, doctori videlicet theologiae, decretorum, legum vel medicinae, magistro artium, licentia aut baccalario in aliqua facultatum praedictarum, dumtamen in artibus baccalarius in facultate sua antea determinaverit, seu alias in ordine sacerdotali constitutus fuerit, iuxta et secundum ipsius patroni propriam electionem offerre, et, si illud acceptare voluerit, conferre, seu alias aliquam ex personis graduatorum huiusmodi ad beneficium ecclesiasticum de quo praefertur cum [5] vacaverit praesentare, nominare aut pro persona huiusmodi iuxta beneficii sic vacaturi iurisque dicto [6] patrono in eodem competentis qualitatem disponere teneatur, dolo, fraude seu malo ingenio quibuscunque cessantibus in ea parte, sicque extunc collatione, praesentatione, nominatione seu quamvis alia positione quorumlibet duorum beneficiorum ad cuiuscunque talis patroni collocationem, nominationem seu aliam dispositionem pertinentium sub eiusdem patroni dispositione libera remanente, tertium quodcunque beneficium ecclesiasticum ad ipsius collationem, nominationem, praesentationem aliamve dispositionem pertinens alicui personae alterius universitatum praedictarum sic [7] ut praemittitur graduate conferre, ipsamve ad illud praesentare seu nominare, aut alias pro eadem ad ipsum beneficium disponere etiam teneatur.</p>
                    <p>Sicque successive modus et forma praedicta usque ad decennium plenarie completum effectualiter observentur.</p>
                    <p>Quodque interim nullus patronus ecclesiasticus provinciae praedictae advocationem seu ius patronatus aut ius aliud quod habet in aliquo beneficiorum huiusmodi in fraudem huius ordinationis in genere vel in specie alienabit perpetuo vel ad tempus.</p>
                    <p>Quodque etiam quilibet talis patronus in literis collocationis, praesentationis, nomniationis aut dispositionis suae ad beneficium quodcunque ad collationem, praesentationem, nominationem aliamve dispositionem suam pertinens, quod interim vacare continget, gradum et ordinem personae cui aliquod beneficium conferre, vel ad quod ipsam praesentare nominare vel de quo alias disponere patronum huiusmodi contigerit realiter exprimat.</p>
                    <p>Proviso semper quod in promotionibus huiusmodi eminentia statuum, graduum et meritorum personarum praedictarum realiter attendatur.</p>
                    <p>Et quod hii qui nullo modo aut consideratis eorum gradibus et meritis exiliter sunt promoti aliis in promotionibus huiusmodi praeferantur.</p>
                    <p>Quodque ut provisionis huiusmodi certior in futurum habeatur notitia singuli confratres suffraganei nostri in singulis convocationibus sive conciliis provincialibus interim celebrandis nomina et cognomina omnium et singularum personarum per eos interim promotarum et ad aliorum patronorum spiritualium praesentationem, nominationem vel aliam dispositionem admissarum vel institutarum, una cum nominibus beneficiorum ad quae promoti fuerint, coram nobis aut successoribus nostris actualiter exhibeant et praesentent, ac penes nostrum et successorum nostrorum registrum realiter dimittant.</p>
                    <p>Volentes et tenore praesentium declarantes quod praesens nostra ordinatio ad patronos ecclesiasticos praedictos tam masculos quam feminas dictae provinciae extendatur.</p>
                    <p>Per hanc tamen provisionem praeiudicare non intendimus patronis praedictis quominus [8] provideant ipsi et eorum singuli de beneficiis praedictis personas quibus in certis pensionibus annuis auctoritate regia onerantur, quousque de beneficiis ecclesiasticis per eos congrue sit provisum, sed quod ipsi talibus personas ante omnia de beneficiis huiusmodi providere possint, ita quod deinde quo ad alia beneficia postea vacatura praesentem ordinationem observant in omnibus sicut decet.</p>
                    <p>Vobis igitur, auctoritate dicti concilii et nostra in virtute oboedientiae firmiter iniungendo mandamus, quatenus praemissa omnia et singula per vestras civitatem et diocesim publicari ut convenit facientes, ordinationem praedictam quatenus personam vestram concernit observetis, et per vestros subditos faciatis inviolabiliter observari, auctoritate etiam praedicta omnibus et singulis coepiscopis confratribus et suffraganeis nostris per literas vestras mandantes quatenus ipsorum singuli praemissa omnia et singula, quatenus personas eorumdem concernit, diligenter observant, et facta publicatione ordinationis praedictae [9] per suas civitates et dioceses [10] ut praefertur eandem a suis subditis faciant inviolabiliter observari.</p>
                    <p>De die vero receptionis vestrae praesentium modoque et forma executionis vestris earumdem nos citra festum Sancti Michaelis archangeli proximo futurum [11] ad ultimum debite certificetis per vestras, dictis confratribus nostris et suffraganeis mandantes quod eorum singuli de publicatione ordinationis huiusmodi necnon de modo et forma executionis praesentium literarum nostrarum citra festum Omnium Sanctorum proximo futurum [12] ad ultimum curent reddere certiores per suas literas patentes harum seriem continentes auctentice sigillatas.</p>
                    <p>Datum in hospitio residentiae nostrae iuxta Westmonasterium, decimo sexto die mensis Iulii anno Domini MCCCCXXImo, et nostrae translationis anno octavo [13].</p>
                    <p>Tenor vero constitutionis contra excessiva stipendia capellanorum editae de qua superius fit mentio in literis subscriptis episcopo [14] Londoniensi pro publicatione eiusdem constitutionis directis plenius continetur, quarum quidem literarum tenor sequitur et est talis: Henricus, permissione divina Cantuariensis archiepiscopus, totius Angliae primas et apostolicae sedis legatus, venerabili fratri nostro Richardo, Dei gratia Londoniensi episcopo, salutem et fraternam in Domino caritatem.</p>
                    <p>Nuper in concilio nostro provinciali in ecclesia cathedrali Sancti Pauli Londoniarum, quinto die mensis Maii ultimo praeteriti celebrato coram nobis ceterisque confratribus et coepiscopis nostris exhibita fuit per clerum nostrae provinciae antedictae quaedam constitutio provincialis per bonae memoriae Dominum Simonem Sudbury dudum Cantuariensem archiepiscopum praedecessorem nostrum, de consilio confratrum coepiscoporum et suffraganeorum suorum, contra excessiva stipendia capellanorum tam paroechialium quam aliorum annualia per provinciam nostram Cantuariensem ubilibet celebrantium edita, tenorem in omnibus continens subsequentem.</p>
                    <p>In Dei nomine amen.</p>
                    <p>Nos Simon, permissione divina Cantuariensis archiepiscopus, totius Angliae primas et apostolicae sedis legatus consilio fratrum et suffraganeorum nostrorum statuimus ut quilibet capellanus in nostris civitate, diocesi seu provincia Cantuariensibus pro animabus defunctorum annualia celebraturus septem marcis aut tribus marcis cum cibariis, alii autem qui curae animarum deservient octo marcis aut cibariis et quatuor marcis sterlingorum annuatim contententur, nullatenus ex pacto ultra id percepturi, nisi aliter loci diocesanus cum his qui curae animarum deservient primitus decreverit fore faciendum.</p>
                    <p>Si quis autem clericus contra hanc nostram constitutionem dando seu recipiendo venire praesumpserit, excommunicationis sententiam incurrat ipso facto, a qua nisi per diocesanum loci in quo deliquerit non poterit absolvi.</p>
                    <p>Qua quidem constitutione sic [15] ut praemittitur coram nobis exhibita et publice perlecta, fuimus per partem cleri dictae provinciae nostrae inibi congregati cum instantia non modica requisiti quatenus constitutionem huiusmodi iuxta omnem vim, formam et effectum eiusdem auctoritate dicti concilii de novo publicari et executioni debite demandari dignaremur.</p>
                    <p>Nos idcirco petitionibus dicti cleri tanquam iustis et rationi consonis favorabiliter inclinati, constitutionem ipsam ex consensu vestro et aliorum confratrum coepiscoporum et suffraganeorum nostrorum adtunc inibi congregatorum citra festum Sancti Michaelis proximo futurum [16] auctoritate concilii praedicti per nostras civitatem, diocesim et provinciam praedictas publicandam fore et debite promulgandam, necnon lapso dicto festo Sancti Michaelis publicationeque dictae constitutionis facta debite [17] ut praefertur censuras in eadem constitutione latas quoscunque subditos nostros et suffraganeorum nostrorum, si eidem [18] ut praefertur contravenire praesumpserint, sub modo et forma in eadem constitutione contentis iuxta omnem vim, [19] formam et effectum eiusdem arctare decrevimus, prout per praesentes decernimus et ligare.</p>
                    <p>Vestrae igitur fraternitati tenore praesentium committimus et mandamus in virtute sanctae oboedientiae nihilominus iniungentes quatenus has literas nostras constitutionem antedictam in se continentes ipsamque constitutionem per vestras civitatem et diocesim auctoritate nostra debite publicantes seu publicari facientes, ipsam in quantum ad vos</p>
                    <p>pertinet iuxta dicti nostri decreti formam observetis et a quibuscunque subditis vestris faciatis inviolabiliter observari.</p>
                    <p>Auctoritate insuper nostra singulis coepiscopis et suffraganeis nostris per literas vestras: harum seriem continentes cum omni celeritate possibili transmittere studeatis, firmiter iniungentes quatenus ipsi constitutionem praedictam per ipsorum civitates et dioceses debite publicantes ipsam quatenus eos et eorum subditos concernit observant et faciant [20] ut praemittitur inviolabiliter observari.</p>
                    <p>Mandantes eisdem quod eorum singuli nos de publicatione sua huiusmodi constitutionis citra dictum festum Sancti Michaelis ad ultimum debite certificent per suas, vosque pari forma per vestras literas patentes harum seriem continentes curetis reddere certiores.</p>
                    <p>Datum in hospitio residentiae nostrae iuxta Westmonasterium, decimo sexto die mensis Iulii anno Domini MCCCCXXImo, et nostrae translationis anno octavo [21].</p>
                </div>
                <div>
                    <head>Footnotes</head>
                    <p>[1] [27r] was here in parentheses; [nisi] in brackets</p>
                    <p>[2] (ut praemittitur) in parentheses</p>
                    <p>[3] Ordinance for the promotion of graduates of the universities of Oxford and Cambridge was here</p>
                    <p>[4] [5 May 1421] was here</p>
                    <p>[5] vac[a]verit with brackets</p>
                    <p>[6] [27v] was here</p>
                    <p>[7] (ut praemittitur) in parentheses</p>
                    <p>[8] [provideant] in brackets</p>
                    <p>[9] [28r] was here</p>
                    <p>[10] (ut praefertur) in parentheses</p>
                    <p>[11] [29 September 1421] was here</p>
                    <p>[12] [ 1 November 1421 ] was here</p>
                    <p>[13] [16 July 1421] was here</p>
                    <p>[14] Lond[oniensi] in brackets</p>
                    <p>[15] (ut praemittitur) in parentheses</p>
                    <p>[16] [29 September 1421] was here</p>
                    <p>[17](ut praefertur) in parentheses</p>
                    <p>[18] (ut praefertur) in parentheses</p>
                    <p>[19] [28v] was here</p>
                    <p>[20] (ut praemittitur) in parentheses</p>
                    <p>[21] [16 July 1421] was here</p>
                    <p>[]</p>
                </div>
            </div>
        </body>
    </text>
</root>
