<?xml version="1.0" ?>
<root>
    <teiHeader>
        <fileDesc>
            <titleStmt>
                <title>Lincoln</title>
                <recordID>1490</recordID>
                <transcription/>
                <respStmt>
                    <resp/>
                    <name/>
                    <note>
                        <date/>
                        <problems/>
                    </note>
                </respStmt>
            </titleStmt>
            <sourceDesc>
                <baseText/>
                <textNeeded/>
                <noKnownText/>
                <fragment/>
                <ocrNote/>
                <msDesc/>
                <bibl/>
                <sourceNote/>
            </sourceDesc>
        </fileDesc>
        <profileDesc>
            <langUsage>Latin</langUsage>
            <languageNote/>
            <langUsage/>
            <creation>
                <year>1235</year>
                <origDate precision="circa">1235/1236</origDate>
                <dateNotes/>
                <origPlace>Lincoln</origPlace>
                <diocese>Lincoln</diocese>
                <province>York</province>
                <country>England</country>
                <geo/>
                <placeNotes/>
                <orgName/>
                <persName/>
                <altName/>
                <regnalYears/>
                <delegated/>
                <classNotes/>
            </creation>
            <textDesc>
                <domain>Other</domain>
            </textDesc>
            <genNotes/>
        </profileDesc>
    </teiHeader>
    <text>
        <body>
            <div>
                <head>Metadata</head>
                <p>RecordID: 1490</p>
                <p>Year_Sort: 1235</p>
                <p>Year: 1235/1236</p>
                <p>Month: None</p>
                <p>Day: None</p>
                <p>Circa: Yes</p>
                <p>DatingNotes: None</p>
                <p>Place: Lincoln</p>
                <p>Diocese: Lincoln</p>
                <p>Province: York</p>
                <p>CountryModern: England</p>
                <p>Jurisdiction_ID: D304</p>
                <p>Jurisdiction_ID2: None</p>
                <p>Jurisdiction_ID3: None</p>
                <p>Latitude: 53.23272</p>
                <p>Longitude: -0.537661</p>
                <p>PlaceNotes: None</p>
                <p>Classification: Other</p>
                <p>IssuingAuthority: Robert Grosseteste</p>
                <p>IssuingAuthorityAlt: None</p>
                <p>RegnalStart: None</p>
                <p>RegnalEnd: None</p>
                <p>Delegated: None</p>
                <p>ClassificationNotes: Mandate to Archdeacons</p>
                <p>Language: Latin</p>
                <p>LanguageNotes: None</p>
                <p>TextNeeded: None</p>
                <p>NoKnownText: None</p>
                <p>Fragment: None</p>
                <p>Source: None</p>
                <p>SourceOther: None</p>
                <p>Edition: Powicke &amp; Cheney I, 201-203</p>
                <p>EditionOther: None</p>
                <p>SourceNotes: None</p>
                <p>TranscriptionNotes: Reviewed </p>
                <p>BaseText: Data Capture</p>
                <p>OCR: None</p>
                <p>Transcription: None</p>
                <p>GeneralNotes: None</p>
                <p>BiblioRefs: None</p>
            </div>
            <div>
                <head>Text</head>
                <div>
                    <head>All Text</head>
                    <p>Robertus dei gratia Lincolniensis episcopus dilectis in Christo filiis universis archidiaconis per episcopatum Lincolniensem constitutis salutem, gratiam, et benedictionem.</p>
                    <p>Noveritis quod dominus rex nuper apud Northamton ad brevem et levem exortationem benigne assensum prebuit, appropriavit, et concessit ut mercatores de cetero in nundinis suis apud Northamton nullas merces exponant venales, nec emant vel vendant in ecclesia vel in cimiterio Omnium sanctorum apud Northamton; ipsemet in hac parte allegans quod dominus eiecit ementes et vendentes de templo.</p>
                    <p>Precepitque in dictis nundinis voce preconiali declamari quod mercatores de cetero ad easdem nundinas nullas negotiationes excercere presumant.</p>
                    <p>Credimus autem quod dominus rex eadem devotione et benignitate gratum habebit, si alibi etiam secundum formam evangelii ementes et vendentes a locis sacris arceantur.</p>
                    <p>Cum igitur ad episcopale pertineat officium ad imitationem domini nostri Iesu Christi a locis sacris ementes et vendentes eicere et arcere, ne nos qui tenemur ferventius zelare pro domo domini inveniamur in hac parte tepidiores, dignique evomi ab ore eius qui est testis fidelis et verus et principium creature dei, et ne nos qui cum Iuda Machabeo tenemur domum domini ab omni immunditia et abominatione purgare, domos et loca orationum faciamus per consensum speluncam latronum, quia malo consentit qui cum possit prohibere et impedire non impedit, vobis mandamus quatinus in omnibus monasteriis et parrochialibus ecclesiis archidiaconatus vestri, faciatis auctoritate nostra firmiter precipi ne quis de cetero presumat in salutis sue dispendium contra formam evangelice doctrine in locis sacris merces venales exponere vel negotiationes excercere; providentes ut hoc mandatum, cum non sit ex homine sed evangelicum, diligenter observetur, contradictores et rebelles per censuram ecclesiasticam compescendo.</p>
                    <p>Valete.</p>
                </div>
                <div>
                    <head>Footnotes</head>
                </div>
            </div>
        </body>
    </text>
</root>
