<?xml version="1.0" ?>
<root>
    <teiHeader>
        <fileDesc>
            <titleStmt>
                <title>Lincoln</title>
                <recordID>1491</recordID>
                <transcription/>
                <respStmt>
                    <resp/>
                    <name/>
                    <note>
                        <date/>
                        <problems/>
                    </note>
                </respStmt>
            </titleStmt>
            <sourceDesc>
                <baseText/>
                <textNeeded/>
                <noKnownText/>
                <fragment/>
                <ocrNote/>
                <msDesc/>
                <bibl/>
                <sourceNote/>
            </sourceDesc>
        </fileDesc>
        <profileDesc>
            <langUsage>Latin</langUsage>
            <languageNote/>
            <langUsage/>
            <creation>
                <year>1236</year>
                <origDate precision="circa">1235/1236</origDate>
                <dateNotes/>
                <origPlace>Lincoln</origPlace>
                <diocese>Lincoln</diocese>
                <province>York</province>
                <country>England</country>
                <geo/>
                <placeNotes/>
                <orgName/>
                <persName/>
                <altName/>
                <regnalYears/>
                <delegated/>
                <classNotes/>
            </creation>
            <textDesc>
                <domain>Other</domain>
            </textDesc>
            <genNotes/>
        </profileDesc>
    </teiHeader>
    <text>
        <body>
            <div>
                <head>Metadata</head>
                <p>RecordID: 1491</p>
                <p>Year_Sort: 1236</p>
                <p>Year: 1235/1236</p>
                <p>Month: None</p>
                <p>Day: None</p>
                <p>Circa: Yes</p>
                <p>DatingNotes: None</p>
                <p>Place: Lincoln</p>
                <p>Diocese: Lincoln</p>
                <p>Province: York</p>
                <p>CountryModern: England</p>
                <p>Jurisdiction_ID: D304</p>
                <p>Jurisdiction_ID2: None</p>
                <p>Jurisdiction_ID3: None</p>
                <p>Latitude: 53.23272</p>
                <p>Longitude: -0.537661</p>
                <p>PlaceNotes: None</p>
                <p>Classification: Other</p>
                <p>IssuingAuthority: Robert Grosseteste</p>
                <p>IssuingAuthorityAlt: None</p>
                <p>RegnalStart: None</p>
                <p>RegnalEnd: None</p>
                <p>Delegated: None</p>
                <p>ClassificationNotes: Mandate to Archdeacons</p>
                <p>Language: Latin</p>
                <p>LanguageNotes: None</p>
                <p>TextNeeded: None</p>
                <p>NoKnownText: None</p>
                <p>Fragment: None</p>
                <p>Source: None</p>
                <p>SourceOther: None</p>
                <p>Edition: Powicke &amp; Cheney I, 203-5</p>
                <p>EditionOther: None</p>
                <p>SourceNotes: None</p>
                <p>TranscriptionNotes: Reviewed </p>
                <p>BaseText: Data Capture</p>
                <p>OCR: None</p>
                <p>Transcription: None</p>
                <p>GeneralNotes: None</p>
                <p>BiblioRefs: None</p>
            </div>
            <div>
                <head>Text</head>
                <div>
                    <head>All Text</head>
                    <p>Robertus dei gratia Lincolniensis episcopus dilectis in Christo filiis universis archidiaconis per episcopatum Lincolniensem constitutis salutem, gratiam, et benedictionem.</p>
                    <p>Quia ad pastoris spectat officium hiis qui ignorant et errant condolere et gregem sibi commissum pervigilare quasi rationem pro gregis animabus redditurum, ipsumque gregem pascere sicut in Ieremia scriptum est scientia et doctrina, nos hec attendentes et hiis qui in grege nobis licet indignis domino disponente commisso ignorant et errant, pro posse nostro cupientes mederi, quosdam eorum perniciosos errores per devium tenebrosum et lubricum ad inferos deducentes presenti pagine duximus inserendos, quosdam vestro ministerio per archidiaconatus vestros populo ignoranti et erranti declarandos et dissuadendos, quosdam vero prohibendos et censura canonica compescendos.</p>
                    <p>Et quia frustra contendit alia vitia subiugare qui gulam et ebrietatem non suppeditaverit, imprimis firmiter iniungendo precipimus ut compotationes que vulgo dicuntur scotales tam in sinodis quam in capitulis vestris prohibeatis, et per singulas ecclesias archidiaconatuum vestrorum per singulos annos pluries prohiberi faciatis, et contra prohibitiones canonice premissas venire presumentes ecclesiastica censura compescatis, animadversione canonica eosdem percellentes.</p>
                    <p>Sicut enim scriptum est: Vinum, id est omne quod inebriat, multum potatum irritationem et iram et ruinas multas facit, amaritudinem anime et imprudentis offensionem, minorans virtutem et faciens vulnera.</p>
                    <p>Deformat insuper in homine dei ymaginem usum rationis auferendo, ligat actus naturales, morbos inducit pessimos, vitam abreviat, principium est apostasie, aliaque mala procreat innumera.</p>
                    <p>Ad extirpandam igitur tantorum malorum radicem remissi esse non debemus qui ad huiusmodi evellendum et destruendum et disperdendum et dissipandum constituti sumus.</p>
                    <p>Ad hec adicientes precipimus ut secundum formam suprascriptam prohibeatis et prohiberi faciatis, contemptores prohibitionis compescendo et puniendo, arietum supra ligna et rotas elevationes ceterosque ludos consimiles in quibus decertatur pro bravio, cum huiusmodi ludorum tam actores quam spectatores, sicut evidenter demonstrat Ysidorus, immolent demonibus, talium ludorum inventoribus et auctoribus, et cum etiam huiusmodi ludi frequenter dent occasiones ire, odii, pugne, et homicidii.</p>
                    <p>Alios autem ludos diebus festivis actos, qui non consueverunt dare fomitem discordie, predicatione salubri faciatis dissuaderi; quia, teste beato Augustino, cum multo minori peccato diebus solempnibus nerent et texerent mulieres et ararent homines, aliaque opera huic vite sustendande necessaria et utilia facerent, quam huiusmodi otiosis et voluptuosis indulgerent.</p>
                    <p>Dies namque sancti toti debiti sunt obsequiis divinis et operibus sanctis, que immediate proficiunt in salutem animarum; a quibus incomparabiliter longius distant ea que sunt otiositatis et voluptatis quam que sunt necessitatis et utilitatis.</p>
                    <p>Faciatis quoque per frequentem commoneri predicationem ut qui conveniunt ad vigilias noctis in vigiliis sanctorum, ad eorum ecclesias vel memorias, vel ad exequias defunctorum, ibidem solis vacent divinis obsequiis et orationibus; ne scurilitatibus vel ludis vel forte peioribus ut fieri consuevit intendentes, sanctorum iras in se provocent quorum venerunt impetraturi suffragia; et ne in defunctorum exequiis de domo luctus et recordationis novissimorum in precautionem peccaminum faciant domum risus et iocationis in multiplicationem peccaminum, quorum extrema luctus occupabit eternus et tenebrosa oblivio, quam illustrabit sapientia vel scientia vel ratio.</p>
                    <p>Ab ecclesiis autem et cimiteriis omnes huiusmodi ludos commonitione premissa arceri faciatis ecclesiastica censura, quia loca sancta ab usibus humanis, nedum ab humanis iocis, abstracta sunt et in usus divinos conversa; et qui e contra presumunt de domo et loco orationis speluncam latronum faciunt.</p>
                    <p>Faciatis quoque in singulis ecclesiis frequenti predicatione commoneri ne matres vel nutrices parvulos suos in lectis suis iuxta se collocent, ne forte eosdem, ut frequenter contigit, incaute suffocent et inde fiat eisdem mortis occasio unde putatur vite tenere prestari confotio.</p>
                    <p>Clandestina quoque matrimonia frequenti predicatione districte prohiberi faciatis, et pericula que inde secuntur evidenter et diligenter exponi, ut precognito mali sequentis periculo, fortius et cautius devitetur ipsius origo.</p>
                    <p>Ad hec, in singulis ecclesiis districtam faciatis fieri inhibitionem ne ad processiones in annua visitatione et veneratione matris ecclesie aliqua parochia decertet cum vexillis suis alii parochie antecedere, cum inde soleant non solum lites sed crudeles sanguinis effusiones provenire.</p>
                    <p>E contra vero de cetero presumentes canonica feriatis animadversione, quia huiusmodi decertatores inde matrem ecclesiam violant et inhonorant unde eam sanctificare et honorare debuerant; nec debent aliquatenus a pena dimitti immunes qui matrem spiritalem inhonorant, cum hii qui matres carnales inhonorant per legem divinam maledicuntur et morte puniuntur.</p>
                    <p>Preterea in quibusdam ecclesiis invenimus hanc pro consuetudine inolevisse corruptelam, quod in die Pasche non recipiuntur oblationes parochianorum nisi celebrata missa cum ad sacratissimum dominici corporis et sanguinis sacramentum veniunt; quam corruptelam de cetero sub gravi pena faciatis arctius prohiberi, cum grave scandalum turpisque nota cupiditatis inde oriatur ecclesie prelatis, plurimumque prepediatur devotio populi ad tantum sacramentum accedentis.</p>
                    <p>Ad hec quia alicubi invenimus, contra statutum tam generalis quam provincialis consilii, pro pecunia non soluta denegari sacramenta ecclesiastica et etiam in die Pasche sacramentum eucharistie, ne quis in hac parte quasi per ignorantiam speciem aliquam excusationis pretendere valeat quod in hac parte in conciliis statutum est faciatis non solum in synodis sed etiam in capitulis frequenter recitari, eos qui contra presumpserint canonica punientes districtione.</p>
                </div>
                <div>
                    <head>Footnotes</head>
                </div>
            </div>
        </body>
    </text>
</root>
