<?xml version="1.0" ?>
<root>
    <teiHeader>
        <fileDesc>
            <titleStmt>
                <title>Chichester</title>
                <recordID>1503</recordID>
                <transcription/>
                <respStmt>
                    <resp/>
                    <name/>
                    <note>
                        <date/>
                        <problems/>
                    </note>
                </respStmt>
            </titleStmt>
            <sourceDesc>
                <baseText/>
                <textNeeded/>
                <noKnownText/>
                <fragment/>
                <ocrNote/>
                <msDesc/>
                <bibl/>
                <sourceNote/>
            </sourceDesc>
        </fileDesc>
        <profileDesc>
            <langUsage>Latin</langUsage>
            <languageNote/>
            <langUsage/>
            <creation>
                <year>1248</year>
                <origDate>1248</origDate>
                <dateNotes/>
                <origPlace>Chichester</origPlace>
                <diocese>Chichester</diocese>
                <province>Canterbury</province>
                <country>England</country>
                <geo/>
                <placeNotes/>
                <orgName/>
                <persName/>
                <altName/>
                <regnalYears/>
                <delegated/>
                <classNotes/>
            </creation>
            <textDesc>
                <domain>Diocesan</domain>
            </textDesc>
            <genNotes/>
        </profileDesc>
    </teiHeader>
    <text>
        <body>
            <div>
                <head>Metadata</head>
                <p>RecordID: 1503</p>
                <p>Year_Sort: 1248</p>
                <p>Year: 1248</p>
                <p>Month: None</p>
                <p>Day: None</p>
                <p>Circa: None</p>
                <p>DatingNotes: None</p>
                <p>Place: Chichester</p>
                <p>Diocese: Chichester</p>
                <p>Province: Canterbury</p>
                <p>CountryModern: England</p>
                <p>Jurisdiction_ID: D306</p>
                <p>Jurisdiction_ID2: None</p>
                <p>Jurisdiction_ID3: None</p>
                <p>Latitude: 50.83652</p>
                <p>Longitude: -0.77918</p>
                <p>PlaceNotes: None</p>
                <p>Classification: Diocesan</p>
                <p>IssuingAuthority: Richard de Wich</p>
                <p>IssuingAuthorityAlt: None</p>
                <p>RegnalStart: None</p>
                <p>RegnalEnd: None</p>
                <p>Delegated: None</p>
                <p>ClassificationNotes: Episcopal mandate (not necessarily issued in synod)</p>
                <p>Language: Latin</p>
                <p>LanguageNotes: None</p>
                <p>TextNeeded: None</p>
                <p>NoKnownText: None</p>
                <p>Fragment: None</p>
                <p>Source: None</p>
                <p>SourceOther: None</p>
                <p>Edition: Powicke &amp; Cheney I, 418</p>
                <p>EditionOther: None</p>
                <p>SourceNotes: None</p>
                <p>TranscriptionNotes: Reviewed </p>
                <p>BaseText: Data Capture</p>
                <p>OCR: None</p>
                <p>Transcription: None</p>
                <p>GeneralNotes: None</p>
                <p>BiblioRefs: None</p>
            </div>
            <div>
                <head>Text</head>
                <div>
                    <head>All Text</head>
                    <p>R. dei gratia Cycestrensis episcopus archidiaconis, decanis, et omnibus personis, vicariis, et capellanis parochias regentibus salutem, gratiam, et benedictionem.</p>
                    <p>Cum secundum generalem ecclesie Anglicane consuetudinem teneamini in signum obedientie et reverentie in ebdomada Pentecosten cum parochianis vestris in processione congregatis ecclesiam vestram matricem Cycestrensem vel eius nomine Lewensem et Hasting propter nimiam locorum distantiam visitare cum oblationibus debitis secundum consuetudinem a iure divino introductam, secundum quod in alio mandato nostro super hoc edito plenius continetur, ne ipsa ecclesia aliquorum fraude vel negligentia suo iure frustretur in elusionem mandati memorati, universitatem vestram monemus et exhortamur in virtute obedientie qua nobis et dicte ecclesie tenemini quatinus singuli capellani in singulis parochiis suis facta descriptione singularum domorum et familiarum et collectis oblationibus tam presentium in processione quam absentium qui venire non possunt in die processioni sue assignato sub suorum testimonio decanorum procuratoribus dicte ecclesie fideliter respondeant super collectis et eisdem descriptionis memorate scripturam tradant, ut qui inventi fuerint contumaces et rebelles non solum relaxatione et indulgentia nostra et coepiscoporum nostrorum careant, set alias pro modo excessus canonica districtione feriantur.</p>
                    <p>Dat anno domini mo cco xlviiio mense Aprilis.</p>
                </div>
                <div>
                    <head>Footnotes</head>
                    <p>[1]</p>
                    <p>[2]</p>
                    <p>[]</p>
                </div>
            </div>
        </body>
    </text>
</root>
