<?xml version="1.0" ?>
<root>
    <teiHeader>
        <fileDesc>
            <titleStmt>
                <title>Merton</title>
                <recordID>1520</recordID>
                <transcription/>
                <respStmt>
                    <resp/>
                    <name/>
                    <note>
                        <date/>
                        <problems/>
                    </note>
                </respStmt>
            </titleStmt>
            <sourceDesc>
                <baseText/>
                <textNeeded/>
                <noKnownText/>
                <fragment/>
                <ocrNote/>
                <msDesc/>
                <bibl/>
                <sourceNote/>
            </sourceDesc>
        </fileDesc>
        <profileDesc>
            <langUsage>Latin</langUsage>
            <languageNote/>
            <langUsage/>
            <creation>
                <year>1260</year>
                <origDate precision="circa">1257x1262</origDate>
                <dateNotes/>
                <origPlace>Merton</origPlace>
                <diocese/>
                <province>Canterbury</province>
                <country>England</country>
                <geo/>
                <placeNotes/>
                <orgName/>
                <persName/>
                <altName/>
                <regnalYears/>
                <delegated/>
                <classNotes/>
            </creation>
            <textDesc>
                <domain>Provincial</domain>
            </textDesc>
            <genNotes/>
        </profileDesc>
    </teiHeader>
    <text>
        <body>
            <div>
                <head>Metadata</head>
                <p>RecordID: 1520</p>
                <p>Year_Sort: 1260</p>
                <p>Year: 1257x1262</p>
                <p>Month: None</p>
                <p>Day: None</p>
                <p>Circa: Yes</p>
                <p>DatingNotes: ['1249x1269, probably 1257x1262', 'Mansi mistakenly dates it to 1300 (ca) and Wilkins to 1305']</p>
                <p>Place: Merton</p>
                <p>Diocese: None</p>
                <p>Province: Canterbury</p>
                <p>CountryModern: England</p>
                <p>Jurisdiction_ID: None</p>
                <p>Jurisdiction_ID2: None</p>
                <p>Jurisdiction_ID3: None</p>
                <p>Latitude: 51.4102</p>
                <p>Longitude: -0.2024</p>
                <p>PlaceNotes: None</p>
                <p>Classification: Provincial</p>
                <p>IssuingAuthority: Boniface of Savoy</p>
                <p>IssuingAuthorityAlt: None</p>
                <p>RegnalStart: 1249</p>
                <p>RegnalEnd: 1269</p>
                <p>Delegated: None</p>
                <p>ClassificationNotes: Appears to be a general statute, but not issued in council or synod; may have been drafted to be approved in a great council or parliament</p>
                <p>Language: Latin</p>
                <p>LanguageNotes: None</p>
                <p>TextNeeded: None</p>
                <p>NoKnownText: None</p>
                <p>Fragment: None</p>
                <p>Source: None</p>
                <p>SourceOther: None</p>
                <p>Edition: Powicke &amp; Cheney II, 795-97</p>
                <p>EditionOther: Wilkins II, 278-28; Mansi 25, col 5-12 &amp; 13-16 (additiones)</p>
                <p>SourceNotes: Survive in numerous MSS, two of them 13th-c</p>
                <p>TranscriptionNotes: Reviewed </p>
                <p>BaseText: Data Capture</p>
                <p>OCR: None</p>
                <p>Transcription: None</p>
                <p>GeneralNotes: Cheney, English Synodalia, 97-109</p>
                <p>BiblioRefs: None</p>
            </div>
            <div>
                <head>Text</head>
                <div>
                    <head>Incipit</head>
                    <p>Quoniam propter diversas consuetudines in petendo decimas per diversas ecclesias inter rectores ecclesiarum et parochianos suos rixe et contentiones, scandala et odia permaxima oriuntur, volumus quod in cunctis ecclesiis per archiepiscopatum nostrum constitutis uniformis sit petitio decimarum et proventuum ecclesiarum.</p>
                </div>
                <div>
                    <head>Capitulum 1</head>
                    <p>(1) In primis volumus quod decime de frugibus non deductis expensis integre et sine aliqua diminutione solvantur, et etiam de fructibus arborum et seminibus omnibus et herbis ortorum, nisi parochiani competentem pro talibus decimis velint facere redemptionem.</p>
                    <p>Volumus etiam quod decime de fenis ubicunque crescant, sive in magnis pratis sive in parvis sive in cheviciis exigantur et prout expedit ecclesie persolvantur.</p>
                </div>
                <div>
                    <head>Capitulum 2</head>
                    <p>(2) De nutrimentis autem animalium volumus, scilicet de agnis, quod pro sex agnis et infra sex oboli dentur pro decima.</p>
                    <p>Septimus agnus et supra semper detur pro decima, ita tamen quod rector ecclesie, qui septimum agnum receperit, det parochiano suo a quo decimam illam receperit tres obolos in recompensationem.</p>
                    <p>Qui octavum agnum receperit, det denarium parochiano.</p>
                    <p>Qui nonum agnum receperit, det obolum parochiano, vel exspectet rector ecclesie alterum annum donec possit decimum agnum recipere, si maluerit.</p>
                    <p>Et qui ita exspectaverit, semper exigat secundum agnum meliorem vel tertium ad minus de agnis secundi anni, et hoc pro exspectatione primi anni.</p>
                    <p>Et ita intelligendum est de decima lane.</p>
                    <p>Quod si oves alibi in yeme et alibi in estate nutriuntur, decima est dividenda.</p>
                    <p>Similiter siquis in medio tempore emerit vel vendiderit oves et certum sit a qua parochia ille venerint, dividenda est, sicut de re que sequitur duo domicilia.</p>
                    <p>Si autem incertum fuerit, habeat illa ecclesia decimam infra cuius limites tempore tonsionis oves inveniuntur.</p>
                    <p>De lacte volumus quod decima solvatur dum durat, videlicet de caseo tempore suo et de lacte in autumpno et yeme, nisi parochiani competentem velint pro talibus decimis facere redemptionem, et hoc ad comodum ecclesie.</p>
                </div>
                <div>
                    <head>Capitulum 3</head>
                    <p>(3) De proventibus autem molendinorum volumus quod decime exigantur et solvantur ad valorem proventuum, et hoc nisi domini pro valore proventuum faciant redemptionem.</p>
                </div>
                <div>
                    <head>Capitulum 4</head>
                    <p>(4) De pasturis autem et pascuis tam communibus quam non communibus statuimus quod decime fideliter solvantur; et hoc per numerum animalium et dierum, si expedit ecclesie.</p>
                </div>
                <div>
                    <head>Capitulum 5</head>
                    <p>(5) De piscationibus autem et apibus, sicut de omnibus aliis bonis iuste adquisitis que renovantur per annum, statuimus quod decime exigantur, sed debito modo.</p>
                </div>
                <div>
                    <head>Capitulum 6</head>
                    <p>(6) Statuimus etiam quod decimei solvantur de artificibus, de mercatoribus, et de lucro negotiationis, similiter de carpentariis, fabris, textoribus, pandoxatricibus, et omnibus aliis stipendiariis operariis, videlicet quod dent decimas de stipendiis suis, nisi ipsi stipendiarii aliquid certum velint dare ad opus vel ad lumen ecclesie si rectori ecclesie id placuerit.</p>
                </div>
                <div>
                    <head>Capitulum 7</head>
                    <p>(7) In petitione autem principalis legati volumus quod consuetudo provincie cum possessione ecclesie observetur, ita tamen quod rector ecclesie in petitione sua, sive fuerit vicarius sive capellanus annuus, habeat deum pre oculis.</p>
                </div>
                <div>
                    <head>Capitulum 8</head>
                    <p>(8) Sed quoniam multi inveniuntur decimas dare nolentes, statuimus quod parochiani ammoneantur primo, secundo, et tertio, ut decimas deo et ecclesie fideliter solvant.</p>
                    <p>Quod si se non emendaverint, primo ab ingressu ecclesie suspendantur et sic demum ad solutionem decimarum per censuram ecclesiasticam, si necesse fuerit, compellantur.</p>
                    <p>Si tamen dicte suspensionis relaxationem vel absolutionem petierint, ad ordinarium loci mittantur absolvendi, et debito modo puniendi.</p>
                </div>
                <div>
                    <head>Capitulum 9</head>
                    <p>(9) Rectores autem ecclesiarum seu vicarii seu capellani annui, qui predictas decimas predicto modo seu propter formidinem hominum seu favorem, dei timore postposito, cum effectu non petierint, pena suspensionis innodentur, donec dimidiam marcam argenti pro sua inobedientia archidiacono persolverint.</p>
                </div>
                <div>
                    <head>Footnotes</head>
                    <p>[1]</p>
                    <p>[2]</p>
                    <p>[]</p>
                </div>
            </div>
        </body>
    </text>
</root>
