<?xml version="1.0" ?>
<root>
    <teiHeader>
        <fileDesc>
            <titleStmt>
                <title>Stepney</title>
                <recordID>1526</recordID>
                <transcription/>
                <respStmt>
                    <resp/>
                    <name/>
                    <note>
                        <date/>
                        <problems/>
                    </note>
                </respStmt>
            </titleStmt>
            <sourceDesc>
                <baseText/>
                <textNeeded/>
                <noKnownText/>
                <fragment/>
                <ocrNote/>
                <msDesc/>
                <bibl/>
                <sourceNote/>
            </sourceDesc>
        </fileDesc>
        <profileDesc>
            <langUsage>Latin</langUsage>
            <languageNote/>
            <langUsage/>
            <creation>
                <year>1311</year>
                <origDate>1311-08-08</origDate>
                <dateNotes/>
                <origPlace>Stepney</origPlace>
                <diocese>London</diocese>
                <province>Canterbury</province>
                <country>England</country>
                <geo/>
                <placeNotes/>
                <orgName/>
                <persName/>
                <altName/>
                <regnalYears/>
                <delegated/>
                <classNotes/>
            </creation>
            <textDesc>
                <domain>Diocesan</domain>
            </textDesc>
            <genNotes/>
        </profileDesc>
    </teiHeader>
    <text>
        <body>
            <div>
                <head>Metadata</head>
                <p>RecordID: 1526</p>
                <p>Year_Sort: 1311</p>
                <p>Year: 1311</p>
                <p>Month: 8</p>
                <p>Day: 8</p>
                <p>Circa: None</p>
                <p>DatingNotes: None</p>
                <p>Place: Stepney</p>
                <p>Diocese: London</p>
                <p>Province: Canterbury</p>
                <p>CountryModern: England</p>
                <p>Jurisdiction_ID: D297</p>
                <p>Jurisdiction_ID2: None</p>
                <p>Jurisdiction_ID3: None</p>
                <p>Latitude: 51.5152</p>
                <p>Longitude: -0.0462</p>
                <p>PlaceNotes: None</p>
                <p>Classification: Diocesan</p>
                <p>IssuingAuthority: Ralph Baldock</p>
                <p>IssuingAuthorityAlt: None</p>
                <p>RegnalStart: None</p>
                <p>RegnalEnd: None</p>
                <p>Delegated: None</p>
                <p>ClassificationNotes: Episcopal mandate, not issued in synod</p>
                <p>Language: Latin</p>
                <p>LanguageNotes: None</p>
                <p>TextNeeded: None</p>
                <p>NoKnownText: None</p>
                <p>Fragment: None</p>
                <p>Source: None</p>
                <p>SourceOther: None</p>
                <p>Edition: Powicke &amp; Cheney II, 1349-50</p>
                <p>EditionOther: None</p>
                <p>SourceNotes: None</p>
                <p>TranscriptionNotes: Reviewed </p>
                <p>BaseText: Data Capture</p>
                <p>OCR: None</p>
                <p>Transcription: None</p>
                <p>GeneralNotes: None</p>
                <p>BiblioRefs: None</p>
            </div>
            <div>
                <head>Text</head>
                <div>
                    <head>All Text</head>
                    <p>Radulphus etc... officiali archidiaconi London. salutem etc.</p>
                    <p>In nostra civitate et diocesi London. sortilegiorum, incantationum, et artis magice nephandum scelus invaluisse reperimus in tantum quod plerisque nostris subditis magna strages immineat et periculum animarum nisi de congruo ex officii nostri debito celerius ordinemus.</p>
                    <p>Intelleximus siquidem quod tum pro rerum recuperatione deperditarum, tum pro futuris ac etiam preteritis occultis plenius investigandis, quidam per artis magie et incantationum notitie confictionem, quidam per nimie credulitatis simplicitatem et inanem voluptatem coniurationibus et divinationibus inserviunt, occultas faciunt conventiculas, circulos quasi pro demonum invocatione preparant et eos invocant per panes et cultellos volubiles, et alias diversimode coniurant, alii spiritus se invocare confingunt in unguibus, speculis, lapidibus, et anulis, vel similibus materiis, quos vana dare responsa et signa facere pretendunt, et alia quam plurima faciunt et fieri procurant que fidei catholice adversantur et animas decipiunt ininmensum.</p>
                    <p>Quapropter vobis districte precipiendo mandamus firmiter iniungentes quatinus moneatis, publice et solempniter inhibentes omnibus et singulis, ne quis sortilegiis, coniurationibus perniciosis, vel incantationibus, aut arti magice seu divinationibus quibuscumque, per quecumque carmina aliqualiter inserviat, vel conventiculis talium vel experimentibus eorum subdolis intersit, aut pro quibuscumque bonis recuperandis vel adquirendis aut futuris presciendis vel preteritis aut presentibus investigandis vel alia qualibet occasione talium procuret incantationem, aut sortilegiis vel eorum fallacibus assertionibus fidem adhibeat vel ipsis facientibus aut fieri procurantibus auxilium inpendat, consilium, vel favorem, publice vel occulte quocunque quesito colore, sub pena excommunicationis maioris quam in contrarium temere venientes canonica monitione premissa eo ipso se noverint incursuros; de nominibus insuper huiusmodi delinquentium et fautorum eorum diligentius quotiens expedire videbitur inquirentes, et de ipsorum nominibus quos reos in hac parte fore receperitis, et quid feceritis ulterius in premissis nos citra festum Nativitatis beate Marie, et nichilominus singulis annis nostri regiminis tempore premissa renovantes secundum formam prenotatam infra dominicam primam Quadragesime, cum harum serie litterarum distincte et aperte certificare curetis.</p>
                    <p>Dat apud Stebbenh., vito idus Augusti anno domini mo cccmo undecimo.</p>
                </div>
                <div>
                    <head>Footnotes</head>
                    <p>[1]</p>
                    <p>[2]</p>
                    <p>[]</p>
                </div>
            </div>
        </body>
    </text>
</root>
