<?xml version="1.0" ?>
<root>
    <teiHeader>
        <fileDesc>
            <titleStmt>
                <title>Besancon</title>
                <recordID>1686</recordID>
                <transcription/>
                <respStmt>
                    <resp/>
                    <name/>
                    <note>
                        <date/>
                        <problems/>
                    </note>
                </respStmt>
            </titleStmt>
            <sourceDesc>
                <baseText/>
                <textNeeded/>
                <noKnownText/>
                <fragment/>
                <ocrNote/>
                <msDesc/>
                <bibl/>
                <sourceNote/>
            </sourceDesc>
        </fileDesc>
        <profileDesc>
            <langUsage>Latin</langUsage>
            <languageNote/>
            <langUsage/>
            <creation>
                <year>1285</year>
                <origDate precision="circa">1281x1295</origDate>
                <dateNotes/>
                <origPlace>Besançon</origPlace>
                <diocese>Besançon</diocese>
                <province>Besançon</province>
                <country>France</country>
                <geo/>
                <placeNotes/>
                <orgName/>
                <persName/>
                <altName/>
                <regnalYears/>
                <delegated/>
                <classNotes/>
            </creation>
            <textDesc>
                <domain>Provincial</domain>
            </textDesc>
            <genNotes/>
        </profileDesc>
    </teiHeader>
    <text>
        <body>
            <div>
                <head>Metadata</head>
                <p>RecordID: 1686</p>
                <p>Year_Sort: 1285</p>
                <p>Year: 1281x1295</p>
                <p>Month: None</p>
                <p>Day: None</p>
                <p>Circa: Yes</p>
                <p>DatingNotes: for dating, see Moreau translation (Concile Provincial de Besancon, 53, n21)</p>
                <p>Place: Besançon</p>
                <p>Diocese: Besançon</p>
                <p>Province: Besançon</p>
                <p>CountryModern: France</p>
                <p>Jurisdiction_ID: None</p>
                <p>Jurisdiction_ID2: None</p>
                <p>Jurisdiction_ID3: None</p>
                <p>Latitude: 47.233611</p>
                <p>Longitude: 6.030556</p>
                <p>PlaceNotes: None</p>
                <p>Classification: Provincial</p>
                <p>IssuingAuthority: Eudes de Rougemont</p>
                <p>IssuingAuthorityAlt: None</p>
                <p>RegnalStart: 1269</p>
                <p>RegnalEnd: 1301</p>
                <p>Delegated: None</p>
                <p>ClassificationNotes: None</p>
                <p>Language: Latin</p>
                <p>LanguageNotes: None</p>
                <p>TextNeeded: None</p>
                <p>NoKnownText: None</p>
                <p>Fragment: Yes</p>
                <p>Source: Besancon, Arch Dioc, MS D 1</p>
                <p>SourceOther: Besancon, Arch Dioc, MS D 5 (19th-c copy)</p>
                <p>Edition: Concile provincial de Besancon, ed. de Vregille, 41-42</p>
                <p>EditionOther: None</p>
                <p>SourceNotes: None</p>
                <p>TranscriptionNotes: Reviewed </p>
                <p>BaseText: ['Library Scan', 'Hard Copy Scan']</p>
                <p>OCR: None</p>
                <p>Transcription: None</p>
                <p>GeneralNotes: None</p>
                <p>BiblioRefs: None</p>
            </div>
            <div>
                <head>Text</head>
                <div>
                    <head>All Text</head>
                    <p>In mandatis synodalibus Bisuntinis continentur clausule que secuntur:</p>
                    <p>Item, declaramus Concilium bisuntinensem ad possessionem incorporalium pertinere.</p>
                    <p>Item, sciatur quod non est intentionis nostre quod, quando clausula ista : et iterum nihil inueneritis, apponitur in litteris nostris uel processibus factis coram nobis inter partes, quin uos debeatis diligenter inquirere et rescribere quomodo constat uobis de contentis in monitionibus nostris, ac eciam sententias latas in ipsis monitionibus firmiter obseruare, quousque de contentis in dictis monitionibus integre fuerit satisfactum.</p>
                    <p>Item, precipimus et mandamus uobis uniuersis et singulis ecclesiarum parochialum nostre ciuitatis et diocesis bisuntinensis rectoribus uicariisque et aliis eorum locatenentibus, sub pena suspensionis et excommunicationis quam, monitione trium dierum premissa properhemptoria et monitione canonica, uobis prefigimus et[1] in uos ferimus in his scriptis, nisi feceritis quod mandamus, ut, quam primum sciueritis aliquos, seu archidiaconos, seu canonicos nostre cathedralis ecclesie bisuntinensis, abbates, curatos uel presbyteros aut alios clericos cuiuscumque status sint, aliamue personam ecclesiasticam nostre ciuitatis seu diocesis quocumque capi, seu captiuari uel captum detineri, sine expresso mandato nostro uel officialis nostri, per quamcumque personam secularem seu ecclesiasticam, absque expectatione alicuius littere Concilii bisuntinensis uel alterius mandati, tales sacrilegos, captiuatores, detentores, in hiis opem, consilium, auxilium, fauorem prebentes et iuuamen, de quibus uobis constiterit secundum formam Concilii bisuntinensis, inspecto solo textu ipsius Concilii, nominatim et alios in generali excommunicatos a canone nuncietis publice, et nichilominus, secundum ipsius Concilii textum et tenorem cessetur penitus a diuinis, ipsius Concilii textum et tenorem ad unguem firmiter obseruantes, et quod inde fueritis executi, contra quem, et causam seu ueritatem facti ipsius cessationis, quanto ocius poteritis Nobis seu officiali nostro fideliter rescribatis.</p>
                    <p>Item, quocienscumque de cetero impetrare contigerit a Nobis uel ab officialii bisuntinensi litteras et processus secundum formam Concilii bisuntinensis per quoscumque ante festum Natiuitatis Domini et Dominicam in ramis palmarum, ita quod monitio per dictas litteras non habeat liberum tempus monitionis octo dierum ad citandum cum litteris impetrantem, statuimus, et ex causa, quod dies festiui infra dictam monitionem existentes totaliter subducantur eosque decernimus esse penitus subducendos, et eos subducimus per presentes, ita quod dictus monitus habeat tempus monitionis sue tam ante lapsum dictorum dierum festorum quam post integrum et perfectum.</p>
                </div>
                <div>
                    <head>Footnotes</head>
                    <p>[1] In the pdf, there are angle brackets around et here (&quot;&lt;et&gt;&quot;)</p>
                </div>
            </div>
        </body>
    </text>
</root>
