<?xml version="1.0" ?>
<root>
    <teiHeader>
        <fileDesc>
            <titleStmt>
                <title>Acqui</title>
                <recordID>1889</recordID>
                <transcription/>
                <respStmt>
                    <resp/>
                    <name/>
                    <note>
                        <date/>
                        <problems/>
                    </note>
                </respStmt>
            </titleStmt>
            <sourceDesc>
                <baseText/>
                <textNeeded/>
                <noKnownText/>
                <fragment/>
                <ocrNote/>
                <msDesc/>
                <bibl/>
                <sourceNote/>
            </sourceDesc>
        </fileDesc>
        <profileDesc>
            <langUsage>Latin</langUsage>
            <languageNote/>
            <langUsage/>
            <creation>
                <year>1265</year>
                <origDate>1265</origDate>
                <dateNotes/>
                <origPlace>Acqui</origPlace>
                <diocese>Acqui</diocese>
                <province>Milan</province>
                <country>Italy</country>
                <geo/>
                <placeNotes/>
                <orgName/>
                <persName/>
                <altName/>
                <regnalYears/>
                <delegated/>
                <classNotes/>
            </creation>
            <textDesc>
                <domain>Diocesan</domain>
            </textDesc>
            <genNotes/>
        </profileDesc>
    </teiHeader>
    <text>
        <body>
            <div>
                <head>Metadata</head>
                <p>RecordID: 1889</p>
                <p>Year_Sort: 1265</p>
                <p>Year: 1265</p>
                <p>Month: None</p>
                <p>Day: None</p>
                <p>Circa: None</p>
                <p>DatingNotes: or 1266</p>
                <p>Place: Acqui</p>
                <p>Diocese: Acqui</p>
                <p>Province: Milan</p>
                <p>CountryModern: Italy</p>
                <p>Jurisdiction_ID: D018</p>
                <p>Jurisdiction_ID2: None</p>
                <p>Jurisdiction_ID3: None</p>
                <p>Latitude: 44.676111</p>
                <p>Longitude: 8.468611</p>
                <p>PlaceNotes: now Acqui Terme; diocese suffragan of Turin only as of 16th-c</p>
                <p>Classification: Diocesan</p>
                <p>IssuingAuthority: Alberto</p>
                <p>IssuingAuthorityAlt: None</p>
                <p>RegnalStart: 1258</p>
                <p>RegnalEnd: 1270</p>
                <p>Delegated: None</p>
                <p>ClassificationNotes: 'capituli' issued jointly with Ottone Visconti, AB of Milan</p>
                <p>Language: Latin</p>
                <p>LanguageNotes: None</p>
                <p>TextNeeded: None</p>
                <p>NoKnownText: None</p>
                <p>Fragment: None</p>
                <p>Source: None</p>
                <p>SourceOther: None</p>
                <p>Edition: Baroni, Atti dell'arcivescovo...Visconti, doc 6, p7</p>
                <p>EditionOther: None</p>
                <p>SourceNotes: None</p>
                <p>TranscriptionNotes: Reviewed </p>
                <p>BaseText: ['Library Scan', 'WebDownload']</p>
                <p>OCR: Yes</p>
                <p>Transcription: None</p>
                <p>GeneralNotes: None</p>
                <p>BiblioRefs: None</p>
            </div>
            <div>
                <head>Text</head>
                <div>
                    <head>Incipit</head>
                    <p>Hec sunt capitula facta et ordinata per dominum archiepiscopum Mediolanensem et per dominum Albertum [1] episcopum Aquensem.</p>
                </div>
                <div>
                    <head>Capitulum 1</head>
                    <p>(1) Primo namque statuerunt quod nullus presbiter vel clericus teneat vel habeat fornicariam in domo vel in domibus ecclesie nec alibi teneat publice concubinam.</p>
                </div>
                <div>
                    <head>Capitulum 2</head>
                    <p>(2) Item quod nullus sacerdos vel clericus vendat vel alienet aut obliget libros, crucem, calicem, vestes sacerdotales nec terras seu possessiones ecclesie.</p>
                </div>
                <div>
                    <head>Capitulum 3</head>
                    <p>(3) Item quod nullus archipresbiter vel prepositus ultra solidos [1]... Papienses vel presbiter ultra solidos [2] 100 Papienses debitum faciat super bonis ecclesie sine licentia domini...</p>
                </div>
                <div>
                    <head>Capitulum 4</head>
                    <p>(4) Item quod nullus sacerdos vel clericus vadat sine veste clericali et corona competenti, et qui contrafecerit careat beneficio ecclesiastico.</p>
                </div>
                <div>
                    <head>Capitulum 5</head>
                    <p>(5) Item quod nullus clericus recipiat ordinem extra suam diocesim sine licentia sui episcopi.</p>
                </div>
                <div>
                    <head>Capitulum 6</head>
                    <p>(6) Item quod nullus presbiter vel clericus eligat vel assumat aliquem in clericum socium vel ministrum in ecclesia sua sine licentia episcopi, et qui contrafecerit dominus episcopus ipsum excommunicat in his scriptis.</p>
                </div>
                <div>
                    <head>Capitulum 7</head>
                    <p>(7) Item quod nullus sacerdos ludet ad aliquem ludum alearum nec illud exerceat.</p>
                </div>
                <div>
                    <head>Capitulum 8</head>
                    <p>(8) Item quod nullus clericus habeat beneficium neque ecclesiam quam pater eius administrat.</p>
                </div>
                <div>
                    <head>Capitulum 9</head>
                    <p>(9) Item quod quilibet rector ecclesie quemlibet ex parochia sua, quem sciat stare publice in adulterio, monere debeat ut infra dies quindecim debeat dimittere adulteram et redire ad gremium Sancte Matris Ecclesie, alioquin ipse... denunciet excommunicatos.</p>
                </div>
                <div>
                    <head>Capitulum 10</head>
                    <p>(10) Item quod quilibet minister possit subtrahere cuilibet de parochia sua divinum officium et ecclesiastica sacramenta, si iamdicto ministro noluerit respondere de decimis et primitiis.</p>
                </div>
                <div>
                    <head>Footnotes</head>
                    <p>[1] Originally Al(bertum).</p>
                    <p>[2] Originally (solidos).</p>
                    <p>[3] Originally (solidos).</p>
                </div>
            </div>
        </body>
    </text>
</root>
