<?xml version="1.0" ?>
<root>
    <teiHeader>
        <fileDesc>
            <titleStmt>
                <title>Isle</title>
                <recordID>1913</recordID>
                <transcription/>
                <respStmt>
                    <resp/>
                    <name/>
                    <note>
                        <date/>
                        <problems/>
                    </note>
                </respStmt>
            </titleStmt>
            <sourceDesc>
                <baseText/>
                <textNeeded/>
                <noKnownText/>
                <fragment/>
                <ocrNote/>
                <msDesc/>
                <bibl/>
                <sourceNote/>
            </sourceDesc>
        </fileDesc>
        <profileDesc>
            <langUsage>Latin</langUsage>
            <languageNote/>
            <langUsage/>
            <creation>
                <year>1251</year>
                <origDate>1251-09-19</origDate>
                <dateNotes/>
                <origPlace>L'Isle-sur-Sorgue</origPlace>
                <diocese>Cavaillon</diocese>
                <province>Arles</province>
                <country>France</country>
                <geo/>
                <placeNotes/>
                <orgName/>
                <persName/>
                <altName/>
                <regnalYears/>
                <delegated/>
                <classNotes/>
            </creation>
            <textDesc>
                <domain>Provincial</domain>
            </textDesc>
            <genNotes/>
        </profileDesc>
    </teiHeader>
    <text>
        <body>
            <div>
                <head>Metadata</head>
                <p>RecordID: 1913</p>
                <p>Year_Sort: 1251</p>
                <p>Year: 1251</p>
                <p>Month: 9</p>
                <p>Day: 19</p>
                <p>Circa: None</p>
                <p>DatingNotes: None</p>
                <p>Place: L'Isle-sur-Sorgue</p>
                <p>Diocese: Cavaillon</p>
                <p>Province: Arles</p>
                <p>CountryModern: France</p>
                <p>Jurisdiction_ID: None</p>
                <p>Jurisdiction_ID2: None</p>
                <p>Jurisdiction_ID3: None</p>
                <p>Latitude: 43.9199</p>
                <p>Longitude: 5.0549</p>
                <p>PlaceNotes: Latin Insula</p>
                <p>Classification: Provincial</p>
                <p>IssuingAuthority: None</p>
                <p>IssuingAuthorityAlt: None</p>
                <p>RegnalStart: None</p>
                <p>RegnalEnd: None</p>
                <p>Delegated: None</p>
                <p>ClassificationNotes: None</p>
                <p>Language: Latin</p>
                <p>LanguageNotes: None</p>
                <p>TextNeeded: None</p>
                <p>NoKnownText: None</p>
                <p>Fragment: None</p>
                <p>Source: None</p>
                <p>SourceOther: None</p>
                <p>Edition: Gallia christiana novissima, Arles, cols 443-444, no. 1158</p>
                <p>EditionOther: Mansi 23, cols 795-798</p>
                <p>SourceNotes: None</p>
                <p>TranscriptionNotes: Reviewed </p>
                <p>BaseText: ['GoogleBooks', 'WebDownload']</p>
                <p>OCR: Yes</p>
                <p>Transcription: None</p>
                <p>GeneralNotes: None</p>
                <p>BiblioRefs: None</p>
            </div>
            <div>
                <head>Text</head>
                <div>
                    <head>All Text</head>
                    <p>﻿Concilium secundum dicti domini Johannis.</p>
                    <p>Нес sunt statuta per dominum J. Dei gratia sancte Arelatensis ecclesie archiepiscopum, apud Insulam, in provinciali capitulo facta et renovata, presentibus et consentientibus, et auctoritatem prestantibus venerabilibus in Christo patribus R. Cavallicen., B. Massilien., G. Carpentoraten., B. Tricastrino, R. Tholon. et P. Auraicen. episcopis, dominis Zoen [1] Avinion. et S. Vasyonent. episcopis, se canonice excusantibus, sed tamen aliis super hoc committentibus vices suas, presentibus etiam pro majori parte abbatibus, et prepositis, et prioribus conventualibus provincie Arelatensis, anno Domini Mo.CC.LI, die martis post festum Exaltationis Sancte Crucis.</p>
                    <p>Primum capitulum, de fide catholica frequenter predicanda, secundum quod in Arelatensi concilio olim noscitur constitutum.</p>
                    <p>Item, de inquisitione hereticorum, observetur quod statutum est in canonibus et statulis conciliorum ; et fiat dicta inquisitio a quolibet episcopo in sua dyocesi, et scripta olim facta requirantur a Predicatoribus et ab aliis qui ea habent, tarn auctoritate ordinaria quam auctoritate hujus consilii.</p>
                    <p>Insuper addentes quod bona hereticorum sub dominio et jurisdictione ecclesiarum existentium, a prelatis ipsarum ecclesiarum occupentur.</p>
                    <p>Si quis autem alius bona talium, sint mobilia vel immobilia, in prejudicium dictarum ecclesiarum vel prelatorum, per se vel per alium, invadere, occupare seu confiscare presumpserit, sit utique ex nunc, ipso facto, excommunicationis sententia innodatus, potestate absolvendi domino archiepiscopo et dyocesano loci, congrua satisfactione premissa, auctoritate presentis concilii, reservata.</p>
                    <p>Item, sententia excommunicationis cum debita admonitione et maturitate proferatur, et ab omnibus, tam privilegiatis quam aliis, inviolabiliter observetur; et contra contemptores excommunicationum servetur quod continetur in concilio Valentino; et si ulterius contempserint, puniantur peccuniaria pena contemptores, ut continetur in concilio Arelatensi, si hoc poterit per temporales dominos obtineri.</p>
                    <p>Item, de decimis statuimus quod exigantur et predicentur frequenter, secundum tenorem litterarum domini pape; et solvantur ecclesiis vel prelatis quibus de jure debentur.</p>
                    <p>Item, de testamentis faciendis in presentia rectoris ecclesie, vel parrochialis sacerdotis, servetur quod statutum est in dicto consilio Arelatensi, et consilio Tholosano.</p>
                    <p>Item, statuimus, quod canonica portio exigatur et solvatur secundum canonicas sanctiones.</p>
                    <p>Item, super excessibus privilegiatorum cohercendis, servetur constitutio domini Innocentii IIII que incipit Volentes.</p>
                    <p>Item, statuimus quod quicumque auctoritate vel temeritate propria ecclesias vel ecclesiasticas personas pignoraverit vel gadiaverit, seu bona eorum invaserit seu occupaverit violenter, nisi infra viii. dies super hoc satisfecerit, sit ex tunc ipso facto excommunicationis sententia innodatus, dyocesano tamen episcopo ab hac excommunicationis sententia absolvendi, auctoritate concilii, concedimus potestatem.</p>
                    <p>Item, de novis pedagiis et salinariis que per Arelatensem provinciam exiguntur, servetur quod in Avinion. et Arelaten. conciliis continetur.</p>
                    <p>Item, super confratriis, conjurationibus, conspirationibus, colligationibus, societatibus, vel quocumque nomine censeantur, vocentur pacta seu conventiones, servetur quod statutum est in concilio Valentino; hoc addentes quod, sicut ad enervandam censuram ecclesiasticam, vel ut contumaciter perdurent in excommunicatione, predicta pacta vel conventiones inire presumpserint contra jura ecclesiastica , sive ante excommunicationem sive post, dicta pacta, conventiones, vel etiam vota vel promissiones, prorsus [2] irrita habeantur et denuncientur, sicut in dicto concilio continetur.</p>
                    <p>Item, pro negotio Terre sancte, dicatur psalmus Deus venerant gentes, oratio Deas qui admirabili Providentia, sicut fieri consuevit.</p>
                    <p>Item, clamdestina conjugia fieri prohibemus, que si facta fuerint, procedatur contra contrahentes secundum canonicas sanctiones.</p>
                </div>
                <div>
                    <head>Footnotes</head>
                    <p>[1] MS. Joem, corr. marg. Zoen</p>
                    <p>[2] Ed. prorrsus</p>
                </div>
            </div>
        </body>
    </text>
</root>
