<?xml version="1.0" ?>
<root>
    <teiHeader>
        <fileDesc>
            <titleStmt>
                <title>Chateau-Gontier</title>
                <recordID>2002</recordID>
                <transcription/>
                <respStmt>
                    <resp/>
                    <name/>
                    <note>
                        <date/>
                        <problems/>
                    </note>
                </respStmt>
            </titleStmt>
            <sourceDesc>
                <baseText/>
                <textNeeded/>
                <noKnownText/>
                <fragment/>
                <ocrNote/>
                <msDesc/>
                <bibl/>
                <sourceNote/>
            </sourceDesc>
        </fileDesc>
        <profileDesc>
            <langUsage>Old French</langUsage>
            <languageNote/>
            <langUsage/>
            <creation>
                <year>1336</year>
                <origDate>1336</origDate>
                <dateNotes/>
                <origPlace>Château-Gontier</origPlace>
                <diocese>Tours</diocese>
                <province>Tours</province>
                <country>France</country>
                <geo/>
                <placeNotes/>
                <orgName/>
                <persName/>
                <altName/>
                <regnalYears/>
                <delegated/>
                <classNotes/>
            </creation>
            <textDesc>
                <domain>Provincial</domain>
            </textDesc>
            <genNotes/>
        </profileDesc>
    </teiHeader>
    <text>
        <body>
            <div>
                <head>Metadata</head>
                <p>RecordID: 2002</p>
                <p>Year_Sort: 1336</p>
                <p>Year: 1336</p>
                <p>Month: None</p>
                <p>Day: None</p>
                <p>Circa: None</p>
                <p>DatingNotes: None</p>
                <p>Place: Château-Gontier</p>
                <p>Diocese: Tours</p>
                <p>Province: Tours</p>
                <p>CountryModern: France</p>
                <p>Jurisdiction_ID: None</p>
                <p>Jurisdiction_ID2: None</p>
                <p>Jurisdiction_ID3: None</p>
                <p>Latitude: 47.8286</p>
                <p>Longitude: -0.7028</p>
                <p>PlaceNotes: None</p>
                <p>Classification: Provincial</p>
                <p>IssuingAuthority: None</p>
                <p>IssuingAuthorityAlt: None</p>
                <p>RegnalStart: None</p>
                <p>RegnalEnd: None</p>
                <p>Delegated: None</p>
                <p>ClassificationNotes: None</p>
                <p>Language: Old French</p>
                <p>LanguageNotes: None</p>
                <p>TextNeeded: None</p>
                <p>NoKnownText: None</p>
                <p>Fragment: None</p>
                <p>Source: None</p>
                <p>SourceOther: None</p>
                <p>Edition: Avril, Tours, 361-63</p>
                <p>EditionOther: None</p>
                <p>SourceNotes: None</p>
                <p>TranscriptionNotes: Reviewed </p>
                <p>BaseText: Hard Copy Scan</p>
                <p>OCR: Yes</p>
                <p>Transcription: None</p>
                <p>GeneralNotes: None</p>
                <p>BiblioRefs: None</p>
            </div>
            <div>
                <head>Text</head>
                <div>
                    <head>Incipit</head>
                    <p>Les concilies faits à Chasteaugontier par celebren Pere en Dieu l’archevesque de Tours et ses subgetz l’an mil troys cens (trente) et six.</p>
                </div>
                <div>
                    <head>Capitulum 1</head>
                    <p>(1) Par la vertu et auctorité desquels concilies tous ceulx et celles de quelque condicion et estât qu’ilz soyent qui par eulx ou par aultres en apert ou en cele par quelque manière que ce soit troublent ou empeschent la juridiction ou qui enfreignent les anciennes coutumes ou libertez de saincte eglise ou des personnes ecclesiastiques, en qui les personnes qui plaidoient ou vouldroient plaidoyer a la court de l’Eglise eulx prennent ou arrestent, font prendre ou arrester, ou leur font aulcuns molestés ou dommages, ou donnent aulcunes violences par eulx ou par aultres en quelque maniéré que ce soit, nous les dénoncions pour excommunies de l’auctorite desdicts concilies.</p>
                </div>
                <div>
                    <head>Capitulum 2</head>
                    <p>(2) Item, tous juges temporels et séculiers qui congnoissent et se efforcent de cognoistre et de declairer par la court seculiere d’aulcune sentence d’excommunie, sy elle a este bien ou mal donnée ou d’aulcunes aultres causes espirituelles, nous les denonçions pour excommunies de l’auctorite desdicts conciles.</p>
                </div>
                <div>
                    <head>Capitulum 3</head>
                    <p>(3) Item, tous ceulx ou celles qui exigent, prennent ou se efforcent prandre ou exiger passaiges, coustumes ou aultres peticions seculieres quelsconques biens, ou choses des clercs ou d’aultres personnes d’Eglise, qu’ils font mener par terre ou par eaue pour les faire vendre ou qu’ils auront fait achater pour leurs provisions et garnisons, non pas a cause d’aultre marchandise sont excommuniez de l’auctorité desdicts concilies.</p>
                </div>
                <div>
                    <head>Capitulum 4</head>
                    <p>(4) Item, tous ceulx et celles qu’ils procurent ou font aulcuns semondre ou traicter par privilèges ou personnes previlegies, hors de leur diocese ou, qu’ils font cesion de leurs causes previlegiees, pour cause de grever ou de travailler leurs adversaires, sont excommunies de l’auctorite desdicts concilies.</p>
                </div>
                <div>
                    <head>Capitulum 5</head>
                    <p>(5) Item, celui qui met malicieusement en son evesque ou en aultre religieuse personne, ou qui en son abbe, ou en son abbesse met les mains ou met le feu en leurs maisons malicieusement, est prive de tous les bénéfices qu’il tient, sans qu’il puisse jamais avoir bénéfice de l’Eglise, et s’il est lay, luy et tous ses enfans jusques a la tierce lignee ne peuvent avoir tonsure de clerc, ne aultre ordre, ne tenir nul bénéfice en la province.</p>
                </div>
                <div>
                    <head>Capitulum 6</head>
                    <p>(6) Item, tous justiciers séculiers, tant barons, chevaliers, baillifs, senechaulx, et que aultres personnes séculiers qu’ils preinent, invadent ou occupent, ou font prendre, par eulx ou par aultres ou par leur commandement indeuement, les églises ou lieux sainctz, les maisons, priores, presbitaires, possessions, ou aulcunes aultres choses apartenans à l’Eglise comme biens meubles, que les clercs ou aultres personnes de l’Eglise tiendront, comme leurs appropries biens, ou feroient en possession comme en prest, en depost, en louaige, ou aultrement nous les dénoncions pour excommuniez de l’auctorite desdicts concilies.</p>
                </div>
                <div>
                    <head>Capitulum 7</head>
                    <p>(7) Item, tous ceulx qui en occasion rancune ou despit au préjudice des clercs ou des personnes de l’Eglise preinent les hommes, ou les biens des hommes qu’ils tiennent de ladicte eglise, ou des personnes d’icelle eglise.</p>
                    <p>Et tous ceulx aussy qu’ils envoyent ou mectent mengeurs ou degasteurs es lieux et appartenances de la dicte eglise.</p>
                    <p>Iceulx nous dénoncions pour excommunies de l’auctorité desdicts concilies.</p>
                </div>
                <div>
                    <head>Capitulum 8</head>
                    <p>(8) Item, savoir faisons que en cas que aulcuns clercs, ou aulcunes personnes de l’Eglise par rancune ou occasion d’eulx, aulcuns de leurs biens contre leur volunte et en préjudice d’iceulx seroyent prins et emprisonnes par aulcune puissance ou justice seculiere, la terre du seigneur temporel ou est la juridiction et la dicte prinse ainssy faicte desdicts biens ou des personnes dessus dictes, et sy de celuy a qui est ledit territoire et juridiction, les personnes et les biens dessus dicts ou aulcuns d’eulx aront este menez en prison ou translates ou ils seroient détenus quant à eulx ou leurs baillifs, ou senechaulx, ou lieutenans, se ils peulent bonnement et seurement estre trouves ou appréhendes, ou aultrement en l’Eglise cathedralle aroyent este amonnestes de rendre lesdictes personnes de ladicte eglise et lesdicts biens dessusdicts à leurs ordinaires et de faire amender iceluy meffait sera des lors en interdiction les prochains huyt jours passes apres icelle admonition, se ils ne font suffisante amande sur ce dedans huyt jours apres ladicte admonition.</p>
                    <p>Et sera iceluy interdit publie et pronuncie, sans aultre congnoissance de cause.</p>
                </div>
                <div>
                    <head>Capitulum 9</head>
                    <p>(9) Item, tous ceulx et celles qui mettent malicieusement la main en aulcune personne ou font deffiance contre aucune personne en l’Eglise ou cymetiere ou qui font tumulte ou noise de quoy il en ysse scandalle par quoy l’office et service divin de saincte eglise se perturbe, nous les dénoncions pour excommunies de l’auctorite desdicts concilies.</p>
                </div>
                <div>
                    <head>Capitulum 10</head>
                    <p>(10) Item, tous ceulx et celles qui empeschent et destournent de faire aulcunes offrandes et oblations en églises ou en chapelles telles comme ils ont accoustume ou ont dévotion ou sont tenus faire ou qui les induisent ou conseillent par malice a faire les oblations aultrement ou ailleurs que ils n’ont à coustume ou que ils ne sont tenus ou aultrement ou s’efforcent à empescher ou oster la dévotion que ils ont à faire les dictes oblations quant il leur plaira, nous les dénoncions pour excommunies de l’auctorite desdicts concilies.</p>
                    <p>Et aussi tous ceulx et celles qui ad ce donneront conseil et ayde etc.</p>
                </div>
                <div>
                    <head>Footnotes</head>
                </div>
            </div>
        </body>
    </text>
</root>
