<?xml version="1.0" ?>
<root>
    <teiHeader>
        <fileDesc>
            <titleStmt>
                <title>Angers</title>
                <recordID>2022</recordID>
                <transcription/>
                <respStmt>
                    <resp/>
                    <name/>
                    <note>
                        <date/>
                        <problems/>
                    </note>
                </respStmt>
            </titleStmt>
            <sourceDesc>
                <baseText/>
                <textNeeded/>
                <noKnownText/>
                <fragment/>
                <ocrNote/>
                <msDesc/>
                <bibl/>
                <sourceNote/>
            </sourceDesc>
        </fileDesc>
        <profileDesc>
            <langUsage>Latin</langUsage>
            <languageNote/>
            <langUsage/>
            <creation>
                <year>1230</year>
                <origDate>1230</origDate>
                <dateNotes/>
                <origPlace>Angers</origPlace>
                <diocese>Angers</diocese>
                <province>Tours</province>
                <country>France</country>
                <geo/>
                <placeNotes/>
                <orgName/>
                <persName/>
                <altName/>
                <regnalYears/>
                <delegated/>
                <classNotes/>
            </creation>
            <textDesc>
                <domain>Diocesan</domain>
            </textDesc>
            <genNotes/>
        </profileDesc>
    </teiHeader>
    <text>
        <body>
            <div>
                <head>Metadata</head>
                <p>RecordID: 2022</p>
                <p>Year_Sort: 1230</p>
                <p>Year: 1230</p>
                <p>Month: None</p>
                <p>Day: None</p>
                <p>Circa: None</p>
                <p>DatingNotes: None</p>
                <p>Place: Angers</p>
                <p>Diocese: Angers</p>
                <p>Province: Tours</p>
                <p>CountryModern: France</p>
                <p>Jurisdiction_ID: D441</p>
                <p>Jurisdiction_ID2: None</p>
                <p>Jurisdiction_ID3: None</p>
                <p>Latitude: 47.473612</p>
                <p>Longitude: -0.554167</p>
                <p>PlaceNotes: None</p>
                <p>Classification: Diocesan</p>
                <p>IssuingAuthority: Guillaume de Beaumont</p>
                <p>IssuingAuthorityAlt: None</p>
                <p>RegnalStart: 1203</p>
                <p>RegnalEnd: 1240</p>
                <p>Delegated: None</p>
                <p>ClassificationNotes: None</p>
                <p>Language: Latin</p>
                <p>LanguageNotes: None</p>
                <p>TextNeeded: None</p>
                <p>NoKnownText: None</p>
                <p>Fragment: None</p>
                <p>Source: Paris, BnF lat 11030, f 25rv</p>
                <p>SourceOther: None</p>
                <p>Edition: Avril, Naissance et evolution, 211</p>
                <p>EditionOther: None</p>
                <p>SourceNotes: None</p>
                <p>TranscriptionNotes: Reviewed </p>
                <p>BaseText: Hard Copy Scan</p>
                <p>OCR: Yes</p>
                <p>Transcription: None</p>
                <p>GeneralNotes: None</p>
                <p>BiblioRefs: None</p>
            </div>
            <div>
                <head>Text</head>
                <div>
                    <head>Capitulum 1</head>
                    <p>(1) De plegiis accipiendis</p>
                    <p>De plegiis accipiendis competentibus secundum quanititatem pene que denunciabitur eis sibi providentes ne deffectum plegiorum supplere cogantur.</p>
                </div>
                <div>
                    <head>Capitulum 2</head>
                    <p>(2) Item cum aliquis excommunicatus fuerit diligenter inquirant, inquiratur et inquiri faciant qui communicet cum eo et illis de quibus contiterit quod communicent cum eo et illis de quibus constiterit quod communicent cum eo, ingressum ecclesie interdicant.</p>
                </div>
                <div>
                    <head>Capitulum 3</head>
                    <p>(3) Item si capellanus vel dirmarius super lapsu carnis de cetero fuerit diffamatus, mobilia omnia eius episcopo remanebunt nec, eo vivente, in episcopatu suo de cetero celebrabit.</p>
                </div>
                <div>
                    <head>Capitulum 4</head>
                    <p>(4) Item si persona firmarium vel cappelanum tenuerit diffamatum, penam quam videbimus expedire sustinebit.</p>
                </div>
                <div>
                    <head>Capitulum 5</head>
                    <p>(5) Item in uno testamento tres gagiari ad plus instituantur.</p>
                </div>
                <div>
                    <head>Capitulum 6</head>
                    <p>(6) Item quando quis fuerit excommunicatus, diebus dominicis fiat denunciatio et exponatur populo periculum de participatione cum excommunicatis.</p>
                </div>
                <div>
                    <head>Capitulum 7</head>
                    <p>(7) Item singulis mensibus semel ad minus, excommunicet omnes illos qui jura minuerunt episcopalia vel libertates infringent vel ad hoc auxilium prestiterint.</p>
                </div>
                <div>
                    <head>Capitulum 8</head>
                    <p>(8) Item presbyteri et persona qui sint sine stola in synodo in pane et aqua jejunent [1] uno die in feria, octo dies a tempore sentencie.</p>
                    <p>Qui vero sine stola et quaternon et superpellicio, tribus diebus jejunet;</p>
                    <p>qui vero sine impedimento remiserit, in feria quindenam a tempore senentie, in pane et aqua, quator diebus jejunet, scituri quod multo gravius puniantur si de cetero consilio contumacia fuerint deprehensi.</p>
                </div>
                <div>
                    <head>Footnotes</head>
                    <p>[1] jejunet ms.</p>
                </div>
            </div>
        </body>
    </text>
</root>
