<?xml version="1.0" ?>
<root>
    <teiHeader>
        <fileDesc>
            <titleStmt>
                <title>Palencia</title>
                <recordID>2037</recordID>
                <transcription/>
                <respStmt>
                    <resp/>
                    <name/>
                    <note>
                        <date/>
                        <problems/>
                    </note>
                </respStmt>
            </titleStmt>
            <sourceDesc>
                <baseText/>
                <textNeeded/>
                <noKnownText/>
                <fragment/>
                <ocrNote/>
                <msDesc/>
                <bibl/>
                <sourceNote/>
            </sourceDesc>
        </fileDesc>
        <profileDesc>
            <langUsage>Latin</langUsage>
            <languageNote/>
            <langUsage/>
            <creation>
                <year>1349</year>
                <origDate>1349-05-03</origDate>
                <dateNotes/>
                <origPlace>Palencia</origPlace>
                <diocese>Palencia</diocese>
                <province>Toledo</province>
                <country>Spain</country>
                <geo/>
                <placeNotes/>
                <orgName/>
                <persName/>
                <altName/>
                <regnalYears/>
                <delegated/>
                <classNotes/>
            </creation>
            <textDesc>
                <domain>Diocesan</domain>
            </textDesc>
            <genNotes/>
        </profileDesc>
    </teiHeader>
    <text>
        <body>
            <div>
                <head>Metadata</head>
                <p>RecordID: 2037</p>
                <p>Year_Sort: 1349</p>
                <p>Year: 1349</p>
                <p>Month: 5</p>
                <p>Day: 3</p>
                <p>Circa: None</p>
                <p>DatingNotes: None</p>
                <p>Place: Palencia</p>
                <p>Diocese: Palencia</p>
                <p>Province: Toledo</p>
                <p>CountryModern: Spain</p>
                <p>Jurisdiction_ID: D608</p>
                <p>Jurisdiction_ID2: None</p>
                <p>Jurisdiction_ID3: None</p>
                <p>Latitude: 42.016667</p>
                <p>Longitude: -4.533333</p>
                <p>PlaceNotes: None</p>
                <p>Classification: Diocesan</p>
                <p>IssuingAuthority: Blas Fernández de Toledo</p>
                <p>IssuingAuthorityAlt: None</p>
                <p>RegnalStart: None</p>
                <p>RegnalEnd: None</p>
                <p>Delegated: Yes</p>
                <p>ClassificationNotes: None</p>
                <p>Language: Latin</p>
                <p>LanguageNotes: With additions in Old Spanish</p>
                <p>TextNeeded: None</p>
                <p>NoKnownText: None</p>
                <p>Fragment: None</p>
                <p>Source: None</p>
                <p>SourceOther: None</p>
                <p>Edition: Synodicon Hispanum, VII, pp386-89</p>
                <p>EditionOther: San Martin, Sinodos diocesanos, 166-168</p>
                <p>SourceNotes: None</p>
                <p>TranscriptionNotes: Reviewed </p>
                <p>BaseText: ['Library Scan', 'Hard Copy Scan']</p>
                <p>OCR: Yes</p>
                <p>Transcription: None</p>
                <p>GeneralNotes: None</p>
                <p>BiblioRefs: None</p>
            </div>
            <div>
                <head>Text</head>
                <div>
                    <head>Capitulum A1</head>
                    <p>(A1) Protocolo notarial. [1]</p>
                    <p>En la çibdat de Palençia, domingo, tres dias de Mayo, anno Domini millesimo ccc.xlix., en la eglesia cathedral de Palençia, en la sinodo que celebro el onrado padre e sennor don Vasco, por la graçia de Dios e de la sancta eglesia de Roma obispo de Palençia, el dicho sennor obispo fizo publicar estas adiçiones e declaraçiones de las costituçiones de yuso escriptas.</p>
                </div>
                <div>
                    <head>Capitulum A2</head>
                    <p>(A2) De clericis non residentibus. [2]</p>
                    <p>Ad officium pertinet presidentis que rigorem continere uidentur, equitatis lenitudine moderari.</p>
                    <p>Idcirco, cum constitutio sinodalis per nos Blasium, Dei et apostolice Sedis gratia [3] episcopum Palentinum, edita, que incipit Ad dilatationem [4] sub titulo de clericis non residentibus, in eo quod obtinentes beneficia prestimonialia in ecclesiis nostre ciuitatis et diocesis priuat suis beneficiis, si se absentent ab ecclesiis in quibus eadem beneficia obtinent, per octo menses, uideatur aliquibus rigorosa, constitutionem predictam moderantes et ipsam reformantes, sacra sinodo approbante, statuimus ut dicta constitutio se ad prestimoniales portiones non extendat, cum de consuetudine in diocesi nostra diutius obseruata residentiam non requirant.</p>
                    <p>Monentes primo, secundo et tertio ac peremptorie omnes clericos nostre ciuitatis et diocesis, obtinentes dignitates, personatus, officia seu beneficia que personalem residentiam de iure requirunt, cuiuscumque condicionis seu status existant, quod personaliter resideant in eisdem.</p>
                    <p>Qui uero absentes sunt ab ipsis uel se in posterum marum, si per sex, non curata uero per octo menses, ab ecclesiis in quiabsentabunt, omni mora postposita redeant ad residendum in eis personaliter, ut tenentur.</p>
                    <p>Alioquin, obtinentes beneficia quibus cura inminet anibus beneficiati existunt, in futurum continue absentes fuerint, dummodo prestimonialia non existant, [5] sine nostra, uel illorum qui eis eam poterint impertiri, licentia speciali, ipso facto eisdem beneficiis sint priuati, nec per regressum ad ecclesias in quibus eadem beneficia obtinebant, quibus sic priuati extiterint, in eis aliquod ius acquirant, nisi eis alias canonice conferantur.</p>
                </div>
                <div>
                    <head>Capitulum A3</head>
                    <p>(A3) Escatocolo. [6]</p>
                    <p>Presentes fueron [7] a lo que dicho es los onrados varones don Domingo Ferrandez dean, don Gonçalo Royz maestrescuela, don Pedro de Prestines chantre, e don Pedro Ferrandez abbad de Fusiellos, e Martin Alfonso e Ferrando Diaz canonigos en la eglesia de Palençia, e Gil Martinez arcipreste de Poblaçion, e Alfonso Ferrandez arcipreste de Paredes de Nava, e Juan Sanchez de Saia notario de Palençia.</p>
                    <p>E yo Ruy Ferrandez, notario publico de Palençia por auctoridat del dicho sennor obispo, fuy presente a lo sobredicho con los sobredichos, e por mandado del dicho sennor obispo fiz scriuir esto que dicho es, e en testimonio de verdat pus aqui este mio signo.</p>
                </div>
                <div>
                    <head>Capitulum B1</head>
                    <p>(B1) De los que se absentan de sus benefiçios. [9]</p>
                    <p>Al offiçio de la mayoria pertenesçe atenprar las cosas que tienen en si algund rigor, con mansedunbre de egualdat.</p>
                    <p>Por ende, commo la costituçion signodal fecha e ordenada por nos don Vasco, por la graçia de Dios e de la santa iglesia de Roma obispo de Palençia, la qual comiença Ad dilatationem [10] so el titulo de clericis non residentibus, en quanto priva a los que tienen benefiçios prestimoniales en las iglesias de nuestra çibdat e obispado de Palençia, de sus benefigios, si se absentan por ocho meses de las iglesias en que ayen los benefiçios, e porque paresçe a [11] algunos ser rigorosa, e nos, atenprando la dicha costituçion e reformándola, e aprovandolo la santa signodo, establesçemos que la dicha costituçion non se estienda a las raçiones prestameras, porque de costunbre es en el nuestro obispado, de luengo tienpo aca aguardada, que las raçiones prestameras non requieren residençia.</p>
                    <p>Por ende, amonestamos primero e segundo e terçio perenptorio a todos los clerigos de la nuestra çibdat e obispado de Palençia, de qualquier condiçion o estado que sean, que de derecho ayen de fazer residençia personal en las iglesias do ayan benefiçios, que personalmente fagan residençia en los dichos benefiçios.</p>
                    <p>E los que son absentes dellos o se absentaren de aqui adelante, sin ninguna tardança vengan a ellas a fazer residençia personalmente, segund que son tenudos.</p>
                    <p>E en otra manera los que tovieren benefiçios que ayen cura de animas, si fueren absentes de aqui adelante por seis meses, e por ocho meses [12] los que non tovieren benefiçios con curas, si non fueren benefiçios prestameras, por ese mesmo fecho sean privados de los dichos benefiçios, e aunque despues vengan a las dichas iglesias en que tovieren los dichos benefiçios de que fueron privados commo dicho es, non ayan derecho en ellos, salvando ende si gelos dieren en otra manera segund derecho, faziendoles nuevamente colaçion dellos.</p>
                </div>
                <div>
                    <head>Footnotes</head>
                    <p>[1] Ed. &lt;Protocolo notarial&gt;. Text also said 'TEXTO LATINO' above this first section title.</p>
                    <p>[2] Ed. &lt;De clericis non residentibus&gt;.</p>
                    <p>[3] Ed. &lt;gratia&gt;.</p>
                    <p>[4] Ed. in quotes: 'Ad dilatationem'</p>
                    <p>[5] Ed. in parentheses: (dummodo prestimonialia non existant)</p>
                    <p>[6] Ed. &lt;Escatocolo&gt;.</p>
                    <p>[7] Ed. &lt;fueron&gt;.</p>
                    <p>[8] Ed. sig(signo)no.</p>
                    <p>[9] Deleted 'TEXTO CASTELLANO' above this subtitle.</p>
                    <p>[10] Ed. in quotes: 'Ad dilatationem'</p>
                    <p>[11] Ed. &lt;a&gt;.</p>
                    <p>[12] Ed. &lt;por ocho meses&gt;.</p>
                </div>
            </div>
        </body>
    </text>
</root>
