<?xml version="1.0" ?>
<root>
    <teiHeader>
        <fileDesc>
            <titleStmt>
                <title>Utrecht</title>
                <recordID>2148</recordID>
                <transcription/>
                <respStmt>
                    <resp/>
                    <name/>
                    <note>
                        <date/>
                        <problems/>
                    </note>
                </respStmt>
            </titleStmt>
            <sourceDesc>
                <baseText/>
                <textNeeded/>
                <noKnownText/>
                <fragment/>
                <ocrNote/>
                <msDesc/>
                <bibl/>
                <sourceNote/>
            </sourceDesc>
        </fileDesc>
        <profileDesc>
            <langUsage>Latin</langUsage>
            <languageNote/>
            <langUsage/>
            <creation>
                <year>1355</year>
                <origDate>1355-10-02</origDate>
                <dateNotes/>
                <origPlace>Utrecht</origPlace>
                <diocese>Utrecht</diocese>
                <province>Cologne</province>
                <country>Netherlands</country>
                <geo/>
                <placeNotes/>
                <orgName/>
                <persName/>
                <altName/>
                <regnalYears/>
                <delegated/>
                <classNotes/>
            </creation>
            <textDesc>
                <domain>Diocesan</domain>
            </textDesc>
            <genNotes/>
        </profileDesc>
    </teiHeader>
    <text>
        <body>
            <div>
                <head>Metadata</head>
                <p>RecordID: 2148</p>
                <p>Year_Sort: 1355</p>
                <p>Year: 1355</p>
                <p>Month: 10</p>
                <p>Day: 2</p>
                <p>Circa: None</p>
                <p>DatingNotes: None</p>
                <p>Place: Utrecht</p>
                <p>Diocese: Utrecht</p>
                <p>Province: Cologne</p>
                <p>CountryModern: Netherlands</p>
                <p>Jurisdiction_ID: D543</p>
                <p>Jurisdiction_ID2: None</p>
                <p>Jurisdiction_ID3: None</p>
                <p>Latitude: 52.083</p>
                <p>Longitude: 5.1</p>
                <p>PlaceNotes: None</p>
                <p>Classification: Diocesan</p>
                <p>IssuingAuthority: Jan van Arkel</p>
                <p>IssuingAuthorityAlt: None</p>
                <p>RegnalStart: None</p>
                <p>RegnalEnd: None</p>
                <p>Delegated: None</p>
                <p>ClassificationNotes: None</p>
                <p>Language: Latin</p>
                <p>LanguageNotes: None</p>
                <p>TextNeeded: None</p>
                <p>NoKnownText: None</p>
                <p>Fragment: None</p>
                <p>Source: None</p>
                <p>SourceOther: None</p>
                <p>Edition: Joosting, Bronnen, V, 140-41</p>
                <p>EditionOther: None</p>
                <p>SourceNotes: None</p>
                <p>TranscriptionNotes: Reviewed </p>
                <p>BaseText: Data Capture</p>
                <p>OCR: None</p>
                <p>Transcription: None</p>
                <p>GeneralNotes: None</p>
                <p>BiblioRefs: None</p>
            </div>
            <div>
                <head>Text</head>
                <div>
                    <head>Incipit</head>
                    <p>Epistola sexta decima.</p>
                    <p>Johannes Dei gracia, etcetera.</p>
                </div>
                <div>
                    <head>Capitulum 1</head>
                    <p>(1) Cum nos alias, etcetera.</p>
                    <p>Quere N.</p>
                </div>
                <div>
                    <head>Capitulum 2</head>
                    <p>(2) Eadem auctoritate omnes et singulos abbates.</p>
                    <p>Quere B.</p>
                </div>
                <div>
                    <head>Capitulum 3</head>
                    <p>(3) Preterea omnibus et singulis ecclesiarum curatis civitatis et dyocesis, quatinus constituta canonum et presertim consilii generalis necnon statuta provincialia et predecessorum nostrorum episcoporum Traiectensium et nostra synodalia firmiter observent necnon constituta domini Clementis pape quinti in consilio Viennensi edita, cuius tenor sequitur in hec verba:</p>
                    <p>Eos, qui proprie temeritatis audacia defunctorum corpora, non sine contemptu clavium ecclesie, in cimiteriis interdicti tempore in casibus non concessis a jure, vel excommunicatos publice, aut nominatim interdictos, vel usurarios manifestos, scienter sepelire presumunt, decernimus ipso facto excommunicacionis sentencie subjacere; a qua nullatenus absolvantur, nisi prius ad arbitrium dyocesani episcopi eis, quibus per premissa fuerit injuria irrogata, satisfactionem exhibuerint competentem; nullo eis circa premissa exempcionis vel quovis alio privilegio, sub quacunque forma verborum concesso, aliqualiter suffragante.</p>
                    <p>in ecclesiis suis, cum maior multitudo populi affuerit et quantum primum poterit, solemniter publicari procurent.</p>
                </div>
                <div>
                    <head>Explicit</head>
                    <p>Datum anno Domini MCCCLVo., secunda die mensis Octobris.</p>
                </div>
                <div>
                    <head>Footnotes</head>
                </div>
            </div>
        </body>
    </text>
</root>
