<?xml version="1.0" ?>
<root>
    <teiHeader>
        <fileDesc>
            <titleStmt>
                <title>Ivrea</title>
                <recordID>2201</recordID>
                <transcription/>
                <respStmt>
                    <resp/>
                    <name/>
                    <note>
                        <date/>
                        <problems/>
                    </note>
                </respStmt>
            </titleStmt>
            <sourceDesc>
                <baseText/>
                <textNeeded/>
                <noKnownText/>
                <fragment/>
                <ocrNote/>
                <msDesc/>
                <bibl/>
                <sourceNote/>
            </sourceDesc>
        </fileDesc>
        <profileDesc>
            <langUsage>Latin</langUsage>
            <languageNote/>
            <langUsage/>
            <creation>
                <year>1324</year>
                <origDate>1324-03</origDate>
                <dateNotes/>
                <origPlace>Ivrea</origPlace>
                <diocese>Ivrea</diocese>
                <province>Milan</province>
                <country>Italy</country>
                <geo/>
                <placeNotes/>
                <orgName/>
                <persName/>
                <altName/>
                <regnalYears/>
                <delegated/>
                <classNotes/>
            </creation>
            <textDesc>
                <domain>Diocesan</domain>
            </textDesc>
            <genNotes/>
        </profileDesc>
    </teiHeader>
    <text>
        <body>
            <div>
                <head>Metadata</head>
                <p>RecordID: 2201</p>
                <p>Year_Sort: 1324</p>
                <p>Year: 1324</p>
                <p>Month: 3</p>
                <p>Day: None</p>
                <p>Circa: None</p>
                <p>DatingNotes: None</p>
                <p>Place: Ivrea</p>
                <p>Diocese: Ivrea</p>
                <p>Province: Milan</p>
                <p>CountryModern: Italy</p>
                <p>Jurisdiction_ID: D116</p>
                <p>Jurisdiction_ID2: None</p>
                <p>Jurisdiction_ID3: None</p>
                <p>Latitude: 45.466667</p>
                <p>Longitude: 7.883333</p>
                <p>PlaceNotes: None</p>
                <p>Classification: Diocesan</p>
                <p>IssuingAuthority: Uberto di Santo Stefano</p>
                <p>IssuingAuthorityAlt: None</p>
                <p>RegnalStart: 1321</p>
                <p>RegnalEnd: 1326</p>
                <p>Delegated: None</p>
                <p>ClassificationNotes: None</p>
                <p>Language: Latin</p>
                <p>LanguageNotes: None</p>
                <p>TextNeeded: None</p>
                <p>NoKnownText: None</p>
                <p>Fragment: None</p>
                <p>Source: ASDI, x/6, HM. 3240302</p>
                <p>SourceOther: None</p>
                <p>Edition: Alfonsi, RIcerche sulle costituzioni sinodali del vescovado di Ivrea (secoli XI-XV), tesi di laurea, Universita' di Torino, Facolta' di Giurisprudenza, 1982 (item 2, pp. 125-132)</p>
                <p>EditionOther: Vignono, Visite pastorali, xxix (partial)</p>
                <p>SourceNotes: parchment badly damaged and eaten by mice; copied by notary Guale da Flore sometime before 1337; combined with 1290 synodal statutes</p>
                <p>TranscriptionNotes: Reviewed </p>
                <p>BaseText: ['Library Scan', 'Other']</p>
                <p>OCR: Yes</p>
                <p>Transcription: None</p>
                <p>GeneralNotes: None</p>
                <p>BiblioRefs: None</p>
            </div>
            <div>
                <head>Text</head>
                <div>
                    <head>Incipit</head>
                    <p>In nomine Sancte individue Trinitatis Patris et Filii et Spiritus Sancti amen.</p>
                    <p>Hec sunt constitutiones sinodales edite per reverendum in Christo patrem dominum Ubertum Dei gratia episcopus iporiensis.</p>
                    <p>In conspectu regis eterni placidos, et in ecclesiis hominum gratiossos, id per grande id quasi precipuum fore dignoscultur ut circa commissi sibi gregis reformationem solempniter intendant et hac si quidem nos frater Ubertus apostolice sedis [1] gratia episcopus iporiensis et comes, considerationis ratione commoti, infrascriptas constitutiones et ordinationes et statuta, ad honorem Omnipotentis Dei et Beate Marie Virginis salutifferorum et reformationes intendant.</p>
                </div>
                <div>
                    <head>Capitulum 1</head>
                    <p>(1) Eucharestiam corporis Domini debita reverentia a sacerdotibus exhibeatur [2] et populi devotis augeatur; statuimus, volumus et mandamus cum consacratum corporis dominicum contingerit ad infirmum deferri illud in vasse mundo decenti [3] vellamine supposito, et clerico seu scolari cota inducta, cum campanella et lumine precedenti defferatur; contrarium vero facentes nostro arbitrio puniantur et dampnanda teneritas illorum qui mulieribus et aliis qui pro maleficiis [4] exercendis exhibere et vandere non formidant, penitus compescatur, hac constitutione firmiter prohibemus ne quis consecratas hostias vel crisma seu oleum benedictum pro aliquibus venefitiis exercendis tradat; contrafacientes ex nunc prout ex tunc, presentis constitutionis auctoritate, sententiam excommunicationis incurrant; et ne temeraria manus ad ea possit estendi sacerdos quilibet sub fideli costodia clavibus adibitis ea servet... dentur pro prohibitione facti crismatis que fit vilibus personis multa et enormia intervenere delicta, ad evitandum talia et tanta pericula, statuimus et ordinamus quod sanctum crisma non detur nisi sacerdotibus... teneantur expansis titullanorum suorum mittere pro dicto sacro crismate capiendo et defferendo, tantummodo presbiteros aut clericos in sacris ordinibus constitutos qui plebani, post monitionem titullanis suis exhibitis... clericis fide dignis in sacris ordinibus constitutis tantummodo et non aliis impenendo.</p>
                    <p>Contrarium [5] vero facientes ab officio per mensem se noverint esse suspensos.</p>
                </div>
                <div>
                    <head>Capitulum 2</head>
                    <p>(2) Item presenti constitutione decrevimus quod quilibet clericos civitatis et diocesis existat, ad sinodum vocatum personaliter accedere teneatur, nisi fuerit in infirmitate vel alio iusto impedimento detentus et tunc per litteras vel nunc infirmitatem vel impedimentum huiusmodi denuntiare procuret; qui contrarium faciat sit suspensus per mensem.</p>
                </div>
                <div>
                    <head>Capitulum 3</head>
                    <p>(3) Clamdestina matrimonia penitus inhibemus prohibere expresse; nequisse sacerdos talibus interesse presumat statuimus ut; cum matrimonia fuerint contraenda in ecclesiis [6], presbiteri publice proponant competenti termino preffinito ut infra illum qui voluerit opponere legitimum impedimentum opponat et etiam ipsi presbiteri nichilominus investigant utrum aliquod impedimentum obsistat.</p>
                    <p>Cum autem probabilis apparuerit coniectura contra copulam contrahendam, contractus impediatur expresse donec qui fieri debeat super eo manifestis constituerit [7] documentis; si autem in computatus graduum aliqua dubitatio emerserit, in hoc deffinitum equum requiratur, nec sacerdos quisquam audeat in casu dubio perficere matrimonium episcopo inconsulto, sed ad ipsum reservat quibus emerxerint questiones super matrimoniis; semper prohibeant sacerdotes [8] in initiis nuptiis sortilegia; et hec nostra constitutio per sacerdotes sepe populo exponatur.</p>
                </div>
                <div>
                    <head>Capitulum 4</head>
                    <p>(4) Si quis autem ad impediendam legitimam copulam malitiose obiecerit impedimentum;</p>
                </div>
                <div>
                    <head>Capitulum 5</head>
                    <p>(5) et qui matrimonia nisi in face ecclesie contraxerit sit ipso facto excommunicatus [9].</p>
                    <p>Mandamus, constituimus et ordinamus quod quilibet sacerdos in nostra diocesi constitutus, ab odierna die in antea, singulis diebus dominicis teneatur et debeat predictam constitutionem factam super matrimoniis contraendis in ecclesia publicare...</p>
                </div>
                <div>
                    <head>Capitulum 6</head>
                    <p>(6) octavam Pentecostes prohibeatur: et a festo Sancti Stephani proximo usque ad diem post diem cinerum proximum subsequentem et sub pena excommunicationis.</p>
                </div>
                <div>
                    <head>Capitulum 7</head>
                    <p>(7) Item volentes nostris et nostrorum officialium delegatorum... prevalere quia multi litigantes in nostra curia sepe et sepius falsitates committunt et notarios sive tabeliones, extra officiales nostros ad scribenda acta iudiciaria [10] deputatos, aducunt publice... agentur [11] vel agi debent per nostros officiales extranei conficiant instrumenta contraria veritati propter quas causas nobis et partibus nostris maxima gravamina inferuntur.</p>
                </div>
                <div>
                    <head>Capitulum 8</head>
                    <p>(8) Cum ad officium iudicis ordinarii vel dellegati... non ad partes, monemus publice pro primo secundo et tercio et peremptorie in nostro consistorio, omnes et singulos litigantes vel litigare volentes, in curia nostra quod a predictis se debeant abstinere et nullum... que agentur fient coram nobis in posterum seu in curia nostra propter officiales nostros ad hoc officium deputatos, aliquis alius actus aliquos vel aliqua cuiuscumque generis instrumenti conficere debeant vel confici facere... notarios publicos vel privatos ne de hiis que agentur coram nobis vel officialibus vel delegatis nostris, proprio motu vel ad istantiam alicuius seu aliquorum, debeat conficere cuiuscumque generis instrumenta vel iudicii acta nisi de nostra... notarium curie nostre scriptam.</p>
                </div>
                <div>
                    <head>Capitulum 9</head>
                    <p>(9) Cum multoties audivimus in nostro foro et alibi quosdam utentes quibusdem instrumentis dicentes se per nos in clericos designatos vel alios ordinatos, quos numquam... se dicentes absolutos ab excommunicationibus et irregularitatibus, absolutionum et dispensationum ostendentes minus veraciter instrumenta; cum numquam eos absolverimus vel dispensaverimus cum eisdem; propterea... si qui contrarium fecerint ducendo notarios extraneos extra officiales nostros de aliquibus actis, sive sint appellationes, sive sententie, sive denuntiationes, sive alii actus vel contractus, in ipsum sive in ipsos qui duxerint... vel in illos qui scripserint, vel dicaverint vel auxilium seu consilium prestaverint, in predictis excommunicationis sententia proferimus in hiis scriptis.</p>
                    <p>Alia nichilominus pena mulcendos prout nobis et officialibus nostris... appellationes protestationes, denuntiationes, sententie seu processus, quocumque nomine censeantur, iudiciales vel extraiudiciales, cassamus [12] et irritamus et suspecta et falsa esse pronuntiamus et... fore decernimus firmiter... excommunicationis sententiam... et omnia suprascripta in aliquis vel aliqua pro ignorantiam se valeant excusare, publice promulgamus et de predictis pro quemlibet officialem nostrum instrumentum confici volumus et mandamus.</p>
                    <p>Et ut... negotia comprehendit, si de hiis in alio iudicio contingerit, deseptari.</p>
                </div>
                <div>
                    <head>Capitulum 10</head>
                    <p>(10) Item ordinatum est per clerum civitatis et diocesis iporiensis ut omnis prelatus, plebanus, sacerdos et minister seu rector perrochialium ecclesiarum in nativitate Domini et in Pascha, Pentecostes, faciat monitionem generalem in ecclesia sua, coram populo suo, et eos moneat ut unusquisque eorum de omnibus fructibus possessionum et terrarum suarum decimas et primitias offerant [13] secundum ius et bonam consuetudinem Ecclesie et diocesis iporiensis.</p>
                    <p>Alii contra facientes vel qui non obtemperaverint predictis, postquam ab eo petita fuerint decima vel primitia, si infra terciam diem post petitionem numquam obtemperaverint, presentis constitutionis autoritate sancimus [14] excommunicationis vinculo innodari.</p>
                </div>
                <div>
                    <head>Explicit</head>
                    <p>Ita quod eas persona, que reperta fuerit culpabilis in premissis, nominatim extra Ecclesiam teneatur et ab omnibus tamdiu evitetur donec rubore confussa plenarie satisfecerit... voluntariis quas omnes faciunt altari, vel in manu sacerdotis quatenus moneantur parrochiani a suo prelato seu sacerdotes, ut saltem in maioribus solemnitatibus anni et in diebus dominicis... ipsorum parrochianorum aliquid dicte Ecclesie conferatur, iuxta verbum illud non apparebit vacuus in conspectu meo, quod si non ab aliquibus vel ab aliqua persona contrarium factum fuerit, prelatus seu sacerdos parrochianorum ipsorum... in predictis fuerit satisfactum.</p>
                    <p>Ita tamen quod talis delegatio vel suspensio sacramentorum prius fieri non possit nisi de consilio et licentia habita et obtenta a venerabili patre domino suo episcopo seu eius vicario.</p>
                    <p>Qui secundum... constitutiones per me, notarium infrascriptum, in predicta sinodo de mandato dicti domini episcopi, anno Domini Millesimo [15] CCCXXIIII., indictione .VII., die secundo mensis martii.</p>
                </div>
                <div>
                    <head>Footnotes</head>
                    <p>[1] From hac si quidem in parentheses</p>
                    <p>[2] Ed. axhibeatur</p>
                    <p>[3] Ed. in parentheses: (illud in vasse mundo decenti)</p>
                    <p>[4] (mulieribus et aliis qui pro maleficiis)</p>
                    <p>[5] Ed. contrarim</p>
                    <p>[6] Ed. eclesiis</p>
                    <p>[7] From contractus in parentheses</p>
                    <p>[6] From emerxerint in parentheses</p>
                    <p>[9] From matrimonia in parentheses</p>
                    <p>[10] Ed. indiciaria</p>
                    <p>[11] Ed. agentut</p>
                    <p>[12] Ed. caussamus</p>
                    <p>[13] pri(mitias offerant)</p>
                    <p>[14] From petitionem in parentheses</p>
                    <p>[15] Ed. Millio.</p>
                </div>
            </div>
        </body>
    </text>
</root>
