{"TextNeeded": null, "SourceNotes": null, "Transcription": "Reviewed ", "PlaceNotes": null, "Source": null, "Latitude": "51.275", "NoKnownText": null, "Circa": null, "Province": "Canterbury", "RegnalEnd": null, "Fragment": null, "GeneralNotes": "Constitution about the stipends of priests", "ClassificationNotes": null, "TranscriptionNotes": null, "Delegated": null, "Day": null, "DatingNotes": null, "BiblioRefs": null, "Language": "Latin", "LanguageNotes": null, "CountryModern": "England", "SourceOther": null, "OCR": null, "Longitude": "1.087", "Place": "Canterbury", "IssuingAuthorityAlt": null, "EditionOther": null, "Classification": "Provincial", "Diocese": "Canterbury", "RecordID": "1435", "Month": null, "Edition": "Records of Convocation, vol. 3: Canterbury, pp295-96", "BaseText": ["Library Scan", "Hard Copy Scan"], "IssuingAuthority": "Simon Islip", "Year": "1362", "RegnalStart": null}