{"TextNeeded": null, "SourceNotes": "[MF 2267] [R 62981] [downloaded from BnF]", "Transcription": "Completed", "PlaceNotes": null, "Source": "Paris BnF lat 1613, fols 53-56", "Latitude": "43.21306", "NoKnownText": null, "Circa": "Yes", "Province": "Narbonne", "RegnalEnd": "1322", "Fragment": null, "GeneralNotes": null, "ClassificationNotes": null, "TranscriptionNotes": null, "Delegated": null, "Day": null, "DatingNotes": "1300x1322", "BiblioRefs": null, "Language": "Latin", "LanguageNotes": null, "CountryModern": "France", "SourceOther": "BAV Vat Lat 9868, f. 270rv (partial)", "OCR": null, "Longitude": "2.352028", "Place": "Carcassonne", "IssuingAuthorityAlt": null, "EditionOther": null, "Classification": "Diocesan", "Diocese": "Carcassonne", "RecordID": "726", "Month": null, "Edition": null, "BaseText": "Digital MS", "IssuingAuthority": "Pierre de Rochefor", "Year": "1310", "RegnalStart": "1300"}