{"TextNeeded": null, "SourceNotes": null, "Transcription": "Reviewed ", "PlaceNotes": ["diocese also known as \"The Isles'; see Cheney, Manx Synodal Statutes, pt 1", "actually a Possession of the Crown; not part of either England, Scotland or the UK"], "Source": null, "Latitude": "54.221", "NoKnownText": null, "Circa": null, "Province": "[Holy See]", "RegnalEnd": null, "Fragment": null, "GeneralNotes": "additions to earlier constitutions", "ClassificationNotes": null, "TranscriptionNotes": null, "Delegated": null, "Day": "23", "DatingNotes": "dated 1350 in Wilkins", "BiblioRefs": "see Cheney, Manx Synodal Statutes, pt 1", "Language": "Latin", "LanguageNotes": null, "CountryModern": "[Scotland]", "SourceOther": null, "OCR": null, "Longitude": "-4.691", "Place": "Peel", "IssuingAuthorityAlt": null, "EditionOther": "Wilkins, III, 10-12; Cheney, \"Manx Synodal Statutes\", vii 86-89", "Classification": "Diocesan", "Diocese": "Sodor", "RecordID": "547", "Month": "2", "Edition": "Records of Convocation, vol. 1: Sodor and Man, 53-59", "BaseText": ["Library Scan", "Hard Copy Scan"], "IssuingAuthority": "William Russell", "Year": "1351", "RegnalStart": null}