{"TextNeeded": null, "SourceNotes": "http://gallica.bnf.fr/ark:/12148/btv1b8427238x", "Transcription": "Completed", "PlaceNotes": null, "Source": "Paris, BnF lat. 1590, fols. 45v-46v", "Latitude": "44.837912", "NoKnownText": null, "Circa": null, "Province": "Bordeaux", "RegnalEnd": null, "Fragment": null, "GeneralNotes": null, "ClassificationNotes": null, "TranscriptionNotes": null, "Delegated": null, "Day": "23", "DatingNotes": null, "BiblioRefs": null, "Language": "Latin", "LanguageNotes": null, "CountryModern": "France", "SourceOther": null, "OCR": null, "Longitude": "-0.579541", "Place": "Bordeaux", "IssuingAuthorityAlt": null, "EditionOther": null, "Classification": "Diocesan", "Diocese": "Bordeaux", "RecordID": "999", "Month": "10", "Edition": null, "BaseText": "Digital MS", "IssuingAuthority": null, "Year": "1358", "RegnalStart": null}