{"TextNeeded": null, "SourceNotes": "Survive in numerous MSS, two of them 13th-c", "Transcription": "Reviewed ", "PlaceNotes": null, "Source": null, "Latitude": "51.4102", "NoKnownText": null, "Circa": "Yes", "Province": "Canterbury", "RegnalEnd": "1269", "Fragment": null, "GeneralNotes": null, "ClassificationNotes": "Appears to be a general statute, but not issued in council or synod; may have been drafted to be approved in a great council or parliament", "TranscriptionNotes": null, "Delegated": null, "Day": null, "DatingNotes": ["1249x1269, probably 1257x1262", "Mansi mistakenly dates it to 1300 (ca) and Wilkins to 1305"], "BiblioRefs": "Cheney, English Synodalia, 97-109", "Language": "Latin", "LanguageNotes": null, "CountryModern": "England", "SourceOther": null, "OCR": null, "Longitude": "-0.2024", "Place": "Merton", "IssuingAuthorityAlt": null, "EditionOther": "Wilkins II, 278-28; Mansi 25, col 5-12 & 13-16 (additiones)", "Classification": "Provincial", "Diocese": null, "RecordID": "1520", "Month": null, "Edition": "Powicke & Cheney II, 795-97", "BaseText": "Data Capture", "IssuingAuthority": "Boniface of Savoy", "Year": "1260", "RegnalStart": "1249"}