{"TextNeeded": null, "SourceNotes": null, "Transcription": "Reviewed ", "PlaceNotes": null, "Source": null, "Latitude": "42.605556", "NoKnownText": null, "Circa": "Yes", "Province": "Santiago", "RegnalEnd": "1289", "Fragment": null, "GeneralNotes": null, "ClassificationNotes": null, "TranscriptionNotes": null, "Delegated": null, "Day": "27", "DatingNotes": "or 27 Oct 1262", "BiblioRefs": null, "Language": "Old Spanish", "LanguageNotes": "Rubrics in Latin", "CountryModern": "Spain", "SourceOther": null, "OCR": "Yes", "Longitude": "-5.57", "Place": "Le\u00f3n", "IssuingAuthorityAlt": null, "EditionOther": null, "Classification": "Diocesan", "Diocese": "Le\u00f3n", "RecordID": "612", "Month": "5", "Edition": "Synodicon Hispanum, III, pp232-253", "BaseText": ["Library Scan", "Hard Copy Scan"], "IssuingAuthority": "Martin Fern\u00e1ndez", "Year": "1267", "RegnalStart": "1254"}