{"TextNeeded": null, "SourceNotes": ["Survive in 1509 compilation", "digital version downloaded: http://www.tablettes-rennaises.fr/themes/rennes/static/flipbook/index.html?userid=0&docid=34287&language=fra ; "], "Transcription": "Reviewed ", "PlaceNotes": null, "Source": null, "Latitude": "48.550833", "NoKnownText": null, "Circa": "Yes", "Province": "Tours", "RegnalEnd": null, "Fragment": null, "GeneralNotes": null, "ClassificationNotes": null, "TranscriptionNotes": null, "Delegated": null, "Day": null, "DatingNotes": "1444x1456", "BiblioRefs": null, "Language": "Latin", "LanguageNotes": null, "CountryModern": "France", "SourceOther": null, "OCR": null, "Longitude": "-1.755833", "Place": "Dol-de-Bretagne", "IssuingAuthorityAlt": null, "EditionOther": null, "Classification": "Diocesan", "Diocese": "Dol", "RecordID": "1055", "Month": null, "Edition": "Statuts synodaux du dioc\u00e8se de Dol, revus et publi\u00e9s par Mathurin de Pledran, \u00e9v\u00eaque de Dol. Nannetensis: per Guillermum Tourquetil, 1509, \u00a789-93", "BaseText": "Digital MS", "IssuingAuthority": "Raoul de la Moussaie", "Year": "1450", "RegnalStart": null}