{"TextNeeded": null, "SourceNotes": null, "Transcription": "Reviewed ", "PlaceNotes": null, "Source": null, "Latitude": "53.23272", "NoKnownText": null, "Circa": "Yes", "Province": "York", "RegnalEnd": null, "Fragment": null, "GeneralNotes": null, "ClassificationNotes": "Mandate to Archdeacons", "TranscriptionNotes": null, "Delegated": null, "Day": null, "DatingNotes": "1235/36", "BiblioRefs": null, "Language": "Latin", "LanguageNotes": null, "CountryModern": "England", "SourceOther": null, "OCR": null, "Longitude": "-0.537661", "Place": "Lincoln", "IssuingAuthorityAlt": null, "EditionOther": null, "Classification": "Other", "Diocese": "Lincoln", "RecordID": "1490", "Month": null, "Edition": "Powicke & Cheney I, 201-203", "BaseText": "Data Capture", "IssuingAuthority": "Robert Grosseteste", "Year": "1235", "RegnalStart": null}