{"TextNeeded": null, "SourceNotes": null, "Transcription": "Reviewed ", "PlaceNotes": null, "Source": null, "Latitude": "44.3514", "NoKnownText": null, "Circa": null, "Province": "Embrun", "RegnalEnd": "1262", "Fragment": null, "GeneralNotes": null, "ClassificationNotes": null, "TranscriptionNotes": null, "Delegated": null, "Day": "26", "DatingNotes": "misdated to 1267 in all editions; see Kay, \"Hostiensis and some provincial councils of Embrun,\"", "BiblioRefs": "Kay, \"Hostiensis and some provincial councils of Embrun,\"", "Language": "Latin", "LanguageNotes": null, "CountryModern": "France", "SourceOther": null, "OCR": null, "Longitude": "6.3569", "Place": "Seyne", "IssuingAuthorityAlt": "Hostiensis", "EditionOther": "Mansi 23, 1179-1182", "Classification": "Provincial", "Diocese": "Embrun", "RecordID": "1654", "Month": "10", "Edition": "Martene, Thes, IV, col. 185-88", "BaseText": ["GoogleBooks", "Data Capture"], "IssuingAuthority": "Henry of Susa", "Year": "1260", "RegnalStart": "1250"}