{"TextNeeded": null, "SourceNotes": "http://books.google.com/books?id=mstTAAAAYAAJ", "Transcription": "Completed", "PlaceNotes": null, "Source": null, "Latitude": "43.525", "NoKnownText": null, "Circa": null, "Province": "Auch", "RegnalEnd": null, "Fragment": null, "GeneralNotes": "Largely identical to Nogaro 1303; only long decree relating to simony is novel", "ClassificationNotes": null, "TranscriptionNotes": null, "Delegated": null, "Day": null, "DatingNotes": null, "BiblioRefs": null, "Language": "Latin", "LanguageNotes": null, "CountryModern": "France", "SourceOther": null, "OCR": "Yes", "Longitude": "0.1625", "Place": "Marciac", "IssuingAuthorityAlt": null, "EditionOther": "Mansi 25, 775-798", "Classification": "Provincial", "Diocese": "Auch", "RecordID": "272", "Month": null, "Edition": "Duffour, Livre Rouge, pp8-39", "BaseText": ["GoogleBooks", "WebDownload"], "IssuingAuthority": "Guillaume de Flavacourt", "Year": "1326", "RegnalStart": null}