{"TextNeeded": null, "SourceNotes": null, "Transcription": "Reviewed ", "PlaceNotes": null, "Source": null, "Latitude": "44.833333", "NoKnownText": null, "Circa": null, "Province": "Ravenna", "RegnalEnd": "1349", "Fragment": null, "GeneralNotes": ["these are earliest surviving statutes for Ferrara, though we know from prologue that earlier ones were promulgated", "MS contains later additions (see Balboni, Sinodi diocesani)"], "ClassificationNotes": null, "TranscriptionNotes": null, "Delegated": null, "Day": null, "DatingNotes": null, "BiblioRefs": "Balboni, Sinodi diocesani di Ferrara", "Language": "Latin", "LanguageNotes": null, "CountryModern": "Italy", "SourceOther": null, "OCR": null, "Longitude": "11.616667", "Place": "Ferrara", "IssuingAuthorityAlt": null, "EditionOther": null, "Classification": "Diocesan", "Diocese": "Ferrara", "RecordID": "346", "Month": null, "Edition": "Mansi 25, col 901-934", "BaseText": ["GoogleBooks", "Data Capture"], "IssuingAuthority": "Guido de Baisio", "Year": "1332", "RegnalStart": "1332"}