{"TextNeeded": null, "SourceNotes": "https://books.google.com/books?id=L9U-AAAAcAAJ", "Transcription": "Completed", "PlaceNotes": null, "Source": null, "Latitude": "49.26278", "NoKnownText": null, "Circa": null, "Province": "Reims", "RegnalEnd": null, "Fragment": null, "GeneralNotes": null, "ClassificationNotes": null, "TranscriptionNotes": null, "Delegated": null, "Day": "13", "DatingNotes": "Gousset gives 13 August male", "BiblioRefs": null, "Language": "Latin", "LanguageNotes": null, "CountryModern": "France", "SourceOther": null, "OCR": "Yes", "Longitude": "4.03472", "Place": "Reims", "IssuingAuthorityAlt": null, "EditionOther": null, "Classification": "Diocesan", "Diocese": "Reims", "RecordID": "223", "Month": "4", "Edition": "Gousset, APER II, 584-586 ", "BaseText": "WebDownload", "IssuingAuthority": null, "Year": "1344", "RegnalStart": null}