{"TextNeeded": null, "SourceNotes": null, "Transcription": "Reviewed ", "PlaceNotes": "now Bressanone", "Source": null, "Latitude": "46.716667", "NoKnownText": null, "Circa": "Yes", "Province": "Salzburg", "RegnalEnd": null, "Fragment": null, "GeneralNotes": "survives in 1 MS (see Johanek, Synodalia, III, Anhang I)", "ClassificationNotes": null, "TranscriptionNotes": null, "Delegated": null, "Day": null, "DatingNotes": "dating not certain; Johanek dates it to 1287, while Hauck dates it 1275-1280; dated 1274 in Mansi", "BiblioRefs": null, "Language": "Latin", "LanguageNotes": null, "CountryModern": "Italy", "SourceOther": null, "OCR": null, "Longitude": "11.65", "Place": "Brixen", "IssuingAuthorityAlt": null, "EditionOther": null, "Classification": "Provincial", "Diocese": "Brixen", "RecordID": "472", "Month": null, "Edition": "Mansi 24, col. 145-146", "BaseText": ["GoogleBooks", "Data Capture"], "IssuingAuthority": null, "Year": "1287", "RegnalStart": null}