{"TextNeeded": null, "SourceNotes": "https://books.google.com/books?id=Gl9S_qgEcKgC", "Transcription": "Reviewed ", "PlaceNotes": null, "Source": null, "Latitude": "48.960278", "NoKnownText": null, "Circa": null, "Province": "Sens", "RegnalEnd": null, "Fragment": null, "GeneralNotes": null, "ClassificationNotes": null, "TranscriptionNotes": null, "Delegated": null, "Day": null, "DatingNotes": null, "BiblioRefs": null, "Language": "Latin", "LanguageNotes": null, "CountryModern": "France", "SourceOther": null, "OCR": null, "Longitude": "2.888333", "Place": "Meaux", "IssuingAuthorityAlt": null, "EditionOther": null, "Classification": "Legatine", "Diocese": "Meaux", "RecordID": "2121", "Month": null, "Edition": "Du Plessis, Histoire de l'Eglise de Meaux (1731), II, 477-78", "BaseText": ["GoogleBooks", "Data Capture"], "IssuingAuthority": null, "Year": "1246", "RegnalStart": null}