{"TextNeeded": null, "SourceNotes": null, "Transcription": "Reviewed ", "PlaceNotes": null, "Source": null, "Latitude": "42.880447", "NoKnownText": null, "Circa": null, "Province": "Santiago", "RegnalEnd": null, "Fragment": null, "GeneralNotes": null, "ClassificationNotes": null, "TranscriptionNotes": null, "Delegated": null, "Day": "3", "DatingNotes": null, "BiblioRefs": null, "Language": "Latin", "LanguageNotes": null, "CountryModern": "Spain", "SourceOther": null, "OCR": "Yes", "Longitude": "-8.546303", "Place": "Santiago", "IssuingAuthorityAlt": null, "EditionOther": null, "Classification": "Diocesan", "Diocese": "Santiago", "RecordID": "588", "Month": "9", "Edition": "Synodicon Hispanum, 1, 292-295", "BaseText": ["Library Scan", "Hard Copy Scan"], "IssuingAuthority": "Rodrigo de Padr\u00f3n", "Year": "1313", "RegnalStart": null}