{"TextNeeded": null, "SourceNotes": null, "Transcription": "Reviewed ", "PlaceNotes": null, "Source": null, "Latitude": "54.7761", "NoKnownText": null, "Circa": null, "Province": "York", "RegnalEnd": null, "Fragment": null, "GeneralNotes": null, "ClassificationNotes": null, "TranscriptionNotes": null, "Delegated": null, "Day": null, "DatingNotes": null, "BiblioRefs": null, "Language": "Latin", "LanguageNotes": null, "CountryModern": "England", "SourceOther": null, "OCR": null, "Longitude": "-1.5733", "Place": "Durham", "IssuingAuthorityAlt": null, "EditionOther": null, "Classification": "Diocesan", "Diocese": "Durham", "RecordID": "556", "Month": null, "Edition": "Powicke & Cheney II, 817-820", "BaseText": "Data Capture", "IssuingAuthority": null, "Year": "1276", "RegnalStart": null}