{"TextNeeded": null, "SourceNotes": null, "Transcription": "Reviewed ", "PlaceNotes": null, "Source": null, "Latitude": "48.960278", "NoKnownText": null, "Circa": "Yes", "Province": "Sens", "RegnalEnd": null, "Fragment": null, "GeneralNotes": null, "ClassificationNotes": null, "TranscriptionNotes": null, "Delegated": null, "Day": null, "DatingNotes": "s.d. [ca. 1346], ", "BiblioRefs": null, "Language": "Latin", "LanguageNotes": null, "CountryModern": "France", "SourceOther": null, "OCR": null, "Longitude": "2.888333", "Place": "Meaux", "IssuingAuthorityAlt": null, "EditionOther": null, "Classification": "Diocesan", "Diocese": "Meaux", "RecordID": "183", "Month": null, "Edition": "Martene, Thes., IV, coll 891-914", "BaseText": ["GoogleBooks", "Data Capture"], "IssuingAuthority": null, "Year": "1346", "RegnalStart": null}