{"TextNeeded": null, "SourceNotes": "https://books.google.com/books?id=EKo-AAAAcAAJ", "Transcription": "Reviewed ", "PlaceNotes": null, "Source": null, "Latitude": "45.4375", "NoKnownText": null, "Circa": "Yes", "Province": "Grado", "RegnalEnd": "1271", "Fragment": "Yes", "GeneralNotes": ["only fragment remains, concerning divine cult: ", "\"Statuit presens concilium ut super ordinatione, et conformatione divini offitii, quicquid per nos fuerit ordinatum, ab omnibus observetur.\""], "ClassificationNotes": null, "TranscriptionNotes": null, "Delegated": null, "Day": null, "DatingNotes": "1255x1271", "BiblioRefs": "reference in Sambin, Piu antichi sinodi, 68-69", "Language": "Latin", "LanguageNotes": null, "CountryModern": "Italy", "SourceOther": null, "OCR": null, "Longitude": "12.335833", "Place": "Venice", "IssuingAuthorityAlt": null, "EditionOther": null, "Classification": "Diocesan", "Diocese": "Venice (Castello)", "RecordID": "1853", "Month": null, "Edition": "Vianelli, Nuova serie de' vescovi di Malamocco, I, 318", "BaseText": ["GoogleBooks", "WebDownload"], "IssuingAuthority": "Angelo Maltraverso", "Year": "1265", "RegnalStart": "1255"}