{"TextNeeded": null, "SourceNotes": null, "Transcription": "Reviewed ", "PlaceNotes": null, "Source": "Paris, BnF lat 13328, fols 1-37v", "Latitude": "47.473612", "NoKnownText": null, "Circa": "Yes", "Province": "Tours", "RegnalEnd": "1260", "Fragment": null, "GeneralNotes": "This is the 'A' textual tradition", "ClassificationNotes": null, "TranscriptionNotes": null, "Delegated": null, "Day": null, "DatingNotes": "1240x1247", "BiblioRefs": null, "Language": "Latin", "LanguageNotes": null, "CountryModern": "France", "SourceOther": null, "OCR": "Yes", "Longitude": "-0.554167", "Place": "Angers", "IssuingAuthorityAlt": null, "EditionOther": null, "Classification": "Diocesan", "Diocese": "Angers", "RecordID": "2024", "Month": null, "Edition": "Avril, Naissance et evolution, 216-24", "BaseText": "Hard Copy Scan", "IssuingAuthority": "Michel Villoiseau", "Year": "1245", "RegnalStart": "1240"}