{"TextNeeded": null, "SourceNotes": null, "Transcription": "Completed", "PlaceNotes": null, "Source": null, "Latitude": "43.7072", "NoKnownText": null, "Circa": null, "Province": "Auch", "RegnalEnd": null, "Fragment": null, "GeneralNotes": null, "ClassificationNotes": null, "TranscriptionNotes": "Avril often refers simply to corresponding statutes in other texts, so wait until those are transcribed before tackling this one.", "Delegated": null, "Day": "29", "DatingNotes": null, "BiblioRefs": null, "Language": "Latin", "LanguageNotes": null, "CountryModern": "France", "SourceOther": null, "OCR": "Yes", "Longitude": "-1.0553", "Place": "Dax", "IssuingAuthorityAlt": null, "EditionOther": "Degert, \u201cConstitutions synodales,\u201d Bulletin, 23, no. 2: 55-85", "Classification": "Diocesan", "Diocese": "Dax", "RecordID": "80", "Month": "4", "Edition": "Avril, Statuts, V, 141-69;", "BaseText": "Hard Copy Scan", "IssuingAuthority": "Arnaud de Villa", "Year": "1283", "RegnalStart": null}