{"TextNeeded": null, "SourceNotes": null, "Transcription": "Reviewed ", "PlaceNotes": null, "Source": null, "Latitude": "48.5604", "NoKnownText": null, "Circa": null, "Province": "Sens", "RegnalEnd": "1254", "Fragment": null, "GeneralNotes": null, "ClassificationNotes": null, "TranscriptionNotes": null, "Delegated": null, "Day": "26", "DatingNotes": null, "BiblioRefs": null, "Language": "Latin", "LanguageNotes": null, "CountryModern": "France", "SourceOther": null, "OCR": null, "Longitude": "3.299", "Place": "Provins", "IssuingAuthorityAlt": null, "EditionOther": "Martene, Vet Scrip, VII, 142-43", "Classification": "Provincial", "Diocese": null, "RecordID": "2054", "Month": "7", "Edition": "Mansi 23, col. 793-94", "BaseText": "Data Capture", "IssuingAuthority": "Gilles Cornu", "Year": "1251", "RegnalStart": "1241"}