{"TextNeeded": null, "SourceNotes": null, "Transcription": "Reviewed ", "PlaceNotes": null, "Source": null, "Latitude": "41.544167", "NoKnownText": null, "Circa": "Yes", "Province": "Braga", "RegnalEnd": "1292", "Fragment": null, "GeneralNotes": null, "ClassificationNotes": null, "TranscriptionNotes": null, "Delegated": null, "Day": null, "DatingNotes": null, "BiblioRefs": null, "Language": "Latin", "LanguageNotes": null, "CountryModern": "Portugal", "SourceOther": null, "OCR": "Yes", "Longitude": "-8.421944", "Place": "Braga", "IssuingAuthorityAlt": null, "EditionOther": null, "Classification": "Diocesan", "Diocese": "Braga", "RecordID": "594", "Month": null, "Edition": "Synodicon Hispanum, 2, 26-29", "BaseText": ["Library Scan", "Hard Copy Scan"], "IssuingAuthority": "Frei Telo", "Year": "1285", "RegnalStart": "1279"}