{"TextNeeded": null, "SourceNotes": null, "Transcription": "Reviewed ", "PlaceNotes": null, "Source": null, "Latitude": "51.272", "NoKnownText": null, "Circa": null, "Province": "Canterbury", "RegnalEnd": "1292", "Fragment": null, "GeneralNotes": "concerning observance of Sundays and fast-days", "ClassificationNotes": "Episcopal mandate", "TranscriptionNotes": null, "Delegated": null, "Day": "17", "DatingNotes": null, "BiblioRefs": null, "Language": "Latin", "LanguageNotes": null, "CountryModern": "England", "SourceOther": null, "OCR": null, "Longitude": "1.2171", "Place": "Wingham", "IssuingAuthorityAlt": "John Pecham", "EditionOther": null, "Classification": "Other", "Diocese": "Canterbury", "RecordID": "1523", "Month": "7", "Edition": "Powicke & Cheney II, 1096-97", "BaseText": "Data Capture", "IssuingAuthority": "John Peckham", "Year": "1291", "RegnalStart": "1279"}