{"TextNeeded": null, "SourceNotes": null, "Transcription": "Reviewed ", "PlaceNotes": null, "Source": "Paris Bib Arsenal 394 fols. 198-200r", "Latitude": "48.540556", "NoKnownText": null, "Circa": null, "Province": "Sens", "RegnalEnd": null, "Fragment": null, "GeneralNotes": null, "ClassificationNotes": null, "TranscriptionNotes": null, "Delegated": null, "Day": "21", "DatingNotes": null, "BiblioRefs": null, "Language": "Latin", "LanguageNotes": null, "CountryModern": "France", "SourceOther": null, "OCR": null, "Longitude": "2.66", "Place": "Melun", "IssuingAuthorityAlt": null, "EditionOther": null, "Classification": "Provincial", "Diocese": null, "RecordID": "324", "Month": "2", "Edition": "Mansi 25, col 1-6", "BaseText": ["GoogleBooks", "Digital MS", "Data Capture"], "IssuingAuthority": "Etienne B\u00e9card", "Year": "1300", "RegnalStart": null}