{"TextNeeded": null, "SourceNotes": null, "Transcription": "Completed", "PlaceNotes": null, "Source": null, "Latitude": "45.416667", "NoKnownText": null, "Circa": null, "Province": "Aquileia", "RegnalEnd": "1295", "Fragment": null, "GeneralNotes": null, "ClassificationNotes": null, "TranscriptionNotes": null, "Delegated": null, "Day": null, "DatingNotes": "between August and October (year not certain, but likely)", "BiblioRefs": null, "Language": "Latin", "LanguageNotes": null, "CountryModern": "Italy", "SourceOther": null, "OCR": "Yes", "Longitude": "11.866667", "Place": "Padua", "IssuingAuthorityAlt": null, "EditionOther": "Gaffuri, Tentativo di riforma, 467-72", "Classification": "Diocesan", "Diocese": "Padua", "RecordID": "1842", "Month": null, "Edition": "Ceccon, SInodi diocesane, 181-186", "BaseText": ["GoogleBooks", "WebDownload"], "IssuingAuthority": "Bernardo di Agde", "Year": "1290", "RegnalStart": "1287"}