{"TextNeeded": null, "SourceNotes": ["[IRHT MF 06995]; http://books.google.fr/books?id=q79KKaDMW6cC", "MS version is incomplete"], "Transcription": "Reviewed ", "PlaceNotes": null, "Source": "Perpignan BM 79, fol. 116-119v", "Latitude": "42.5997", "NoKnownText": null, "Circa": null, "Province": "Narbonne", "RegnalEnd": null, "Fragment": null, "GeneralNotes": null, "ClassificationNotes": null, "TranscriptionNotes": null, "Delegated": null, "Day": null, "DatingNotes": null, "BiblioRefs": null, "Language": "Latin", "LanguageNotes": null, "CountryModern": "France", "SourceOther": null, "OCR": null, "Longitude": "2.971014", "Place": "Elne", "IssuingAuthorityAlt": null, "EditionOther": null, "Classification": "Diocesan", "Diocese": "Elne", "RecordID": "679", "Month": null, "Edition": "Aguirre, Collectio maxima conciliorum, 1694, III, 600-604", "BaseText": ["Data Capture", "Digital MS"], "IssuingAuthority": null, "Year": "1380", "RegnalStart": null}