{"TextNeeded": null, "SourceNotes": "Facing page French translation", "Transcription": "Reviewed ", "PlaceNotes": null, "Source": null, "Latitude": "43.928889", "NoKnownText": null, "Circa": null, "Province": "Bourges", "RegnalEnd": null, "Fragment": null, "GeneralNotes": "promulgated by Bishop Durand de Beaucaire, who came from Bourges and was clearly concerned about heresy (Pontal, II, 3)", "ClassificationNotes": null, "TranscriptionNotes": null, "Delegated": null, "Day": null, "DatingNotes": null, "BiblioRefs": null, "Language": "Latin", "LanguageNotes": null, "CountryModern": "France", "SourceOther": null, "OCR": "Yes", "Longitude": "2.146389", "Place": "Albi", "IssuingAuthorityAlt": null, "EditionOther": null, "Classification": "Diocesan", "Diocese": "Albi", "RecordID": "45", "Month": null, "Edition": "Pontal, II, 8-33", "BaseText": ["GoogleBooks", "WebDownload"], "IssuingAuthority": null, "Year": "1230", "RegnalStart": null}