{"TextNeeded": null, "SourceNotes": null, "Transcription": "Completed", "PlaceNotes": null, "Source": null, "Latitude": "50.175579", "NoKnownText": null, "Circa": null, "Province": "Reims", "RegnalEnd": "1411", "Fragment": null, "GeneralNotes": "on fornicating priests", "ClassificationNotes": null, "TranscriptionNotes": null, "Delegated": null, "Day": null, "DatingNotes": null, "BiblioRefs": null, "Language": "Latin", "LanguageNotes": null, "CountryModern": "Belgium", "SourceOther": null, "OCR": null, "Longitude": "3.2345", "Place": "Cambrai", "IssuingAuthorityAlt": null, "EditionOther": null, "Classification": "Diocesan", "Diocese": "Cambrai", "RecordID": "1926", "Month": null, "Edition": "Gousset, APER II, 619-622", "BaseText": "WebDownload", "IssuingAuthority": "Pierre d'Ailly", "Year": "1398", "RegnalStart": "1396"}