{"TextNeeded": null, "SourceNotes": null, "Transcription": "Reviewed ", "PlaceNotes": null, "Source": "Nantes, BM 36, fol. 378 (=Travers, Concilia provinciae Turonensis, III)", "Latitude": "47.21806", "NoKnownText": null, "Circa": null, "Province": "Tours", "RegnalEnd": null, "Fragment": null, "GeneralNotes": null, "ClassificationNotes": null, "TranscriptionNotes": null, "Delegated": null, "Day": null, "DatingNotes": "date given by Nicolas Travers in his autograph copy of Tours councils (see Pontal repertoire, 317, n3)", "BiblioRefs": null, "Language": "Latin", "LanguageNotes": null, "CountryModern": "France", "SourceOther": "Paris, BnF fr. 22354, fols 25-31", "OCR": null, "Longitude": "-1.55278", "Place": "Nantes", "IssuingAuthorityAlt": null, "EditionOther": null, "Classification": "Diocesan", "Diocese": "Nantes", "RecordID": "1097", "Month": null, "Edition": "Martene, Thes, IV, col 953-60", "BaseText": ["GoogleBooks", "Data Capture"], "IssuingAuthority": "Daniel Vigier", "Year": "1320", "RegnalStart": null}