{"TextNeeded": null, "SourceNotes": null, "Transcription": "Completed", "PlaceNotes": "[dependant on Holy See until 1492]", "Source": null, "Latitude": "37.986111", "NoKnownText": null, "Circa": null, "Province": "[Holy See]", "RegnalEnd": "1349", "Fragment": null, "GeneralNotes": null, "ClassificationNotes": null, "TranscriptionNotes": null, "Delegated": null, "Day": "2", "DatingNotes": null, "BiblioRefs": null, "Language": "Latin", "LanguageNotes": "rubrics and proemium in Old Spanish", "CountryModern": "Spain", "SourceOther": null, "OCR": "Yes", "Longitude": "-1.130278", "Place": "Murcia", "IssuingAuthorityAlt": null, "EditionOther": "Sanz Sancho, Constituciones", "Classification": "Diocesan", "Diocese": "Cartagena", "RecordID": "681", "Month": "5", "Edition": "Synodicon Hispanum, XI, 134-36", "BaseText": ["Library Scan", "Hard Copy Scan"], "IssuingAuthority": "Pedro de Penaranda", "Year": "1332", "RegnalStart": "1327"}