{"TextNeeded": null, "SourceNotes": "https://books.google.com/books?id=L9U-AAAAcAAJ", "Transcription": "Completed", "PlaceNotes": null, "Source": null, "Latitude": "49.4149", "NoKnownText": null, "Circa": null, "Province": "Reims", "RegnalEnd": null, "Fragment": null, "GeneralNotes": null, "ClassificationNotes": null, "TranscriptionNotes": null, "Delegated": null, "Day": "4", "DatingNotes": null, "BiblioRefs": null, "Language": "Latin", "LanguageNotes": null, "CountryModern": "France", "SourceOther": null, "OCR": "Yes", "Longitude": "2.823056", "Place": "Compi\u00e8gne ", "IssuingAuthorityAlt": null, "EditionOther": null, "Classification": "Provincial", "Diocese": null, "RecordID": "278", "Month": "1", "Edition": "Gousset, APER II, 477-480", "BaseText": "WebDownload", "IssuingAuthority": "Robert de Courtenay", "Year": "1304", "RegnalStart": null}