{"TextNeeded": null, "SourceNotes": null, "Transcription": "Reviewed ", "PlaceNotes": null, "Source": "Paris Bib Arsenal 394 fol. 200v-201v  ", "Latitude": "48.24754", "NoKnownText": null, "Circa": null, "Province": "Sens", "RegnalEnd": null, "Fragment": null, "GeneralNotes": null, "ClassificationNotes": null, "TranscriptionNotes": null, "Delegated": null, "Day": "7", "DatingNotes": null, "BiblioRefs": null, "Language": "Latin", "LanguageNotes": null, "CountryModern": "France", "SourceOther": null, "OCR": null, "Longitude": "3.287659", "Place": "Paris", "IssuingAuthorityAlt": null, "EditionOther": null, "Classification": "Provincial", "Diocese": "Paris", "RecordID": "253", "Month": "5", "Edition": "Mansi 25, 529-536", "BaseText": ["GoogleBooks", "Data Capture", "Digital MS"], "IssuingAuthority": "Philippe de Marigny", "Year": "1314", "RegnalStart": null}