{"TextNeeded": null, "SourceNotes": "[MF 2267] [R 62981] [downloaded from BnF]", "Transcription": "Completed", "PlaceNotes": null, "Source": "Paris BnF lat 1613, fols 66v-70", "Latitude": "43.21306", "NoKnownText": null, "Circa": null, "Province": "Narbonne", "RegnalEnd": null, "Fragment": null, "GeneralNotes": null, "ClassificationNotes": null, "TranscriptionNotes": null, "Delegated": null, "Day": "3", "DatingNotes": "  ", "BiblioRefs": null, "Language": "Latin", "LanguageNotes": null, "CountryModern": "France", "SourceOther": "BAV Vat Lat 9868,  f. 276r-277r (partial)", "OCR": null, "Longitude": "2.352028", "Place": "Carcassonne", "IssuingAuthorityAlt": null, "EditionOther": null, "Classification": "Diocesan", "Diocese": "Carcassonne", "RecordID": "166", "Month": "11", "Edition": null, "BaseText": "Digital MS", "IssuingAuthority": "Pierre de Rochefort", "Year": "1321", "RegnalStart": null}