{"TextNeeded": null, "SourceNotes": "[R 25031] [downloaded from BnF]", "Transcription": "Reviewed ", "PlaceNotes": "aka diocese of Cornouaille", "Source": "Paris, BnF 1547, fol. 1-33r", "Latitude": "47.9967", "NoKnownText": null, "Circa": "Yes", "Province": "Tours", "RegnalEnd": "1383", "Fragment": null, "GeneralNotes": "survives in compilation made post-1499; large parts appear in Saint-Brieuc 1421: https://books.google.com/books?id=5HBNAAAAMAAJ (pp. 20ff), which was used in places to restore readings where Quimper MS was damaged", "ClassificationNotes": null, "TranscriptionNotes": null, "Delegated": null, "Day": null, "DatingNotes": "1357x1383; dated 1384 in Pontal repertoire, but that postdates death of issuing bishop", "BiblioRefs": null, "Language": "Latin", "LanguageNotes": null, "CountryModern": "France", "SourceOther": null, "OCR": null, "Longitude": "-4.0964", "Place": "Quimper", "IssuingAuthorityAlt": null, "EditionOther": null, "Classification": "Diocesan", "Diocese": "Quimper", "RecordID": "1150", "Month": null, "Edition": null, "BaseText": "Digital MS", "IssuingAuthority": "Geoffroy Le Marhec", "Year": "1370", "RegnalStart": "1357"}