{"TextNeeded": null, "SourceNotes": null, "Transcription": "Reviewed ", "PlaceNotes": null, "Source": null, "Latitude": "48.1975", "NoKnownText": null, "Circa": null, "Province": "Sens", "RegnalEnd": "1274", "Fragment": null, "GeneralNotes": ["**I suspect these are the inspiration for Usurarum Voraginem**", "issued by Pierre de Charny \u2020 (1267 - agosto 1274); according to Frowein, Episkopat, 320", "-brief bio sketch in Fasti, t. 11, pp117-19, where it notes that the date of his death varies from 8/16/21 August 1274; ", "Charny as also 'camerier du pape' under Urban IV and Clement IV; from August 1262 to at least Oct 1267 he resided at the papal court and managed important financial transactions (Fasti, 11, 117)"], "ClassificationNotes": null, "TranscriptionNotes": null, "Delegated": null, "Day": null, "DatingNotes": null, "BiblioRefs": null, "Language": "Latin", "LanguageNotes": null, "CountryModern": "France", "SourceOther": null, "OCR": null, "Longitude": "3.2877", "Place": "Sens", "IssuingAuthorityAlt": null, "EditionOther": null, "Classification": "Provincial", "Diocese": "Sens", "RecordID": "412", "Month": "10", "Edition": "Mansi 24, 3-8", "BaseText": ["GoogleBooks", "Data Capture"], "IssuingAuthority": "Pierre de Charny", "Year": "1269", "RegnalStart": "1267"}