{"TextNeeded": null, "SourceNotes": null, "Transcription": "Reviewed ", "PlaceNotes": null, "Source": null, "Latitude": "41", "NoKnownText": null, "Circa": null, "Province": "[Holy See]", "RegnalEnd": null, "Fragment": null, "GeneralNotes": null, "ClassificationNotes": "issued by Cardinal-Legate", "TranscriptionNotes": null, "Delegated": null, "Day": "28", "DatingNotes": null, "BiblioRefs": null, "Language": "Latin", "LanguageNotes": null, "CountryModern": "Italy", "SourceOther": null, "OCR": "Yes", "Longitude": "15.65", "Place": "Melfi", "IssuingAuthorityAlt": "Gerardus Blancus", "EditionOther": "Mansi 24, col 569-576", "Classification": "Legatine", "Diocese": "Melfi", "RecordID": "297", "Month": "3", "Edition": "Herde, Legation...Gerhard v. Sabina, 46-53", "BaseText": ["Library Scan", "Hard Copy Scan"], "IssuingAuthority": "Gerardo Bianchi da Parma", "Year": "1284", "RegnalStart": null}