{"TextNeeded": null, "SourceNotes": "http://gallica.bnf.fr/ark:/12148/btv1b8427238x", "Transcription": "Completed", "PlaceNotes": null, "Source": "Paris, BnF lat. 1590, fol. 35, col. 1-2", "Latitude": "44.837912", "NoKnownText": null, "Circa": null, "Province": "Bordeaux", "RegnalEnd": null, "Fragment": null, "GeneralNotes": null, "ClassificationNotes": null, "TranscriptionNotes": "Transcription must be corrected checked against Vatican MS", "Delegated": null, "Day": null, "DatingNotes": null, "BiblioRefs": null, "Language": "Latin", "LanguageNotes": null, "CountryModern": "France", "SourceOther": "BAV, Vat. lat. 9868, fol. 435 (18th-c copy of  Paris MS)", "OCR": null, "Longitude": "-0.579541", "Place": "Bordeaux", "IssuingAuthorityAlt": null, "EditionOther": null, "Classification": "Diocesan", "Diocese": "Bordeaux", "RecordID": "993", "Month": "11", "Edition": null, "BaseText": "Digital MS", "IssuingAuthority": null, "Year": "1343", "RegnalStart": null}