{"TextNeeded": null, "SourceNotes": "https://books.google.com/books?id=qCrLfNPi-fcC", "Transcription": "Completed", "PlaceNotes": "see Boisset, Reception, 43", "Source": null, "Latitude": "43.932908", "NoKnownText": null, "Circa": null, "Province": "Arles, Aix-en-Provence, Embrun", "RegnalEnd": null, "Fragment": null, "GeneralNotes": "Joint council for provinces of Arles, Aix-en-Provence, Embrun", "ClassificationNotes": null, "TranscriptionNotes": null, "Delegated": null, "Day": "18", "DatingNotes": null, "BiblioRefs": null, "Language": "Latin", "LanguageNotes": null, "CountryModern": "France", "SourceOther": null, "OCR": null, "Longitude": "4.812217", "Place": "Saint-Ruf", "IssuingAuthorityAlt": null, "EditionOther": "Mansi 25, col 739-774", "Classification": "Provincial", "Diocese": "Avignon", "RecordID": "341", "Month": "6", "Edition": "Albanes, Gallia christiana novissima, Arles, cols. 612-633, no. 1520; ", "BaseText": ["GoogleBooks", "WebDownload"], "IssuingAuthority": null, "Year": "1326", "RegnalStart": null}