{"TextNeeded": null, "SourceNotes": null, "Transcription": "Reviewed ", "PlaceNotes": "Rochefort was a deaconry, within the archdeaconery of Famenne", "Source": null, "Latitude": "50.15", "NoKnownText": null, "Circa": null, "Province": "Cologne", "RegnalEnd": null, "Fragment": null, "GeneralNotes": "presided over by an Archdeacon; written in a question-and-answer format; mostly concerned with specific points of liturgy", "ClassificationNotes": null, "TranscriptionNotes": null, "Delegated": null, "Day": null, "DatingNotes": null, "BiblioRefs": null, "Language": "Latin", "LanguageNotes": null, "CountryModern": "Belgium", "SourceOther": null, "OCR": null, "Longitude": "5.216667", "Place": "Rochefort", "IssuingAuthorityAlt": null, "EditionOther": null, "Classification": "Other", "Diocese": "Liege", "RecordID": "454", "Month": null, "Edition": "Brouette, Rochefort, 137-139", "BaseText": "Hard Copy Scan", "IssuingAuthority": null, "Year": "1378", "RegnalStart": null}