{"TextNeeded": null, "SourceNotes": "text in Mansi is incomplete (breaks off midway through c. 11)", "Transcription": "Reviewed ", "PlaceNotes": null, "Source": null, "Latitude": "43.95", "NoKnownText": null, "Circa": null, "Province": "Arles", "RegnalEnd": null, "Fragment": null, "GeneralNotes": null, "ClassificationNotes": null, "TranscriptionNotes": "based on Mansi", "Delegated": null, "Day": null, "DatingNotes": null, "BiblioRefs": null, "Language": "Latin", "LanguageNotes": null, "CountryModern": "France", "SourceOther": null, "OCR": null, "Longitude": "4.817", "Place": "Avignon", "IssuingAuthorityAlt": null, "EditionOther": "Mansi 24, col 438-446", "Classification": "Provincial", "Diocese": "Avignon", "RecordID": "296", "Month": null, "Edition": "Gallia christiana novissima, Arles, 532-536, no 1322", "BaseText": ["GoogleBooks", "WebDownload", "Data Capture"], "IssuingAuthority": "Bertrand Amalric", "Year": "1282", "RegnalStart": null}