{"TextNeeded": null, "SourceNotes": null, "Transcription": "Reviewed ", "PlaceNotes": "place unclear; according to the first redaction, it took place on the island of Zealand", "Source": null, "Latitude": "55.642778", "NoKnownText": null, "Circa": "Yes", "Province": "Lund", "RegnalEnd": "1223", "Fragment": null, "GeneralNotes": null, "ClassificationNotes": null, "TranscriptionNotes": "survives in three redactions (two of which are complete, the third fragmentary); transcribed the first", "Delegated": null, "Day": null, "DatingNotes": "1202x1223 [dating from Diplomatarium Danicum]", "BiblioRefs": null, "Language": "Latin", "LanguageNotes": null, "CountryModern": "Denmark", "SourceOther": null, "OCR": null, "Longitude": "12.08", "Place": "Roskilde", "IssuingAuthorityAlt": null, "EditionOther": null, "Classification": "Provincial", "Diocese": "Roskilde", "RecordID": "1737", "Month": null, "Edition": "Diplomatarium danicum, 1:4, no. 65", "BaseText": ["Library Scan", "Hard Copy Scan"], "IssuingAuthority": "Anders Sunesen", "Year": "1215", "RegnalStart": "1201"}