{"TextNeeded": null, "SourceNotes": null, "Transcription": "Reviewed ", "PlaceNotes": null, "Source": null, "Latitude": "43.347615", "NoKnownText": null, "Circa": null, "Province": "Narbonne", "RegnalEnd": "1371", "Fragment": null, "GeneralNotes": null, "ClassificationNotes": null, "TranscriptionNotes": null, "Delegated": null, "Day": "16", "DatingNotes": null, "BiblioRefs": null, "Language": "Latin", "LanguageNotes": null, "CountryModern": "France", "SourceOther": null, "OCR": null, "Longitude": "3.218991", "Place": "B\u00e9ziers", "IssuingAuthorityAlt": null, "EditionOther": null, "Classification": "Diocesan", "Diocese": "B\u00e9ziers", "RecordID": "983", "Month": "10", "Edition": "Martene, Thes IV, 661-62", "BaseText": ["GoogleBooks", "Data Capture"], "IssuingAuthority": "Hugues de la Jugie", "Year": "1370", "RegnalStart": "1349"}