{"TextNeeded": null, "SourceNotes": null, "Transcription": "Completed", "PlaceNotes": null, "Source": null, "Latitude": "40.812778", "NoKnownText": null, "Circa": null, "Province": "Tarragona", "RegnalEnd": "1362", "Fragment": null, "GeneralNotes": null, "ClassificationNotes": null, "TranscriptionNotes": null, "Delegated": null, "Day": null, "DatingNotes": null, "BiblioRefs": null, "Language": "Latin", "LanguageNotes": null, "CountryModern": "Spain", "SourceOther": null, "OCR": "Yes", "Longitude": "0.523333", "Place": "Tortosa", "IssuingAuthorityAlt": "Jean Fabri", "EditionOther": "Villanueva, Viage Literario, V, 346-365", "Classification": "Diocesan", "Diocese": "Tortosa", "RecordID": "385", "Month": null, "Edition": "Synodicon Hispanum, XII, 645-53", "BaseText": ["Library Scan", "Hard Copy Scan"], "IssuingAuthority": "Joan Fabra", "Year": "1359", "RegnalStart": "1357"}