{"TextNeeded": null, "SourceNotes": null, "Transcription": "Reviewed ", "PlaceNotes": "Valle Guidonis", "Source": null, "Latitude": "48.0733", "NoKnownText": null, "Circa": null, "Province": "Tours", "RegnalEnd": null, "Fragment": null, "GeneralNotes": null, "ClassificationNotes": null, "TranscriptionNotes": null, "Delegated": null, "Day": null, "DatingNotes": null, "BiblioRefs": null, "Language": "Latin", "LanguageNotes": null, "CountryModern": "France", "SourceOther": null, "OCR": "Yes", "Longitude": "-0.7689", "Place": "Laval", "IssuingAuthorityAlt": null, "EditionOther": null, "Classification": "Provincial", "Diocese": null, "RecordID": "1301", "Month": null, "Edition": "Avril, Tours, 180-85", "BaseText": "Hard Copy Scan", "IssuingAuthority": null, "Year": "1242", "RegnalStart": null}