{"TextNeeded": null, "SourceNotes": null, "Transcription": "Completed", "PlaceNotes": null, "Source": "Paris, BnF lat. 11030, fol. 29v-33v", "Latitude": "47.473612", "NoKnownText": null, "Circa": "Yes", "Province": "Tours", "RegnalEnd": null, "Fragment": null, "GeneralNotes": "Abbreviation of the second Synodal quire (with statutes of Nicholas Gellent and Guillaume le Maire). As Avril notes (p. 258, n1) none of the obligations concerning prelates and monks are listed; only those concerning 'les devoires des cures' are included. \"Il est significatif de noter que les pretres en restaient a cet enseignement simplifie\".", "ClassificationNotes": null, "TranscriptionNotes": null, "Delegated": null, "Day": null, "DatingNotes": "compiled during or after bishopric of Foulque de Mathefelon (r. 1323-53), since title makes reference to him", "BiblioRefs": null, "Language": "Latin", "LanguageNotes": null, "CountryModern": "France", "SourceOther": null, "OCR": "Yes", "Longitude": "-0.554167", "Place": "Angers", "IssuingAuthorityAlt": null, "EditionOther": null, "Classification": "Abstract/Abbreviation", "Diocese": "Angers", "RecordID": "1269", "Month": null, "Edition": "Avril, Statuts, III, 258-66", "BaseText": "Hard Copy Scan", "IssuingAuthority": null, "Year": "1350", "RegnalStart": null}