{"TextNeeded": null, "SourceNotes": null, "Transcription": "Reviewed ", "PlaceNotes": null, "Source": null, "Latitude": "45.7", "NoKnownText": null, "Circa": null, "Province": "Milan", "RegnalEnd": null, "Fragment": null, "GeneralNotes": "for diffusion of these statutes in province of Milan, see Gorino-Causa article; for diffusion in diocese of Turin, see Olivieri, Sinodale del vescovo Ludovico, pt. 2 [who notes that the Bp of Turin refused to attend the council itself]; for resistance in Ivrea, see Andenna, Cura della anime, 414-415", "ClassificationNotes": null, "TranscriptionNotes": null, "Delegated": null, "Day": null, "DatingNotes": null, "BiblioRefs": null, "Language": "Latin", "LanguageNotes": null, "CountryModern": "Italy", "SourceOther": null, "OCR": null, "Longitude": "9.666667", "Place": "Bergamo", "IssuingAuthorityAlt": null, "EditionOther": null, "Classification": "Provincial", "Diocese": "Turin", "RecordID": "286", "Month": "7", "Edition": "Mansi 25, col 475-514", "BaseText": ["GoogleBooks", "Data Capture"], "IssuingAuthority": "Cassone della Torre", "Year": "1311", "RegnalStart": null}