{"TextNeeded": null, "SourceNotes": null, "Transcription": "Reviewed ", "PlaceNotes": null, "Source": null, "Latitude": "41.544167", "NoKnownText": null, "Circa": null, "Province": "Braga", "RegnalEnd": null, "Fragment": null, "GeneralNotes": null, "ClassificationNotes": null, "TranscriptionNotes": null, "Delegated": null, "Day": "6", "DatingNotes": null, "BiblioRefs": null, "Language": "Old Portuguese", "LanguageNotes": null, "CountryModern": "Portugal", "SourceOther": null, "OCR": "Yes", "Longitude": "-8.421944", "Place": "Braga", "IssuingAuthorityAlt": null, "EditionOther": null, "Classification": "Diocesan", "Diocese": "Braga", "RecordID": "598", "Month": "9", "Edition": "Synodicon Hispanum, 2, 47-53", "BaseText": ["Library Scan", "Hard Copy Scan"], "IssuingAuthority": "Gon\u00e7alo Pereira", "Year": "1333", "RegnalStart": null}