{"TextNeeded": null, "SourceNotes": ["http://www.wbc.poznan.pl/Content/20061/kw_01.html", "https://books.google.com/books?id=SaYSmwEACAAJ"], "Transcription": "Reviewed ", "PlaceNotes": null, "Source": null, "Latitude": "51.6", "NoKnownText": null, "Circa": null, "Province": "Gniezno", "RegnalEnd": null, "Fragment": null, "GeneralNotes": null, "ClassificationNotes": null, "TranscriptionNotes": "Numbering from Hube edition", "Delegated": null, "Day": "3", "DatingNotes": null, "BiblioRefs": null, "Language": "Latin", "LanguageNotes": null, "CountryModern": "Poland", "SourceOther": null, "OCR": null, "Longitude": "18.75", "Place": "Sieradz", "IssuingAuthorityAlt": null, "EditionOther": "Hube, Antiquissimae constitutiones...Gnesnensis, 1856, 1-8", "Classification": "Provincial", "Diocese": null, "RecordID": "2028", "Month": "7", "Edition": "Kodeks Dyplomatyczny Wielkopolski, t. 1,  (Poznan, 1877), no. 150", "BaseText": "WebDownload", "IssuingAuthority": "Fulk", "Year": "1233", "RegnalStart": null}