{"TextNeeded": null, "SourceNotes": null, "Transcription": "Completed", "PlaceNotes": null, "Source": null, "Latitude": "45.7464", "NoKnownText": null, "Circa": null, "Province": "Bordeaux", "RegnalEnd": null, "Fragment": null, "GeneralNotes": ["Constitutiones synodales Guydonis episcopi [Guy de Neufville], promulgate in synodo Paschali...", "Inc. Statuimus quod quicumque clericos seu ecclesiasticas personas...", "Expl. ...excommunicationis sententie volumus subiacere quam ipso facto se noverint incursuros. (5 articles)"], "ClassificationNotes": null, "TranscriptionNotes": null, "Delegated": null, "Day": null, "DatingNotes": "Easter", "BiblioRefs": null, "Language": "Latin", "LanguageNotes": null, "CountryModern": "France", "SourceOther": null, "OCR": "Yes", "Longitude": "-0.6333", "Place": "Saintes", "IssuingAuthorityAlt": null, "EditionOther": "Constitutiones synodales Xantonensis ecclesie, Pictavii: ex officina Marnesiorum fratrum sub Pelicano, 1541 [fols. 75-76v]", "Classification": "Diocesan", "Diocese": "Saintes", "RecordID": "1193", "Month": null, "Edition": "Avril, Statuts V, 79-80", "BaseText": "Hard Copy Scan", "IssuingAuthority": null, "Year": "1304", "RegnalStart": null}