{"TextNeeded": null, "SourceNotes": null, "Transcription": "Completed", "PlaceNotes": null, "Source": null, "Latitude": "40.95", "NoKnownText": null, "Circa": "Yes", "Province": "Toledo", "RegnalEnd": "1224", "Fragment": null, "GeneralNotes": null, "ClassificationNotes": null, "TranscriptionNotes": null, "Delegated": null, "Day": null, "DatingNotes": "dating uncertain", "BiblioRefs": null, "Language": "Latin", "LanguageNotes": null, "CountryModern": "Spain", "SourceOther": null, "OCR": "Yes", "Longitude": "-4.166667", "Place": "Segovia", "IssuingAuthorityAlt": "Gerardo", "EditionOther": null, "Classification": "Diocesan", "Diocese": "Segovia", "RecordID": "629", "Month": null, "Edition": "Synodicon Hispanum, VI, pp246-259", "BaseText": ["Library Scan", "Hard Copy Scan"], "IssuingAuthority": "Giraldo", "Year": "1216", "RegnalStart": "1211"}