{"TextNeeded": null, "SourceNotes": null, "Transcription": "Completed", "PlaceNotes": null, "Source": null, "Latitude": "49.98", "NoKnownText": null, "Circa": null, "Province": "Mainz", "RegnalEnd": null, "Fragment": null, "GeneralNotes": "Pixton, Watchmen, 442 notes that it shows influence of Eudes de Sully's Parisian statutes", "ClassificationNotes": null, "TranscriptionNotes": null, "Delegated": null, "Day": "25", "DatingNotes": null, "BiblioRefs": null, "Language": "Latin", "LanguageNotes": null, "CountryModern": "Germany", "SourceOther": null, "OCR": "Yes", "Longitude": "8.2791", "Place": "Mainz", "IssuingAuthorityAlt": null, "EditionOther": null, "Classification": "Provincial", "Diocese": "Mainz", "RecordID": "1409", "Month": "7", "Edition": "Mone, Kirchenverordnungen, 135-42", "BaseText": ["Library Scan", "WebDownload"], "IssuingAuthority": null, "Year": "1233", "RegnalStart": null}