{"TextNeeded": null, "SourceNotes": null, "Transcription": "Completed", "PlaceNotes": null, "Source": null, "Latitude": "40.466667", "NoKnownText": null, "Circa": null, "Province": "Toledo", "RegnalEnd": "1375", "Fragment": null, "GeneralNotes": null, "ClassificationNotes": null, "TranscriptionNotes": null, "Delegated": null, "Day": "8", "DatingNotes": null, "BiblioRefs": null, "Language": "Latin", "LanguageNotes": null, "CountryModern": "Spain", "SourceOther": null, "OCR": "Yes", "Longitude": "-3.366667", "Place": "Alcal\u00e1 de Henares", "IssuingAuthorityAlt": null, "EditionOther": null, "Classification": "Diocesan", "Diocese": "Toledo", "RecordID": "654", "Month": "6", "Edition": "Synodicon Hispanum, X, 586-589", "BaseText": ["Library Scan", "Hard Copy Scan"], "IssuingAuthority": "G\u00f3mez Manrique", "Year": "1372", "RegnalStart": "1362"}