{"TextNeeded": null, "SourceNotes": null, "Transcription": "Reviewed ", "PlaceNotes": null, "Source": null, "Latitude": "60.389444", "NoKnownText": null, "Circa": null, "Province": "Nidaros", "RegnalEnd": "1282", "Fragment": null, "GeneralNotes": "First redaction (of two)", "ClassificationNotes": null, "TranscriptionNotes": null, "Delegated": null, "Day": null, "DatingNotes": null, "BiblioRefs": null, "Language": "Old Norse", "LanguageNotes": null, "CountryModern": "Norway", "SourceOther": null, "OCR": null, "Longitude": "5.33", "Place": "Bergen", "IssuingAuthorityAlt": null, "EditionOther": null, "Classification": "Provincial", "Diocese": "Bergen", "RecordID": "1746", "Month": "7", "Edition": "Norges gamle love III, pp229-37, 238-41", "BaseText": ["GoogleBooks", "WebDownload"], "IssuingAuthority": "Jon", "Year": "1280", "RegnalStart": "1268"}