{"TextNeeded": null, "SourceNotes": null, "Transcription": "Completed", "PlaceNotes": "[dependant on Holy See until 1492]", "Source": null, "Latitude": "37.986111", "NoKnownText": null, "Circa": null, "Province": "[Holy See]", "RegnalEnd": "1402", "Fragment": null, "GeneralNotes": null, "ClassificationNotes": null, "TranscriptionNotes": null, "Delegated": null, "Day": null, "DatingNotes": null, "BiblioRefs": null, "Language": "Old Spanish", "LanguageNotes": null, "CountryModern": "Spain", "SourceOther": null, "OCR": "Yes", "Longitude": "-1.130278", "Place": "Murcia", "IssuingAuthorityAlt": null, "EditionOther": "Sanz Sancho, Constituciones, 137-147", "Classification": "Diocesan", "Diocese": "Cartagena", "RecordID": "413", "Month": null, "Edition": "Synodicon Hispanum, XI, pp189-92", "BaseText": ["Library Scan", "Hard Copy Scan"], "IssuingAuthority": "Fernando de Pedrosa", "Year": "1388", "RegnalStart": "1383"}