{"TextNeeded": null, "SourceNotes": "https://books.google.com/books?id=L9U-AAAAcAAJ", "Transcription": "Completed", "PlaceNotes": null, "Source": null, "Latitude": "49.2081", "NoKnownText": null, "Circa": null, "Province": "Reims", "RegnalEnd": null, "Fragment": null, "GeneralNotes": null, "ClassificationNotes": null, "TranscriptionNotes": null, "Delegated": null, "Day": null, "DatingNotes": "dated 1318 in Gousset; corrected to 1317 in Leinweber, Provinzialsynoden", "BiblioRefs": null, "Language": "Latin", "LanguageNotes": null, "CountryModern": "France", "SourceOther": null, "OCR": "Yes", "Longitude": "2.5875", "Place": "Senlis", "IssuingAuthorityAlt": null, "EditionOther": null, "Classification": "Provincial", "Diocese": null, "RecordID": "844", "Month": null, "Edition": "Gousset, APER II, 512-14", "BaseText": "WebDownload", "IssuingAuthority": null, "Year": "1317", "RegnalStart": null}