{"TextNeeded": null, "SourceNotes": null, "Transcription": "Reviewed ", "PlaceNotes": null, "Source": null, "Latitude": "48.455847", "NoKnownText": null, "Circa": null, "Province": "Sens", "RegnalEnd": null, "Fragment": null, "GeneralNotes": null, "ClassificationNotes": null, "TranscriptionNotes": null, "Delegated": null, "Day": null, "DatingNotes": null, "BiblioRefs": null, "Language": "Latin", "LanguageNotes": null, "CountryModern": "France", "SourceOther": null, "OCR": null, "Longitude": "1.484184", "Place": "Chartres", "IssuingAuthorityAlt": null, "EditionOther": null, "Classification": "Diocesan", "Diocese": "Chartres", "RecordID": "171", "Month": null, "Edition": "Martene, Vet Script, 7, coll 1364-66", "BaseText": ["GoogleBooks", "Data Capture"], "IssuingAuthority": "Robert de Joigny", "Year": "1325", "RegnalStart": null}