{"TextNeeded": null, "SourceNotes": "https://books.google.com/books?id=kt8vAQAAMAAJ", "Transcription": "Reviewed ", "PlaceNotes": null, "Source": null, "Latitude": "58.383333", "NoKnownText": null, "Circa": "Yes", "Province": "Uppsala", "RegnalEnd": "1317", "Fragment": null, "GeneralNotes": "-as noted by Gummerus, Synodalstatuter, pp17 & 61ff, show strong influence of those of Eudes de Sully (Kroon, Prastmotet, 33), seemingly via statutes of Corbie and Meaux;", "ClassificationNotes": null, "TranscriptionNotes": null, "Delegated": null, "Day": null, "DatingNotes": "1278x1317", "BiblioRefs": null, "Language": "Latin", "LanguageNotes": null, "CountryModern": "Sweden", "SourceOther": null, "OCR": "Yes", "Longitude": "13.433333", "Place": "Skara", "IssuingAuthorityAlt": null, "EditionOther": null, "Classification": "Diocesan", "Diocese": "Skara", "RecordID": "570", "Month": null, "Edition": "Gummerus, Synodalstatuter, pp61-65", "BaseText": ["GoogleBooks", "WebDownload"], "IssuingAuthority": "Brynolf I Algotsson", "Year": "1290", "RegnalStart": "1278"}