{"TextNeeded": null, "SourceNotes": null, "Transcription": "Completed", "PlaceNotes": null, "Source": null, "Latitude": "52.083", "NoKnownText": null, "Circa": null, "Province": "Cologne", "RegnalEnd": null, "Fragment": null, "GeneralNotes": null, "ClassificationNotes": null, "TranscriptionNotes": null, "Delegated": null, "Day": "13", "DatingNotes": null, "BiblioRefs": null, "Language": "Latin", "LanguageNotes": null, "CountryModern": "Netherlands", "SourceOther": null, "OCR": null, "Longitude": "5.1", "Place": "Utrecht", "IssuingAuthorityAlt": null, "EditionOther": "Hartzheim IV, 378-80", "Classification": "Diocesan", "Diocese": "Utrecht", "RecordID": "23", "Month": "5", "Edition": "Joosting, Bronnen, V, 140-41", "BaseText": "Data Capture", "IssuingAuthority": "Jan van Arkel", "Year": "1355", "RegnalStart": null}