{"TextNeeded": null, "SourceNotes": null, "Transcription": "Reviewed ", "PlaceNotes": null, "Source": null, "Latitude": "51.275", "NoKnownText": null, "Circa": "Yes", "Province": "Canterbury", "RegnalEnd": "1366", "Fragment": null, "GeneralNotes": null, "ClassificationNotes": null, "TranscriptionNotes": null, "Delegated": null, "Day": "16", "DatingNotes": "1361x1362; day known but year uncertain", "BiblioRefs": null, "Language": "Latin", "LanguageNotes": null, "CountryModern": "England", "SourceOther": null, "OCR": null, "Longitude": "1.087", "Place": "Canterbury", "IssuingAuthorityAlt": null, "EditionOther": "Wilkins, III, 50-51", "Classification": "Provincial", "Diocese": "Canterbury", "RecordID": "550", "Month": "11", "Edition": "Records of Convocation, vol. 3: Canterbury, pp294-95", "BaseText": ["Library Scan", "Hard Copy Scan"], "IssuingAuthority": "Simon Islip", "Year": "1362", "RegnalStart": "1349"}