{"TextNeeded": null, "SourceNotes": null, "Transcription": "Reviewed ", "PlaceNotes": null, "Source": null, "Latitude": "49.581667", "NoKnownText": null, "Circa": "Yes", "Province": "Reims", "RegnalEnd": null, "Fragment": null, "GeneralNotes": null, "ClassificationNotes": "Ordo synodi (Ceremonial) of the Synods of Noyon", "TranscriptionNotes": null, "Delegated": null, "Day": null, "DatingNotes": "1274x1312", "BiblioRefs": null, "Language": "Latin", "LanguageNotes": null, "CountryModern": "France", "SourceOther": null, "OCR": "Yes", "Longitude": "2.999722", "Place": "Noyon", "IssuingAuthorityAlt": null, "EditionOther": null, "Classification": "Other", "Diocese": "Noyon", "RecordID": "65", "Month": null, "Edition": "Avril, Statuts, IV, 276-78", "BaseText": "Hard Copy Scan", "IssuingAuthority": null, "Year": "1300", "RegnalStart": null}