{"TextNeeded": null, "SourceNotes": null, "Transcription": "Reviewed ", "PlaceNotes": null, "Source": null, "Latitude": "43.6119", "NoKnownText": null, "Circa": null, "Province": "Aix-en-Provence", "RegnalEnd": null, "Fragment": null, "GeneralNotes": null, "ClassificationNotes": null, "TranscriptionNotes": null, "Delegated": null, "Day": "6", "DatingNotes": null, "BiblioRefs": null, "Language": "Latin", "LanguageNotes": null, "CountryModern": "France", "SourceOther": null, "OCR": null, "Longitude": "3.8772", "Place": "Montpellier", "IssuingAuthorityAlt": null, "EditionOther": null, "Classification": "Provincial", "Diocese": "Montpellier", "RecordID": "1916", "Month": "9", "Edition": "Mansi 23, cols 989-994", "BaseText": ["GoogleBooks", "Data Capture"], "IssuingAuthority": null, "Year": "1258", "RegnalStart": null}