{"TextNeeded": null, "SourceNotes": "Nijmegen MS not known to Avril; see transcription provided by CMA Caspers and update accordingly", "Transcription": "Reviewed ", "PlaceNotes": null, "Source": "Nijmegen, Universiteitsbibliotheek, MS 192, fol. 20r-22v", "Latitude": "50.175579", "NoKnownText": null, "Circa": null, "Province": "Reims", "RegnalEnd": "1286", "Fragment": null, "GeneralNotes": "Synod consisted of \"additiones\"", "ClassificationNotes": null, "TranscriptionNotes": null, "Delegated": null, "Day": "1", "DatingNotes": null, "BiblioRefs": null, "Language": "Latin", "LanguageNotes": null, "CountryModern": "Belgium", "SourceOther": null, "OCR": "Yes", "Longitude": "3.2345", "Place": "Cambrai", "IssuingAuthorityAlt": null, "EditionOther": "Boeren, Anciens statuts, III, 393-98", "Classification": "Diocesan", "Diocese": "Cambrai", "RecordID": "54", "Month": "10", "Edition": "Avril, Statuts, IV, 95-99", "BaseText": "Hard Copy Scan", "IssuingAuthority": "Enguerrand II de Cr\u00e9qui", "Year": "1275", "RegnalStart": "1274"}