{"TextNeeded": null, "SourceNotes": null, "Transcription": "Completed", "PlaceNotes": "suffragan of Zaragoza as of 1318", "Source": null, "Latitude": "42.818333", "NoKnownText": null, "Circa": null, "Province": "Zaragoza", "RegnalEnd": null, "Fragment": null, "GeneralNotes": null, "ClassificationNotes": null, "TranscriptionNotes": null, "Delegated": null, "Day": "8", "DatingNotes": null, "BiblioRefs": null, "Language": "Latin", "LanguageNotes": null, "CountryModern": "Spain", "SourceOther": null, "OCR": "Yes", "Longitude": "-1.644167", "Place": "Pamplona", "IssuingAuthorityAlt": null, "EditionOther": null, "Classification": "Diocesan", "Diocese": "Pamplona", "RecordID": "645", "Month": "3", "Edition": "Synodicon Hispanum, VIII, pp399-401", "BaseText": ["Library Scan", "Hard Copy Scan"], "IssuingAuthority": "Bernart de Folcaut", "Year": "1373", "RegnalStart": null}