{"TextNeeded": null, "SourceNotes": "https://books.google.com/books?id=0SGIk69vxS0C", "Transcription": "Reviewed ", "PlaceNotes": null, "Source": null, "Latitude": "49.279445", "NoKnownText": null, "Circa": null, "Province": "Rouen", "RegnalEnd": null, "Fragment": null, "GeneralNotes": null, "ClassificationNotes": null, "TranscriptionNotes": null, "Delegated": null, "Day": null, "DatingNotes": null, "BiblioRefs": null, "Language": "Latin", "LanguageNotes": null, "CountryModern": "France", "SourceOther": null, "OCR": null, "Longitude": "-0.702778", "Place": "Bayeux", "IssuingAuthorityAlt": null, "EditionOther": null, "Classification": "Diocesan", "Diocese": "Bayeux", "RecordID": "720", "Month": null, "Edition": "Bessin, II, 243-44", "BaseText": ["GoogleBooks", "Data Capture"], "IssuingAuthority": "Louis Tezart", "Year": "1370", "RegnalStart": null}