{"TextNeeded": null, "SourceNotes": "https://books.google.com/books?id=en0UAAAAYAAJ", "Transcription": "Completed", "PlaceNotes": null, "Source": null, "Latitude": "43.7072", "NoKnownText": null, "Circa": null, "Province": "Auch", "RegnalEnd": null, "Fragment": null, "GeneralNotes": null, "ClassificationNotes": null, "TranscriptionNotes": null, "Delegated": null, "Day": "4", "DatingNotes": null, "BiblioRefs": null, "Language": "Latin", "LanguageNotes": null, "CountryModern": "France", "SourceOther": null, "OCR": "Yes", "Longitude": "-1.0553", "Place": "Dax", "IssuingAuthorityAlt": null, "EditionOther": null, "Classification": "Diocesan", "Diocese": "Dax", "RecordID": "205", "Month": "3", "Edition": "Degert, \u201cConstitutions synodales,\u201d Bulletin, 23, no. 2: 86-87; no. 3: 125-29", "BaseText": ["GoogleBooks", "WebDownload"], "IssuingAuthority": "Bernard de Liposse", "Year": "1328", "RegnalStart": null}