{"TextNeeded": null, "SourceNotes": null, "Transcription": "Reviewed ", "PlaceNotes": null, "Source": null, "Latitude": "44.3", "NoKnownText": null, "Circa": null, "Province": "Milan", "RegnalEnd": "1295", "Fragment": "Yes", "GeneralNotes": "only one chapter survives", "ClassificationNotes": null, "TranscriptionNotes": null, "Delegated": null, "Day": "13", "DatingNotes": null, "BiblioRefs": null, "Language": "Latin", "LanguageNotes": null, "CountryModern": "Italy", "SourceOther": null, "OCR": null, "Longitude": "8.483333", "Place": "Savona", "IssuingAuthorityAlt": null, "EditionOther": null, "Classification": "Provincial", "Diocese": null, "RecordID": "1824", "Month": "11", "Edition": "Atti dell' arcivescovo...di Milano (Visconti), p. 8, doc. VII", "BaseText": "WebDownload", "IssuingAuthority": "Ottone VIsconti", "Year": "1266", "RegnalStart": "1262"}