{"TextNeeded": null, "SourceNotes": null, "Transcription": "Reviewed ", "PlaceNotes": null, "Source": null, "Latitude": "43.347615", "NoKnownText": null, "Circa": null, "Province": "Narbonne", "RegnalEnd": null, "Fragment": null, "GeneralNotes": "Apparent additiones to earlier text", "ClassificationNotes": null, "TranscriptionNotes": null, "Delegated": null, "Day": null, "DatingNotes": null, "BiblioRefs": null, "Language": "Latin", "LanguageNotes": null, "CountryModern": "France", "SourceOther": null, "OCR": null, "Longitude": "3.218991", "Place": "B\u00e9ziers", "IssuingAuthorityAlt": null, "EditionOther": null, "Classification": "Provincial", "Diocese": "B\u00e9ziers", "RecordID": "1976", "Month": null, "Edition": "Mansi 23, cols  715-24", "BaseText": ["GoogleBooks", "Data Capture"], "IssuingAuthority": null, "Year": "1246", "RegnalStart": null}