{"TextNeeded": null, "SourceNotes": null, "Transcription": "Completed", "PlaceNotes": null, "Source": null, "Latitude": "39.470239", "NoKnownText": null, "Circa": null, "Province": "Tarragona", "RegnalEnd": "1356", "Fragment": null, "GeneralNotes": null, "ClassificationNotes": null, "TranscriptionNotes": null, "Delegated": null, "Day": "21", "DatingNotes": null, "BiblioRefs": null, "Language": "Latin", "LanguageNotes": null, "CountryModern": "Spain", "SourceOther": null, "OCR": "Yes", "Longitude": "-0.376805", "Place": "Valencia", "IssuingAuthorityAlt": null, "EditionOther": "Perez de Heredia, Sinodos, 717-725", "Classification": "Diocesan", "Diocese": "Valencia", "RecordID": "418", "Month": "10", "Edition": "Synodicon Hispanum, XII, 776-80", "BaseText": ["Library Scan", "Hard Copy Scan"], "IssuingAuthority": "Hugo de Fenollet ", "Year": "1351", "RegnalStart": "1348"}