{"TextNeeded": null, "SourceNotes": "https://books.google.com/books?id=5lVfAAAAcAAJ", "Transcription": "Completed", "PlaceNotes": null, "Source": null, "Latitude": "43.85", "NoKnownText": null, "Circa": null, "Province": "[Holy See]", "RegnalEnd": null, "Fragment": null, "GeneralNotes": null, "ClassificationNotes": null, "TranscriptionNotes": null, "Delegated": null, "Day": "13", "DatingNotes": null, "BiblioRefs": null, "Language": "Latin", "LanguageNotes": null, "CountryModern": "Italy", "SourceOther": null, "OCR": "Yes", "Longitude": "10.5", "Place": "Lucca", "IssuingAuthorityAlt": null, "EditionOther": null, "Classification": "Diocesan", "Diocese": "Lucca", "RecordID": "1624", "Month": "11", "Edition": "Dinelli, Sinodi, 121-23", "BaseText": ["GoogleBooks", "WebDownload"], "IssuingAuthority": null, "Year": "1374", "RegnalStart": null}