{"TextNeeded": null, "SourceNotes": "https://books.google.com/books?id=0xU3m734GDcC", "Transcription": "Reviewed ", "PlaceNotes": "aka Sitten", "Source": null, "Latitude": "46.227778", "NoKnownText": null, "Circa": null, "Province": "Tarentaise", "RegnalEnd": null, "Fragment": null, "GeneralNotes": null, "ClassificationNotes": null, "TranscriptionNotes": null, "Delegated": null, "Day": null, "DatingNotes": null, "BiblioRefs": null, "Language": "Latin", "LanguageNotes": null, "CountryModern": "Switzerland", "SourceOther": null, "OCR": null, "Longitude": "7.358611", "Place": "Sion", "IssuingAuthorityAlt": null, "EditionOther": null, "Classification": "Diocesan", "Diocese": "Sion", "RecordID": "376", "Month": null, "Edition": "Gremaud, Documents, 31, 108-9 [no 1228]", "BaseText": ["GoogleBooks", "Data Capture"], "IssuingAuthority": null, "Year": "1305", "RegnalStart": null}