{"TextNeeded": null, "SourceNotes": null, "Transcription": "Completed", "PlaceNotes": null, "Source": null, "Latitude": "46.581945", "NoKnownText": null, "Circa": "Yes", "Province": "Bordeaux", "RegnalEnd": "1305", "Fragment": null, "GeneralNotes": null, "ClassificationNotes": null, "TranscriptionNotes": null, "Delegated": null, "Day": null, "DatingNotes": "1280x1284", "BiblioRefs": null, "Language": "Latin", "LanguageNotes": null, "CountryModern": "France", "SourceOther": null, "OCR": "Yes", "Longitude": "0.336112", "Place": "Poitiers", "IssuingAuthorityAlt": null, "EditionOther": null, "Classification": "Diocesan", "Diocese": "Poitiers", "RecordID": "75", "Month": null, "Edition": "Avril, Statuts, V, 116-17", "BaseText": "Hard Copy Scan", "IssuingAuthority": "Gautier de Bruges", "Year": "1282", "RegnalStart": "1279"}