{"TextNeeded": null, "SourceNotes": null, "Transcription": "Reviewed ", "PlaceNotes": null, "Source": null, "Latitude": "42.880447", "NoKnownText": null, "Circa": null, "Province": "Santiago", "RegnalEnd": null, "Fragment": null, "GeneralNotes": null, "ClassificationNotes": null, "TranscriptionNotes": null, "Delegated": null, "Day": "15", "DatingNotes": null, "BiblioRefs": null, "Language": "Latin", "LanguageNotes": null, "CountryModern": "Spain", "SourceOther": null, "OCR": "Yes", "Longitude": "-8.546303", "Place": "Santiago", "IssuingAuthorityAlt": null, "EditionOther": null, "Classification": "Diocesan", "Diocese": "Santiago", "RecordID": "584", "Month": "7", "Edition": "Synodicon Hispanum, 1, 263-266", "BaseText": ["Library Scan", "Hard Copy Scan"], "IssuingAuthority": "Bernardo II", "Year": "1229", "RegnalStart": null}