{"TextNeeded": null, "SourceNotes": "https://books.google.com/books?id=L9U-AAAAcAAJ", "Transcription": "Completed", "PlaceNotes": null, "Source": "BAV Vat Reg. lat. 450", "Latitude": "49.381667", "NoKnownText": null, "Circa": "Yes", "Province": "Reims", "RegnalEnd": null, "Fragment": null, "GeneralNotes": null, "ClassificationNotes": null, "TranscriptionNotes": null, "Delegated": null, "Day": null, "DatingNotes": "1334x1349; Martene dated these to 1334, but c. 21 references Black Death with dates of 1348-1349 specifically; in fact, as the Vatican MS makes clear, it consists of additiones dating from 1334 to 1349", "BiblioRefs": null, "Language": "Latin", "LanguageNotes": null, "CountryModern": "France", "SourceOther": null, "OCR": "Yes", "Longitude": "3.323611", "Place": "Soissons", "IssuingAuthorityAlt": null, "EditionOther": null, "Classification": "Diocesan", "Diocese": "Soissons", "RecordID": "280", "Month": null, "Edition": "Gousset, APER II, 577-582", "BaseText": "WebDownload", "IssuingAuthority": null, "Year": "1340", "RegnalStart": null}