{"TextNeeded": null, "SourceNotes": null, "Transcription": "Completed", "PlaceNotes": null, "Source": null, "Latitude": "40.812778", "NoKnownText": null, "Circa": null, "Province": "Tarragona", "RegnalEnd": "1316", "Fragment": null, "GeneralNotes": null, "ClassificationNotes": null, "TranscriptionNotes": null, "Delegated": null, "Day": "18", "DatingNotes": "11-18 November", "BiblioRefs": null, "Language": "Latin", "LanguageNotes": null, "CountryModern": "Spain", "SourceOther": null, "OCR": "Yes", "Longitude": "0.523333", "Place": "Tortosa", "IssuingAuthorityAlt": "Francisco de Paholach", "EditionOther": null, "Classification": "Diocesan", "Diocese": "Tortosa", "RecordID": "864", "Month": "11", "Edition": "Synodicon Hispanum, XII, 627-30", "BaseText": ["Library Scan", "Hard Copy Scan"], "IssuingAuthority": "Francesc de Paulhac", "Year": "1311", "RegnalStart": "1310"}