{"TextNeeded": null, "SourceNotes": null, "Transcription": "Reviewed ", "PlaceNotes": "Place unknown", "Source": null, "Latitude": "49.443889", "NoKnownText": null, "Circa": null, "Province": "Rouen", "RegnalEnd": null, "Fragment": null, "GeneralNotes": "Only list of reserved cases survives", "ClassificationNotes": null, "TranscriptionNotes": null, "Delegated": null, "Day": null, "DatingNotes": null, "BiblioRefs": null, "Language": "Latin", "LanguageNotes": null, "CountryModern": "France", "SourceOther": null, "OCR": null, "Longitude": "1.103333", "Place": "Rouen", "IssuingAuthorityAlt": null, "EditionOther": null, "Classification": "Provincial", "Diocese": null, "RecordID": "2048", "Month": null, "Edition": "Bessin, Concilia, I, 174-75", "BaseText": "Data Capture", "IssuingAuthority": null, "Year": "1321", "RegnalStart": null}