{"TextNeeded": null, "SourceNotes": "https://books.google.com/books?id=dow-AAAAcAAJ", "Transcription": "Completed", "PlaceNotes": null, "Source": null, "Latitude": "49.7596", "NoKnownText": null, "Circa": null, "Province": "Trier", "RegnalEnd": "1354", "Fragment": null, "GeneralNotes": "concerning feast days", "ClassificationNotes": null, "TranscriptionNotes": null, "Delegated": null, "Day": "8", "DatingNotes": null, "BiblioRefs": null, "Language": "Latin", "LanguageNotes": null, "CountryModern": "Germany", "SourceOther": null, "OCR": "Yes", "Longitude": "6.6439", "Place": "Trier", "IssuingAuthorityAlt": null, "EditionOther": null, "Classification": "Provincial", "Diocese": "Trier", "RecordID": "2163", "Month": "4", "Edition": "Blattau, Statuta synodalia, I, 166-168", "BaseText": ["GoogleBooks", "WebDownload"], "IssuingAuthority": "Baldwin of Luxembourg", "Year": "1338", "RegnalStart": "1307"}