{"TextNeeded": null, "SourceNotes": null, "Transcription": "Reviewed ", "PlaceNotes": null, "Source": null, "Latitude": "42.016667", "NoKnownText": null, "Circa": null, "Province": "Toledo", "RegnalEnd": null, "Fragment": null, "GeneralNotes": null, "ClassificationNotes": "issued by vicars Pedro Mart\u00ednez & Juan P\u00e9rez de Villaquir\u00e1n", "TranscriptionNotes": null, "Delegated": "Yes", "Day": "14", "DatingNotes": null, "BiblioRefs": null, "Language": "Latin", "LanguageNotes": "With additions in Old Spanish", "CountryModern": "Spain", "SourceOther": null, "OCR": "Yes", "Longitude": "-4.533333", "Place": "Palencia", "IssuingAuthorityAlt": null, "EditionOther": null, "Classification": "Diocesan", "Diocese": "Palencia", "RecordID": "633", "Month": "12", "Edition": "Synodicon Hispanum, VII, pp352-355", "BaseText": ["Library Scan", "Hard Copy Scan"], "IssuingAuthority": "Blas Fern\u00e1ndez de Toledo", "Year": "1344", "RegnalStart": null}