{"TextNeeded": null, "SourceNotes": null, "Transcription": "Reviewed ", "PlaceNotes": null, "Source": null, "Latitude": "52.6653", "NoKnownText": null, "Circa": null, "Province": "Cashel", "RegnalEnd": "1484", "Fragment": null, "GeneralNotes": null, "ClassificationNotes": null, "TranscriptionNotes": null, "Delegated": null, "Day": "6", "DatingNotes": null, "BiblioRefs": null, "Language": "Latin", "LanguageNotes": null, "CountryModern": "Ireland", "SourceOther": null, "OCR": null, "Longitude": "-8.6238", "Place": "Limerick", "IssuingAuthorityAlt": null, "EditionOther": null, "Classification": "Provincial", "Diocese": "Limerick", "RecordID": "1449", "Month": "8", "Edition": "Records of Convocation 16, pp253-66", "BaseText": ["Library Scan", "Hard Copy Scan"], "IssuingAuthority": "John Cantwell II", "Year": "1453", "RegnalStart": "1452"}