{"TextNeeded": null, "SourceNotes": "survives in 16th-c copy in Arch Cap di Verona", "Transcription": "Reviewed ", "PlaceNotes": null, "Source": null, "Latitude": "45.55", "NoKnownText": null, "Circa": "Yes", "Province": "Aquileia", "RegnalEnd": "1320", "Fragment": null, "GeneralNotes": null, "ClassificationNotes": null, "TranscriptionNotes": null, "Delegated": null, "Day": null, "DatingNotes": null, "BiblioRefs": null, "Language": "Latin", "LanguageNotes": null, "CountryModern": "Italy", "SourceOther": null, "OCR": null, "Longitude": "11.55", "Place": "Vicenza", "IssuingAuthorityAlt": null, "EditionOther": "Secco, Riforma del clero", "Classification": "Diocesan", "Diocese": "Vicenza", "RecordID": "264", "Month": null, "Edition": "Mantese, Memorie storiche della chiesa vicentina, II, doc 19 (pp542-565)", "BaseText": ["Library Scan", "WebDownload"], "IssuingAuthority": "Sperandio", "Year": "1317", "RegnalStart": "1315"}