{"TextNeeded": null, "SourceNotes": null, "Transcription": "Completed", "PlaceNotes": null, "Source": null, "Latitude": "50.175579", "NoKnownText": null, "Circa": null, "Province": "Reims", "RegnalEnd": "1368", "Fragment": null, "GeneralNotes": null, "ClassificationNotes": null, "TranscriptionNotes": null, "Delegated": null, "Day": null, "DatingNotes": null, "BiblioRefs": null, "Language": "Latin", "LanguageNotes": null, "CountryModern": "Belgium", "SourceOther": null, "OCR": "Yes", "Longitude": "3.2345", "Place": "Cambrai", "IssuingAuthorityAlt": "Petrus de Claromonte", "EditionOther": null, "Classification": "Diocesan", "Diocese": "Cambrai", "RecordID": "774", "Month": null, "Edition": "Reusens, Statuta, 93-95", "BaseText": ["GoogleBooks", "Library Scan", "WebDownload"], "IssuingAuthority": "Pierre de Clermont", "Year": "1358", "RegnalStart": "1349"}