{"TextNeeded": null, "SourceNotes": null, "Transcription": "Reviewed ", "PlaceNotes": null, "Source": null, "Latitude": "48.24754", "NoKnownText": null, "Circa": null, "Province": "Sens", "RegnalEnd": null, "Fragment": null, "GeneralNotes": "Appear in MSS as additions to Orleans 1314; check attribution and dating", "ClassificationNotes": null, "TranscriptionNotes": null, "Delegated": null, "Day": null, "DatingNotes": null, "BiblioRefs": null, "Language": "Latin", "LanguageNotes": null, "CountryModern": "France", "SourceOther": null, "OCR": null, "Longitude": "3.287659", "Place": "Paris", "IssuingAuthorityAlt": null, "EditionOther": null, "Classification": "Provincial", "Diocese": "Paris", "RecordID": "2055", "Month": null, "Edition": "Martene Vet Script VII, cols. 1285-89", "BaseText": ["GoogleBooks", "Data Capture"], "IssuingAuthority": "Guillaume de Melun", "Year": "1323", "RegnalStart": null}