{"TextNeeded": null, "SourceNotes": "https://books.google.com/books?id=OcQPXFeqPScC (this is the 2nd edition; the first was published the same year, in Angers)", "Transcription": "Reviewed ", "PlaceNotes": null, "Source": "Paris, BnF fr 22354, p73", "Latitude": "47.473612", "NoKnownText": null, "Circa": null, "Province": "Tours", "RegnalEnd": "1355", "Fragment": null, "GeneralNotes": null, "ClassificationNotes": null, "TranscriptionNotes": null, "Delegated": null, "Day": null, "DatingNotes": "Saint Luke", "BiblioRefs": null, "Language": "Latin", "LanguageNotes": null, "CountryModern": "France", "SourceOther": null, "OCR": null, "Longitude": "-0.554167", "Place": "Angers", "IssuingAuthorityAlt": null, "EditionOther": null, "Classification": "Diocesan", "Diocese": "Angers", "RecordID": "906", "Month": null, "Edition": "Arnauld, Statuts du diocese d'Angers (1680), 124-25", "BaseText": ["GoogleBooks", "Data Capture"], "IssuingAuthority": "Foulque de Mathefelon", "Year": "1326", "RegnalStart": "1324"}