{"TextNeeded": null, "SourceNotes": "https://books.google.com/books?id=VfQ-AAAAcAAJ", "Transcription": "Reviewed ", "PlaceNotes": null, "Source": null, "Latitude": "55.395833", "NoKnownText": null, "Circa": null, "Province": "Lund", "RegnalEnd": "1252", "Fragment": null, "GeneralNotes": null, "ClassificationNotes": null, "TranscriptionNotes": null, "Delegated": null, "Day": null, "DatingNotes": null, "BiblioRefs": null, "Language": "Latin", "LanguageNotes": null, "CountryModern": "Denmark", "SourceOther": null, "OCR": null, "Longitude": "10.388611", "Place": "Odense", "IssuingAuthorityAlt": null, "EditionOther": "Mansi, 23, col. 604", "Classification": "Provincial", "Diocese": null, "RecordID": "2049", "Month": null, "Edition": "Pontoppidan, Annales Ecclesiae Danicae Diplomatici, I, (Copenhagen 1744), 657-58", "BaseText": "WebDownload", "IssuingAuthority": "Offo", "Year": "1245", "RegnalStart": "1230"}