{"TextNeeded": null, "SourceNotes": ["https://sok.riksarkivet.se/sdhk SDHK-nr: 1070", "https://books.google.com/books?id=EnWyZimmPqsC"], "Transcription": "Reviewed ", "PlaceNotes": "previously known as T\u00e4lje", "Source": null, "Latitude": "59.183333", "NoKnownText": null, "Circa": null, "Province": "Uppsala", "RegnalEnd": "1281", "Fragment": null, "GeneralNotes": null, "ClassificationNotes": null, "TranscriptionNotes": null, "Delegated": null, "Day": null, "DatingNotes": null, "BiblioRefs": null, "Language": "Latin", "LanguageNotes": null, "CountryModern": "Sweden", "SourceOther": null, "OCR": null, "Longitude": "17.666663", "Place": "S\u00f6dert\u00e4lje", "IssuingAuthorityAlt": "Jacobus Israelis ", "EditionOther": "Diplomatarium Suecanum, no. 692 [=I, 558-566]", "Classification": "Provincial", "Diocese": "Str\u00e4ngn\u00e4s", "RecordID": "33", "Month": null, "Edition": "SDHK-nr: 1070", "BaseText": "Other", "IssuingAuthority": "Jakob", "Year": "1279", "RegnalStart": "1277"}