{"TextNeeded": null, "SourceNotes": null, "Transcription": "Completed", "PlaceNotes": null, "Source": null, "Latitude": "48.455847", "NoKnownText": null, "Circa": "Yes", "Province": "Sens", "RegnalEnd": null, "Fragment": null, "GeneralNotes": "Copy made in 1368 by J. Jacquelin", "ClassificationNotes": null, "TranscriptionNotes": null, "Delegated": null, "Day": null, "DatingNotes": "1355x1368 [copied 1368]", "BiblioRefs": null, "Language": "Latin", "LanguageNotes": null, "CountryModern": "France", "SourceOther": null, "OCR": null, "Longitude": "1.484184", "Place": "Chartres", "IssuingAuthorityAlt": null, "EditionOther": "Martene, Vet Script, 7, coll 1360-64 ", "Classification": "Diocesan", "Diocese": "Chartres", "RecordID": "1032", "Month": null, "Edition": "Jusselin, Chartres, 69-99", "BaseText": "Hard Copy Scan", "IssuingAuthority": null, "Year": "1360", "RegnalStart": null}