{"TextNeeded": null, "SourceNotes": null, "Transcription": "Completed", "PlaceNotes": null, "Source": null, "Latitude": "39.470239", "NoKnownText": null, "Circa": null, "Province": "Tarragona", "RegnalEnd": "1288", "Fragment": null, "GeneralNotes": "-Puchades, Als ulls, 93, notes that none of the general councils of the Tarraconense celebrated between 1274 and 1330 contain constitutions against usury, which makes the inclusion of 3 canons against usury in the Valencia 1296 synod all the more striking (especially since nothing on usury was in 1278 and 1280 Valencia synods).", "ClassificationNotes": null, "TranscriptionNotes": null, "Delegated": null, "Day": "26", "DatingNotes": null, "BiblioRefs": null, "Language": "Latin", "LanguageNotes": null, "CountryModern": "Spain", "SourceOther": null, "OCR": "Yes", "Longitude": "-0.376805", "Place": "Valencia", "IssuingAuthorityAlt": null, "EditionOther": "Perez de Heredia, Sinodos, 603-608", "Classification": "Diocesan", "Diocese": "Valencia", "RecordID": "415", "Month": "10", "Edition": "Synodicon Hispanum, XII, 724-27", "BaseText": ["Library Scan", "Hard Copy Scan"], "IssuingAuthority": "Jazperto de Botonach ", "Year": "1278", "RegnalStart": "1276"}