{"TextNeeded": null, "SourceNotes": null, "Transcription": "Reviewed ", "PlaceNotes": null, "Source": null, "Latitude": "51.0632", "NoKnownText": null, "Circa": "Yes", "Province": "Canterbury", "RegnalEnd": "1250", "Fragment": null, "GeneralNotes": "Borrow heavily from Grosseteste's statutes for Lincoln (Raleigh being a close friend of Grosseteste)", "ClassificationNotes": null, "TranscriptionNotes": null, "Delegated": null, "Day": null, "DatingNotes": "probably issued autumn 1247; certainly issued before late 1249", "BiblioRefs": null, "Language": "Latin", "LanguageNotes": null, "CountryModern": "England", "SourceOther": null, "OCR": null, "Longitude": "-1.308", "Place": "Winchester", "IssuingAuthorityAlt": "William de Raley", "EditionOther": null, "Classification": "Diocesan", "Diocese": "Winchester", "RecordID": "1501", "Month": null, "Edition": "Powicke & Cheney I, 403-16", "BaseText": "Data Capture", "IssuingAuthority": "William Raleigh", "Year": "1247", "RegnalStart": "1242"}