{"TextNeeded": null, "SourceNotes": null, "Transcription": "Reviewed ", "PlaceNotes": null, "Source": null, "Latitude": "47.9025", "NoKnownText": null, "Circa": "Yes", "Province": "Sens", "RegnalEnd": null, "Fragment": null, "GeneralNotes": "gathered and reissued in 1314", "ClassificationNotes": null, "TranscriptionNotes": null, "Delegated": null, "Day": null, "DatingNotes": "before 1314", "BiblioRefs": null, "Language": "Latin", "LanguageNotes": null, "CountryModern": "France", "SourceOther": null, "OCR": null, "Longitude": "1.909", "Place": "Orl\u00e9ans", "IssuingAuthorityAlt": null, "EditionOther": null, "Classification": "Diocesan", "Diocese": "Orl\u00e9ans", "RecordID": "192", "Month": null, "Edition": "Martene, Vet Script, VII, coll 1273-85", "BaseText": ["GoogleBooks", "Data Capture"], "IssuingAuthority": "Milon de Chailli", "Year": "1314", "RegnalStart": null}