{"TextNeeded": null, "SourceNotes": null, "Transcription": "Reviewed ", "PlaceNotes": null, "Source": null, "Latitude": "48.785833", "NoKnownText": null, "Circa": null, "Province": "Tours", "RegnalEnd": null, "Fragment": null, "GeneralNotes": null, "ClassificationNotes": null, "TranscriptionNotes": null, "Delegated": null, "Day": null, "DatingNotes": null, "BiblioRefs": null, "Language": "Latin", "LanguageNotes": null, "CountryModern": "France", "SourceOther": null, "OCR": null, "Longitude": "-3.231111", "Place": "Tr\u00e9guier", "IssuingAuthorityAlt": null, "EditionOther": null, "Classification": "Diocesan", "Diocese": "Tr\u00e9guier", "RecordID": "238", "Month": null, "Edition": "Martene, Thes IV, 1126-29", "BaseText": ["GoogleBooks", "Data Capture"], "IssuingAuthority": null, "Year": "1380", "RegnalStart": null}