{"TextNeeded": null, "SourceNotes": null, "Transcription": "Completed", "PlaceNotes": null, "Source": null, "Latitude": "39.470239", "NoKnownText": null, "Circa": null, "Province": "Tarragona", "RegnalEnd": "1396", "Fragment": null, "GeneralNotes": null, "ClassificationNotes": null, "TranscriptionNotes": null, "Delegated": null, "Day": "18", "DatingNotes": "10-18 July", "BiblioRefs": null, "Language": "Latin", "LanguageNotes": null, "CountryModern": "Spain", "SourceOther": null, "OCR": "Yes", "Longitude": "-0.376805", "Place": "Valencia", "IssuingAuthorityAlt": "Jaime de Arag\u00f3n", "EditionOther": "Perez de Heredia, Sinodos, 779-798", "Classification": "Diocesan", "Diocese": "Valencia", "RecordID": "422", "Month": "7", "Edition": "Synodicon Hispanum, XII, 805-14", "BaseText": ["Library Scan", "Hard Copy Scan"], "IssuingAuthority": "Jaume de Prades i de Foix", "Year": "1385", "RegnalStart": "1369"}