{"TextNeeded": null, "SourceNotes": null, "Transcription": "Reviewed ", "PlaceNotes": null, "Source": null, "Latitude": "44.350556", "NoKnownText": null, "Circa": null, "Province": "Bourges", "RegnalEnd": null, "Fragment": null, "GeneralNotes": null, "ClassificationNotes": null, "TranscriptionNotes": null, "Delegated": null, "Day": null, "DatingNotes": null, "BiblioRefs": null, "Language": "Latin", "LanguageNotes": null, "CountryModern": "France", "SourceOther": null, "OCR": null, "Longitude": "2.575", "Place": "Rodez", "IssuingAuthorityAlt": null, "EditionOther": null, "Classification": "Diocesan", "Diocese": "Rodez", "RecordID": "203", "Month": null, "Edition": "Martene, Thes, IV, col. 776-86", "BaseText": ["GoogleBooks", "Data Capture"], "IssuingAuthority": null, "Year": "1341", "RegnalStart": null}