{"TextNeeded": null, "SourceNotes": ["digitized http://gallica.bnf.fr/ark:/12148/btv1b9076490w ", "https://books.google.com/books?id=0SGIk69vxS0C"], "Transcription": "Reviewed ", "PlaceNotes": null, "Source": "Paris, BnF lat 1611, fols. 14v-26r", "Latitude": "49.279445", "NoKnownText": null, "Circa": "Yes", "Province": "Rouen", "RegnalEnd": null, "Fragment": null, "GeneralNotes": "issued by Bp Guillaume Bonnet, r. 1306-12 (acc. MS) or Guillaume de Trie, r. 1312-1317 (acc. Bessin)", "ClassificationNotes": null, "TranscriptionNotes": "Bessin edition missing a passage from the MS: fol. 23v-24, \"Ne religiosi approprient sibi decimas\"; transcribed RWD [largely follows a later addition to Liber de Excommunicatione of Berenger Fredol; https://books.google.com/books?id=lvATAwAAQBAJ at p. 69] ", "Delegated": null, "Day": null, "DatingNotes": "1306x1317", "BiblioRefs": null, "Language": "Latin", "LanguageNotes": null, "CountryModern": "France", "SourceOther": null, "OCR": null, "Longitude": "-0.702778", "Place": "Bayeux", "IssuingAuthorityAlt": null, "EditionOther": null, "Classification": "Diocesan", "Diocese": "Bayeux", "RecordID": "971", "Month": null, "Edition": "Bessin, Concilia, II, 237-43", "BaseText": ["GoogleBooks", "Digital MS"], "IssuingAuthority": null, "Year": "1310", "RegnalStart": null}