{"TextNeeded": null, "SourceNotes": null, "Transcription": "Reviewed ", "PlaceNotes": null, "Source": null, "Latitude": "49.443889", "NoKnownText": null, "Circa": null, "Province": "Rouen", "RegnalEnd": null, "Fragment": null, "GeneralNotes": "49 canons", "ClassificationNotes": null, "TranscriptionNotes": null, "Delegated": null, "Day": null, "DatingNotes": "or early 1232", "BiblioRefs": null, "Language": "Latin", "LanguageNotes": null, "CountryModern": "France", "SourceOther": null, "OCR": null, "Longitude": "1.103333", "Place": "Rouen", "IssuingAuthorityAlt": null, "EditionOther": null, "Classification": "Provincial", "Diocese": "Rouen", "RecordID": "1255", "Month": null, "Edition": "Bessin, Concilia, I, pp134-38", "BaseText": ["GoogleBooks", "Data Capture"], "IssuingAuthority": "Maurice", "Year": "1231", "RegnalStart": null}