{"TextNeeded": null, "SourceNotes": null, "Transcription": "Completed", "PlaceNotes": null, "Source": null, "Latitude": "44.837912", "NoKnownText": null, "Circa": null, "Province": "Bordeaux", "RegnalEnd": null, "Fragment": null, "GeneralNotes": [], "ClassificationNotes": null, "TranscriptionNotes": null, "Delegated": null, "Day": null, "DatingNotes": "Winter", "BiblioRefs": null, "Language": "Latin", "LanguageNotes": null, "CountryModern": "France", "SourceOther": null, "OCR": "Yes", "Longitude": "-0.579541", "Place": "Bordeaux", "IssuingAuthorityAlt": null, "EditionOther": null, "Classification": "Diocesan", "Diocese": "Bordeaux", "RecordID": "663", "Month": null, "Edition": "Avril, Statuts, V, 28-30", "BaseText": "Hard Copy Scan", "IssuingAuthority": null, "Year": "1263", "RegnalStart": null}