{"TextNeeded": null, "SourceNotes": null, "Transcription": "Reviewed ", "PlaceNotes": null, "Source": null, "Latitude": "47.473612", "NoKnownText": null, "Circa": "Yes", "Province": "Tours", "RegnalEnd": "1260", "Fragment": null, "GeneralNotes": "Additiones to Synodal de l'Ouest", "ClassificationNotes": null, "TranscriptionNotes": "Facing page French translation", "Delegated": null, "Day": null, "DatingNotes": "1240x1247", "BiblioRefs": null, "Language": "Latin", "LanguageNotes": null, "CountryModern": "France", "SourceOther": null, "OCR": "Yes", "Longitude": "-0.554167", "Place": "Angers", "IssuingAuthorityAlt": null, "EditionOther": null, "Classification": "Diocesan", "Diocese": "Angers", "RecordID": "1281", "Month": null, "Edition": "Pontal, Statuts, II, 142", "BaseText": ["GoogleBooks", "WebDownload"], "IssuingAuthority": "Michel Villoiseau", "Year": "1245", "RegnalStart": "1240"}