{"TextNeeded": null, "SourceNotes": "Some texts are known to predate Winchelsey's election as AB, but throughout later Middle Ages these were consistently ascribed to him", "Transcription": "Reviewed ", "PlaceNotes": "or Merton?", "Source": null, "Latitude": "51.4903", "NoKnownText": null, "Circa": "Yes", "Province": "Canterbury", "RegnalEnd": "1313", "Fragment": null, "GeneralNotes": null, "ClassificationNotes": "Unpublished drafts or personal mandates", "TranscriptionNotes": null, "Delegated": null, "Day": null, "DatingNotes": "1295x1313", "BiblioRefs": "Cheney, \"So-called Statutes of John Pecham and Robert Winchelsey,\" ", "Language": "Latin", "LanguageNotes": null, "CountryModern": "England", "SourceOther": null, "OCR": null, "Longitude": "-0.1193", "Place": "Lambeth", "IssuingAuthorityAlt": null, "EditionOther": null, "Classification": "Other", "Diocese": null, "RecordID": "1527", "Month": null, "Edition": "Powicke & Cheney II, 1382-1393", "BaseText": "Data Capture", "IssuingAuthority": "Robert Winchelsey", "Year": "1305", "RegnalStart": "1294"}