{"TextNeeded": null, "SourceNotes": ["Survive in 1509 compilation", "digital version downloaded: http://www.tablettes-rennaises.fr/themes/rennes/static/flipbook/index.html?userid=0&docid=34287&language=fra ; "], "Transcription": "Reviewed ", "PlaceNotes": null, "Source": null, "Latitude": "48.550833", "NoKnownText": null, "Circa": "Yes", "Province": "Tours", "RegnalEnd": null, "Fragment": null, "GeneralNotes": ["First part is compilation of earlier statutes", "Inc. Primo. Monemus omnes ecclesiarum rectores curam animarum habentes", "Second part are new statutes issued by Bp Guillaume de Brie"], "ClassificationNotes": null, "TranscriptionNotes": null, "Delegated": null, "Day": null, "DatingNotes": "1386x1390", "BiblioRefs": null, "Language": "Latin", "LanguageNotes": null, "CountryModern": "France", "SourceOther": null, "OCR": null, "Longitude": "-1.755833", "Place": "Dol-de-Bretagne", "IssuingAuthorityAlt": null, "EditionOther": null, "Classification": "Diocesan", "Diocese": "Dol", "RecordID": "458", "Month": null, "Edition": "Statuts synodaux du dioc\u00e8se de Dol, revus et publi\u00e9s par Mathurin de Pledran, \u00e9v\u00eaque de Dol. Nannetensis: per Guillermum Tourquetil, 1509, fol. 2v-7v & 7v-14v", "BaseText": "Digital MS", "IssuingAuthority": "Guillaume de Brie", "Year": "1388", "RegnalStart": null}