{"TextNeeded": null, "SourceNotes": null, "Transcription": "Completed", "PlaceNotes": null, "Source": null, "Latitude": "46.9933", "NoKnownText": null, "Circa": null, "Province": "Sens", "RegnalEnd": null, "Fragment": "Yes", "GeneralNotes": null, "ClassificationNotes": "Fragmentum statutorum ecclesiae Nivernensis", "TranscriptionNotes": null, "Delegated": null, "Day": null, "DatingNotes": null, "BiblioRefs": null, "Language": "Latin", "LanguageNotes": null, "CountryModern": "France", "SourceOther": null, "OCR": "Yes", "Longitude": "3.1572", "Place": "Nevers", "IssuingAuthorityAlt": null, "EditionOther": null, "Classification": "Other", "Diocese": "Nevers", "RecordID": "2107", "Month": null, "Edition": "Mansi, 23, cols 731-734", "BaseText": "WebDownload", "IssuingAuthority": null, "Year": "1246", "RegnalStart": null}