{"TextNeeded": null, "SourceNotes": "[R 25031] [downloaded from BnF]", "Transcription": "Completed", "PlaceNotes": "aka diocese of Cornouaille", "Source": "Paris, BnF 1547, fol. 33-34", "Latitude": "47.9967", "NoKnownText": null, "Circa": null, "Province": "Tours", "RegnalEnd": null, "Fragment": null, "GeneralNotes": null, "ClassificationNotes": null, "TranscriptionNotes": "Needs careful review by RWD", "Delegated": null, "Day": null, "DatingNotes": null, "BiblioRefs": null, "Language": "Latin", "LanguageNotes": null, "CountryModern": "France", "SourceOther": null, "OCR": null, "Longitude": "-4.0964", "Place": "Quimper", "IssuingAuthorityAlt": null, "EditionOther": null, "Classification": "Diocesan", "Diocese": "Quimper", "RecordID": "1151", "Month": null, "Edition": null, "BaseText": "Digital MS", "IssuingAuthority": null, "Year": "1499", "RegnalStart": null}