{"TextNeeded": null, "SourceNotes": null, "Transcription": "Completed", "PlaceNotes": null, "Source": "Geneva, AE, MS hist 47, f\u00b0143v-145v", "Latitude": "46.2", "NoKnownText": null, "Circa": null, "Province": "Vienne", "RegnalEnd": null, "Fragment": null, "GeneralNotes": null, "ClassificationNotes": null, "TranscriptionNotes": null, "Delegated": null, "Day": "13", "DatingNotes": null, "BiblioRefs": null, "Language": "Latin", "LanguageNotes": null, "CountryModern": "Switzerland", "SourceOther": null, "OCR": null, "Longitude": "6.15", "Place": "Geneva", "IssuingAuthorityAlt": null, "EditionOther": null, "Classification": "Diocesan", "Diocese": "Geneva", "RecordID": "438", "Month": "5", "Edition": null, "BaseText": "Digital MS", "IssuingAuthority": "Pierre de Faucigny", "Year": "1336", "RegnalStart": null}