{"TextNeeded": null, "SourceNotes": "https://books.google.com/books?id=L9U-AAAAcAAJ", "Transcription": "Completed", "PlaceNotes": null, "Source": null, "Latitude": "49.581667", "NoKnownText": null, "Circa": null, "Province": "Reims", "RegnalEnd": null, "Fragment": null, "GeneralNotes": "concerned with internal church matters", "ClassificationNotes": null, "TranscriptionNotes": null, "Delegated": null, "Day": null, "DatingNotes": null, "BiblioRefs": null, "Language": "Latin", "LanguageNotes": null, "CountryModern": "France", "SourceOther": null, "OCR": "Yes", "Longitude": "2.999722", "Place": "Noyon", "IssuingAuthorityAlt": null, "EditionOther": null, "Classification": "Provincial", "Diocese": "Noyon", "RecordID": "281", "Month": null, "Edition": "Gousset, APER II, 589-96", "BaseText": "WebDownload", "IssuingAuthority": null, "Year": "1344", "RegnalStart": null}