{"TextNeeded": null, "SourceNotes": null, "Transcription": "Reviewed ", "PlaceNotes": "Santa Maria in Castello", "Source": null, "Latitude": "45.4375", "NoKnownText": null, "Circa": null, "Province": "Aquileia", "RegnalEnd": null, "Fragment": null, "GeneralNotes": null, "ClassificationNotes": null, "TranscriptionNotes": null, "Delegated": null, "Day": "29", "DatingNotes": null, "BiblioRefs": null, "Language": "Latin", "LanguageNotes": null, "CountryModern": "Italy", "SourceOther": null, "OCR": "Yes", "Longitude": "12.335833", "Place": "Castello", "IssuingAuthorityAlt": null, "EditionOther": null, "Classification": "Provincial", "Diocese": null, "RecordID": "497", "Month": "5", "Edition": "Marcuzzi, Sinodi aquileiesi, pp342-48", "BaseText": ["Library Scan", "Hard Copy Scan"], "IssuingAuthority": "Bertrando", "Year": "1335", "RegnalStart": null}