{"TextNeeded": null, "SourceNotes": null, "Transcription": "Reviewed ", "PlaceNotes": null, "Source": null, "Latitude": "43.1836", "NoKnownText": null, "Circa": null, "Province": "Narbonne", "RegnalEnd": null, "Fragment": null, "GeneralNotes": "17 of the canons taken from Lavaur 1368; others drawn from other earlier gatherings", "ClassificationNotes": null, "TranscriptionNotes": null, "Delegated": null, "Day": "15", "DatingNotes": null, "BiblioRefs": null, "Language": "Latin", "LanguageNotes": null, "CountryModern": "France", "SourceOther": null, "OCR": null, "Longitude": "3.0042", "Place": "Narbonne", "IssuingAuthorityAlt": null, "EditionOther": null, "Classification": "Provincial", "Diocese": "Narbonne", "RecordID": "370", "Month": "4", "Edition": "Mansi 26, col 587-608", "BaseText": ["GoogleBooks", "Data Capture"], "IssuingAuthority": null, "Year": "1374", "RegnalStart": null}