{"TextNeeded": null, "SourceNotes": null, "Transcription": "Reviewed ", "PlaceNotes": null, "Source": null, "Latitude": "44.51944", "NoKnownText": null, "Circa": "Yes", "Province": "Bourges", "RegnalEnd": null, "Fragment": null, "GeneralNotes": null, "ClassificationNotes": "Constititutiones (second part of the text)", "TranscriptionNotes": null, "Delegated": null, "Day": null, "DatingNotes": "first redaction in 1292-1293, with additions and corrections in 1294-1295 (see Avril, Bourges, 210)", "BiblioRefs": null, "Language": "Latin", "LanguageNotes": null, "CountryModern": "France", "SourceOther": null, "OCR": "Yes", "Longitude": "3.50139", "Place": "Mende", "IssuingAuthorityAlt": "Guglielmus Durantis", "EditionOther": "Instructions et constitutions de Guillaume Durand le Sp\u00e9culateur publi\u00e9es d\u2019apr\u00e8s le manuscrit de Cessenon. Eds. Jos. Berthel\u00e9 and M. Valmary. Montpellier: Delord-Boehm et Martial, 1900. [=M\u00e9moires de l\u2019Acad\u00e9mie des sciences et lettres de Montpellier, ser. 2, 3 (1905): 1-148.])", "Classification": "Liber Synodalis", "Diocese": "Mende", "RecordID": "2111", "Month": null, "Edition": "Avril, Bourges, 312-350", "BaseText": "Hard Copy Scan", "IssuingAuthority": "William Durand", "Year": "1292", "RegnalStart": null}