{"TextNeeded": null, "SourceNotes": null, "Transcription": "Reviewed ", "PlaceNotes": null, "Source": null, "Latitude": "44.5658", "NoKnownText": null, "Circa": null, "Province": "Embrun", "RegnalEnd": "1294", "Fragment": null, "GeneralNotes": "confirmation of Henry of Susa's statutes (1 c.) and 4 new statutes", "ClassificationNotes": null, "TranscriptionNotes": null, "Delegated": null, "Day": null, "DatingNotes": null, "BiblioRefs": null, "Language": "Latin", "LanguageNotes": null, "CountryModern": "France", "SourceOther": null, "OCR": null, "Longitude": "6.4961", "Place": "Embrun", "IssuingAuthorityAlt": null, "EditionOther": "Mansi 24, col 1064-1066", "Classification": "Provincial", "Diocese": "Embrun", "RecordID": "316", "Month": null, "Edition": "Martene, Thes IV, 209-210", "BaseText": ["GoogleBooks", "Data Capture"], "IssuingAuthority": "Raymond de Mevouillon", "Year": "1290", "RegnalStart": "1289"}