{"TextNeeded": null, "SourceNotes": null, "Transcription": "Reviewed ", "PlaceNotes": null, "Source": null, "Latitude": "52.0565", "NoKnownText": null, "Circa": null, "Province": "Canterbury", "RegnalEnd": null, "Fragment": null, "GeneralNotes": null, "ClassificationNotes": "Episcopal mandate", "TranscriptionNotes": null, "Delegated": null, "Day": "2", "DatingNotes": null, "BiblioRefs": null, "Language": "Latin", "LanguageNotes": null, "CountryModern": "England", "SourceOther": null, "OCR": null, "Longitude": "-2.716", "Place": "Hereford", "IssuingAuthorityAlt": null, "EditionOther": null, "Classification": "Other", "Diocese": "Hereford", "RecordID": "1521", "Month": "8", "Edition": "Powicke & Cheney II, 823-24", "BaseText": "Data Capture", "IssuingAuthority": "Thomas de Cantilupe", "Year": "1277", "RegnalStart": null}