{"TextNeeded": null, "SourceNotes": null, "Transcription": "Completed", "PlaceNotes": null, "Source": null, "Latitude": "39.470239", "NoKnownText": null, "Circa": null, "Province": "Tarragona", "RegnalEnd": "1312", "Fragment": null, "GeneralNotes": "-Puchades, Als ulls, 93, notes that none of the general councils of the Tarraconense celebrated between 1274 and 1330 contain constitutions against usury, which makes the inclusion of 3 canons against usury in the Valencia 1296 synod all the more striking (especially since nothing on usury was in 1278 and 1280 Valencia synods).", "ClassificationNotes": null, "TranscriptionNotes": null, "Delegated": null, "Day": "18", "DatingNotes": null, "BiblioRefs": null, "Language": "Latin", "LanguageNotes": null, "CountryModern": "Spain", "SourceOther": null, "OCR": "Yes", "Longitude": "-0.376805", "Place": "Valencia", "IssuingAuthorityAlt": null, "EditionOther": "Perez de Heredia, Sinodos, 617-678", "Classification": "Diocesan", "Diocese": "Valencia", "RecordID": "408", "Month": "9", "Edition": "Synodicon Hispanum, XII, 730-56", "BaseText": ["Library Scan", "Hard Copy Scan"], "IssuingAuthority": "Ram\u00f3n Despont", "Year": "1296", "RegnalStart": "1289"}