{"TextNeeded": null, "SourceNotes": null, "Transcription": "Completed", "PlaceNotes": null, "Source": null, "Latitude": "52.083", "NoKnownText": null, "Circa": null, "Province": "Cologne", "RegnalEnd": null, "Fragment": null, "GeneralNotes": null, "ClassificationNotes": "statutes issued by vicar Suederus vter Loe", "TranscriptionNotes": null, "Delegated": "Yes", "Day": "20", "DatingNotes": null, "BiblioRefs": null, "Language": "Latin", "LanguageNotes": null, "CountryModern": "Netherlands", "SourceOther": null, "OCR": null, "Longitude": "5.1", "Place": "Utrecht", "IssuingAuthorityAlt": null, "EditionOther": null, "Classification": "Diocesan", "Diocese": "Utrecht", "RecordID": "697", "Month": "5", "Edition": "Joosting, Bronnen, V, 122-124", "BaseText": "Hard Copy Scan", "IssuingAuthority": "Jan van Arkel", "Year": "1348", "RegnalStart": null}