{"TextNeeded": null, "SourceNotes": null, "Transcription": "Completed", "PlaceNotes": null, "Source": null, "Latitude": "40.530278", "NoKnownText": null, "Circa": null, "Province": "Santiago", "RegnalEnd": "1394", "Fragment": null, "GeneralNotes": null, "ClassificationNotes": null, "TranscriptionNotes": null, "Delegated": null, "Day": "4", "DatingNotes": null, "BiblioRefs": null, "Language": "Old Spanish", "LanguageNotes": null, "CountryModern": "Spain", "SourceOther": null, "OCR": "Yes", "Longitude": "-5.264444", "Place": "Bonilla", "IssuingAuthorityAlt": null, "EditionOther": null, "Classification": "Compilation (Diocesan)", "Diocese": "Avila", "RecordID": "628", "Month": "7", "Edition": "Synodicon Hispanum, VI, pp10-37", "BaseText": ["Library Scan", "Hard Copy Scan"], "IssuingAuthority": "Diego de los Roeles", "Year": "1384", "RegnalStart": "1378"}