{"TextNeeded": null, "SourceNotes": "With French translation on facing page", "Transcription": "Completed", "PlaceNotes": null, "Source": null, "Latitude": "47.393611", "NoKnownText": null, "Circa": "Yes", "Province": "Tours", "RegnalEnd": null, "Fragment": null, "GeneralNotes": null, "ClassificationNotes": null, "TranscriptionNotes": null, "Delegated": null, "Day": null, "DatingNotes": "Before 1396", "BiblioRefs": null, "Language": "Latin", "LanguageNotes": null, "CountryModern": "France", "SourceOther": null, "OCR": "Yes", "Longitude": "0.689167", "Place": "Tours", "IssuingAuthorityAlt": null, "EditionOther": null, "Classification": "Liber Synodalis", "Diocese": "Tours", "RecordID": "1219", "Month": null, "Edition": "Fougeron, Statuts synodaux, 56-115", "BaseText": ["Library Scan", "WebDownload"], "IssuingAuthority": null, "Year": "1396", "RegnalStart": null}