{"TextNeeded": null, "SourceNotes": null, "Transcription": "Completed", "PlaceNotes": "Exact location of synod unknown", "Source": null, "Latitude": "49.298889", "NoKnownText": null, "Circa": null, "Province": "Prague", "RegnalEnd": null, "Fragment": null, "GeneralNotes": null, "ClassificationNotes": null, "TranscriptionNotes": null, "Delegated": null, "Day": null, "DatingNotes": null, "BiblioRefs": null, "Language": "Latin", "LanguageNotes": null, "CountryModern": "Czech Republic", "SourceOther": null, "OCR": null, "Longitude": "17.393056", "Place": "Krom\u0115\u0159\u00ed\u017e (?)", "IssuingAuthorityAlt": null, "EditionOther": null, "Classification": "Diocesan", "Diocese": "Olomouc", "RecordID": "1290", "Month": null, "Edition": "Krafl, Synody, 277-313 [A4]", "BaseText": "Hard Copy Scan", "IssuingAuthority": "John VII Volek", "Year": "1349", "RegnalStart": null}