{"TextNeeded": null, "SourceNotes": null, "Transcription": "Reviewed ", "PlaceNotes": null, "Source": null, "Latitude": "51.4903", "NoKnownText": null, "Circa": null, "Province": "Canterbury", "RegnalEnd": null, "Fragment": null, "GeneralNotes": null, "ClassificationNotes": null, "TranscriptionNotes": null, "Delegated": null, "Day": "13", "DatingNotes": null, "BiblioRefs": null, "Language": "Latin", "LanguageNotes": null, "CountryModern": "England", "SourceOther": null, "OCR": null, "Longitude": "-0.1193", "Place": "Lambeth", "IssuingAuthorityAlt": null, "EditionOther": null, "Classification": "Provincial", "Diocese": null, "RecordID": "1517", "Month": "5", "Edition": "Powicke & Cheney I, 669-85", "BaseText": "Data Capture", "IssuingAuthority": "Boniface", "Year": "1261", "RegnalStart": null}