{"TextNeeded": null, "SourceNotes": null, "Transcription": "Reviewed ", "PlaceNotes": "location uncertain; held together by all three archbishops of the county of Provence", "Source": null, "Latitude": "43.526304", "NoKnownText": null, "Circa": "Yes", "Province": "Arles, Aix-en-Provence, Embrun", "RegnalEnd": "1286", "Fragment": null, "GeneralNotes": null, "ClassificationNotes": null, "TranscriptionNotes": null, "Delegated": null, "Day": null, "DatingNotes": "1263x1286; misdated to 1267 in Mansi;", "BiblioRefs": "Kay, \"Hostiensis and some provincial councils of Embrun,\" for dating of text and archepiscopal reign (at n. 31)", "Language": "Latin", "LanguageNotes": null, "CountryModern": "France", "SourceOther": null, "OCR": null, "Longitude": "5.445429", "Place": "Aix", "IssuingAuthorityAlt": null, "EditionOther": null, "Classification": "Provincial", "Diocese": null, "RecordID": "176", "Month": null, "Edition": "Martene, Thes, IV, col. 187-90", "BaseText": ["GoogleBooks", "Data Capture"], "IssuingAuthority": "Jacques II S\u00e9r\u00e8ne", "Year": "1275", "RegnalStart": "1263"}