{"TextNeeded": null, "SourceNotes": "https://books.google.com/books?id=dow-AAAAcAAJ", "Transcription": "Completed", "PlaceNotes": null, "Source": null, "Latitude": "49.7596", "NoKnownText": null, "Circa": null, "Province": "Trier", "RegnalEnd": "1299", "Fragment": null, "GeneralNotes": null, "ClassificationNotes": null, "TranscriptionNotes": null, "Delegated": null, "Day": null, "DatingNotes": null, "BiblioRefs": null, "Language": "Latin", "LanguageNotes": null, "CountryModern": "Germany", "SourceOther": null, "OCR": "Yes", "Longitude": "6.6439", "Place": "Trier", "IssuingAuthorityAlt": null, "EditionOther": null, "Classification": "Diocesan", "Diocese": "Trier", "RecordID": "731", "Month": null, "Edition": "Blattau, Statuta synodalia, I, 58-60", "BaseText": ["GoogleBooks", "WebDownload"], "IssuingAuthority": "Bohemond I von Warnesberg ", "Year": "1290", "RegnalStart": "1286"}