{"TextNeeded": null, "SourceNotes": null, "Transcription": "Reviewed ", "PlaceNotes": null, "Source": null, "Latitude": "46.066667", "NoKnownText": null, "Circa": null, "Province": "Aquileia", "RegnalEnd": null, "Fragment": null, "GeneralNotes": null, "ClassificationNotes": "Synodal acta rather than constitutiones (though some constitutions embedded in text)", "TranscriptionNotes": null, "Delegated": null, "Day": "20", "DatingNotes": null, "BiblioRefs": null, "Language": "Latin", "LanguageNotes": null, "CountryModern": "Italy", "SourceOther": null, "OCR": null, "Longitude": "11.116777", "Place": "Trent", "IssuingAuthorityAlt": null, "EditionOther": null, "Classification": "Other", "Diocese": "Trent", "RecordID": "1618", "Month": "11", "Edition": "Mansi 24, coll 321-28", "BaseText": "Data Capture", "IssuingAuthority": null, "Year": "1279", "RegnalStart": null}