{"TextNeeded": null, "SourceNotes": null, "Transcription": "Reviewed ", "PlaceNotes": null, "Source": null, "Latitude": "49.1919", "NoKnownText": null, "Circa": "Yes", "Province": "Rouen", "RegnalEnd": "1306", "Fragment": null, "GeneralNotes": "one canon known", "ClassificationNotes": null, "TranscriptionNotes": null, "Delegated": null, "Day": null, "DatingNotes": null, "BiblioRefs": null, "Language": "Latin", "LanguageNotes": null, "CountryModern": "France", "SourceOther": null, "OCR": null, "Longitude": "1.1769", "Place": "Pinterville", "IssuingAuthorityAlt": null, "EditionOther": null, "Classification": "Provincial", "Diocese": null, "RecordID": "2053", "Month": null, "Edition": "Bessin, Concilia, 167-68", "BaseText": "Data Capture", "IssuingAuthority": "Guillaume de Flavacourt", "Year": "1304", "RegnalStart": "1278"}