{"TextNeeded": null, "SourceNotes": ["https://sok.riksarkivet.se/sdhk?SDHK=11736&postid=sdhk_11736 (SDHK nr 11736)", "https://books.google.com/books?id=WaZBAAAAYAAJ"], "Transcription": "Reviewed ", "PlaceNotes": "previously known as T\u00e4lje", "Source": null, "Latitude": "59.183333", "NoKnownText": null, "Circa": null, "Province": "Uppsala", "RegnalEnd": "1383", "Fragment": null, "GeneralNotes": null, "ClassificationNotes": null, "TranscriptionNotes": "generate second record for Swedish translation?", "Delegated": null, "Day": "11", "DatingNotes": null, "BiblioRefs": null, "Language": "Latin", "LanguageNotes": null, "CountryModern": "Sweden", "SourceOther": null, "OCR": "Yes", "Longitude": "17.666663", "Place": "S\u00f6dert\u00e4lje", "IssuingAuthorityAlt": null, "EditionOther": "Gummerus, Synodalstatuter, 25-27 (Old Swedish version)", "Classification": "Provincial", "Diocese": "Str\u00e4ngn\u00e4s", "RecordID": "469", "Month": "9", "Edition": "Reuterdahl, Statuta, cap 14 (pp89-91)", "BaseText": ["GoogleBooks", "WebDownload"], "IssuingAuthority": "Birger Gregersson", "Year": "1380", "RegnalStart": "1366"}