{"TextNeeded": null, "SourceNotes": "[IRHT MF 06995]; http://books.google.fr/books?id=q79KKaDMW6cC", "Transcription": "Reviewed ", "PlaceNotes": null, "Source": "Perpignan BM 79, fol. 93-94v", "Latitude": "42.5997", "NoKnownText": null, "Circa": null, "Province": "Narbonne", "RegnalEnd": null, "Fragment": null, "GeneralNotes": null, "ClassificationNotes": null, "TranscriptionNotes": null, "Delegated": null, "Day": null, "DatingNotes": null, "BiblioRefs": null, "Language": "Latin", "LanguageNotes": null, "CountryModern": "France", "SourceOther": null, "OCR": null, "Longitude": "2.971014", "Place": "Elne", "IssuingAuthorityAlt": null, "EditionOther": "Marca, Marca Hispanica, 1454-1467 (for 1335-1339 councils)", "Classification": "Diocesan", "Diocese": "Elne", "RecordID": "674", "Month": null, "Edition": "Aguirre, Collectio maxima (1694), t. 3, 592-93", "BaseText": ["GoogleBooks", "Digital MS", "Data Capture"], "IssuingAuthority": null, "Year": "1335", "RegnalStart": null}