{"TextNeeded": null, "SourceNotes": "http://books.google.com/books?id=dow-AAAAcAAJ", "Transcription": "Reviewed ", "PlaceNotes": null, "Source": null, "Latitude": "49.7596", "NoKnownText": null, "Circa": null, "Province": "Trier", "RegnalEnd": "1286", "Fragment": null, "GeneralNotes": null, "ClassificationNotes": null, "TranscriptionNotes": null, "Delegated": null, "Day": null, "DatingNotes": "Hartzheim gives date as 1227; redated by Heydenreich, Trierer Synodalstatuten, to 1277; supported by Johanek, Pariser Statuten, 340-41; ", "BiblioRefs": null, "Language": "Latin", "LanguageNotes": "c. 1 contains Middle High German", "CountryModern": "Germany", "SourceOther": null, "OCR": "Yes", "Longitude": "6.6439", "Place": "Trier", "IssuingAuthorityAlt": null, "EditionOther": "Hartzheim III, 526-35", "Classification": "Provincial", "Diocese": "Trier", "RecordID": "2", "Month": null, "Edition": "Blattau, Statuta synodalia, I, 14-30", "BaseText": ["GoogleBooks", "WebDownload"], "IssuingAuthority": "Heinrich I von Finstingen", "Year": "1277", "RegnalStart": "1260"}