{"TextNeeded": null, "SourceNotes": null, "Transcription": "Reviewed ", "PlaceNotes": null, "Source": null, "Latitude": "51.507222", "NoKnownText": null, "Circa": null, "Province": "Canterbury", "RegnalEnd": "1366", "Fragment": null, "GeneralNotes": "Concerning processions \"pro liberatione a pestilentia\"", "ClassificationNotes": "Archiepiscopal mandate", "TranscriptionNotes": null, "Delegated": null, "Day": null, "DatingNotes": null, "BiblioRefs": null, "Language": "Latin", "LanguageNotes": null, "CountryModern": "England", "SourceOther": null, "OCR": null, "Longitude": "-0.1275", "Place": "London", "IssuingAuthorityAlt": null, "EditionOther": null, "Classification": "Other", "Diocese": "Canterbury", "RecordID": "1663", "Month": null, "Edition": "Wilkins, II, 752", "BaseText": ["GoogleBooks", "Data Capture"], "IssuingAuthority": "Simon Islip", "Year": "1349", "RegnalStart": "1349"}