{"TextNeeded": null, "SourceNotes": null, "Transcription": "Reviewed ", "PlaceNotes": null, "Source": "Paris Bib Arsenal 394 fol. 203rv", "Latitude": "47.9025", "NoKnownText": null, "Circa": null, "Province": "Sens", "RegnalEnd": null, "Fragment": null, "GeneralNotes": "Martene edition of Orleans 1314 includes Orleans 1324 (cc. 11-26) and as an addition, Paris 1323 (final four canons)", "ClassificationNotes": null, "TranscriptionNotes": null, "Delegated": null, "Day": null, "DatingNotes": null, "BiblioRefs": null, "Language": "Latin", "LanguageNotes": null, "CountryModern": "France", "SourceOther": null, "OCR": null, "Longitude": "1.909", "Place": "Orl\u00e9ans", "IssuingAuthorityAlt": null, "EditionOther": null, "Classification": "Diocesan", "Diocese": "Orl\u00e9ans", "RecordID": "1984", "Month": null, "Edition": "Martene, Vet Script, VII, coll 1285-89", "BaseText": ["GoogleBooks", "Digital MS", "Data Capture"], "IssuingAuthority": "Milon de Chailli", "Year": "1324", "RegnalStart": null}