{"TextNeeded": null, "SourceNotes": null, "Transcription": "Reviewed ", "PlaceNotes": ["diocese also known as \"The Isles'; see Cheney, Manx Synodal Statutes, pt 1", "actually a Possession of the Crown; not part of either England, Scotland or the UK"], "Source": null, "Latitude": "54.221", "NoKnownText": null, "Circa": null, "Province": "[Holy See]", "RegnalEnd": null, "Fragment": null, "GeneralNotes": null, "ClassificationNotes": null, "TranscriptionNotes": null, "Delegated": null, "Day": "10", "DatingNotes": null, "BiblioRefs": "see Cheney, Manx Synodal Statutes, pt 1", "Language": "Latin", "LanguageNotes": null, "CountryModern": "[Scotland]", "SourceOther": null, "OCR": null, "Longitude": "-4.691", "Place": "Peel", "IssuingAuthorityAlt": null, "EditionOther": null, "Classification": "Diocesan", "Diocese": "Sodor", "RecordID": "546", "Month": "13", "Edition": "Records of Convocation, vol. 1: Sodor and Man, 30-51", "BaseText": ["Library Scan", "Hard Copy Scan"], "IssuingAuthority": "Mark", "Year": "1292", "RegnalStart": null}