{"TextNeeded": null, "SourceNotes": null, "Transcription": "Reviewed ", "PlaceNotes": null, "Source": null, "Latitude": "51.275", "NoKnownText": null, "Circa": null, "Province": "Canterbury", "RegnalEnd": null, "Fragment": null, "GeneralNotes": null, "ClassificationNotes": null, "TranscriptionNotes": null, "Delegated": null, "Day": null, "DatingNotes": "council held 1407-1408; constitutions promulgated 1409", "BiblioRefs": null, "Language": "Latin", "LanguageNotes": null, "CountryModern": "England", "SourceOther": null, "OCR": null, "Longitude": "1.087", "Place": "Canterbury", "IssuingAuthorityAlt": null, "EditionOther": "Wilkins, Concilia, 3:314-319", "Classification": "Provincial", "Diocese": "Canterbury", "RecordID": "777", "Month": null, "Edition": "Records of Convocation, 4: 311-318", "BaseText": ["Library Scan", "Hard Copy Scan"], "IssuingAuthority": "Thomas Arundel", "Year": "1409", "RegnalStart": null}