{"TextNeeded": null, "SourceNotes": "includes (at pp. 321-25) a set of liturgical observances probably issued by William de Blois (r. 1218-36) but apparently ratified by Walter de Cantilupe (though this too is unclear, and it is possible that the statutes date as late as 1266)", "Transcription": "Reviewed ", "PlaceNotes": null, "Source": null, "Latitude": "52.19123", "NoKnownText": null, "Circa": null, "Province": "Canterbury", "RegnalEnd": null, "Fragment": null, "GeneralNotes": null, "ClassificationNotes": null, "TranscriptionNotes": null, "Delegated": null, "Day": "26", "DatingNotes": null, "BiblioRefs": null, "Language": "Latin", "LanguageNotes": null, "CountryModern": "England", "SourceOther": null, "OCR": null, "Longitude": "-2.22231", "Place": "Worcester", "IssuingAuthorityAlt": null, "EditionOther": null, "Classification": "Diocesan", "Diocese": "Worcester", "RecordID": "1497", "Month": "7", "Edition": "Powicke & Cheney I, 294-325", "BaseText": "Data Capture", "IssuingAuthority": "Walter de Cantilupe", "Year": "1240", "RegnalStart": null}