{"TextNeeded": null, "SourceNotes": "https://books.google.com/books?id=WaZBAAAAYAAJ", "Transcription": "Reviewed ", "PlaceNotes": null, "Source": null, "Latitude": "58.4", "NoKnownText": null, "Circa": "Yes", "Province": "Uppsala", "RegnalEnd": "1391", "Fragment": null, "GeneralNotes": "a few undated statutes from the following years start mentioning usury, but all in general contexts", "ClassificationNotes": null, "TranscriptionNotes": "check Diplomatium Fennicum for transcription", "Delegated": null, "Day": null, "DatingNotes": "1374x1391", "BiblioRefs": null, "Language": "Latin", "LanguageNotes": null, "CountryModern": "Sweden", "SourceOther": null, "OCR": "Yes", "Longitude": "15.616667", "Place": "Link\u00f6ping", "IssuingAuthorityAlt": "Nicolaus Hermannus", "EditionOther": null, "Classification": "Diocesan", "Diocese": "Link\u00f6ping", "RecordID": "468", "Month": null, "Edition": "Reuterdahl, Statuta synodalia, pp56-71 ", "BaseText": ["GoogleBooks", "WebDownload"], "IssuingAuthority": "Nils Hermansson", "Year": "1380", "RegnalStart": "1374"}