{"TextNeeded": null, "SourceNotes": null, "Transcription": "Reviewed ", "PlaceNotes": null, "Source": null, "Latitude": "46.951667", "NoKnownText": null, "Circa": null, "Province": "Lyons", "RegnalEnd": "1331", "Fragment": null, "GeneralNotes": null, "ClassificationNotes": null, "TranscriptionNotes": null, "Delegated": null, "Day": null, "DatingNotes": null, "BiblioRefs": null, "Language": "Latin", "LanguageNotes": null, "CountryModern": "France", "SourceOther": null, "OCR": null, "Longitude": "4.299444", "Place": "Autun", "IssuingAuthorityAlt": null, "EditionOther": null, "Classification": "Diocesan", "Diocese": "Autun", "RecordID": "147", "Month": null, "Edition": "Martene, Thes, IV, coll. 500-503", "BaseText": ["GoogleBooks", "Data Capture"], "IssuingAuthority": "Pierre Bertrand", "Year": "1323", "RegnalStart": "1322"}