{"TextNeeded": null, "SourceNotes": "https://books.google.com/books?id=WqVCAAAAYAAJ", "Transcription": "Completed", "PlaceNotes": null, "Source": null, "Latitude": "43.512269", "NoKnownText": null, "Circa": null, "Province": "Narbonne", "RegnalEnd": null, "Fragment": null, "GeneralNotes": null, "ClassificationNotes": null, "TranscriptionNotes": null, "Delegated": null, "Day": null, "DatingNotes": null, "BiblioRefs": null, "Language": "Latin", "LanguageNotes": null, "CountryModern": "France", "SourceOther": null, "OCR": null, "Longitude": "3.883367", "Place": "Maguelone", "IssuingAuthorityAlt": null, "EditionOther": null, "Classification": "Diocesan", "Diocese": "Maguelone", "RecordID": "209", "Month": null, "Edition": "Germain, Catalogus episcoporum Magalonensium, 358-60", "BaseText": ["GoogleBooks", "WebDownload"], "IssuingAuthority": null, "Year": "1340", "RegnalStart": null}