{"TextNeeded": null, "SourceNotes": null, "Transcription": "Reviewed ", "PlaceNotes": null, "Source": null, "Latitude": "44.233333", "NoKnownText": null, "Circa": null, "Province": "Ravenna", "RegnalEnd": null, "Fragment": null, "GeneralNotes": null, "ClassificationNotes": null, "TranscriptionNotes": null, "Delegated": null, "Day": null, "DatingNotes": null, "BiblioRefs": null, "Language": "Latin", "LanguageNotes": null, "CountryModern": "Italy", "SourceOther": null, "OCR": null, "Longitude": "12.05", "Place": "Forl\u00ec", "IssuingAuthorityAlt": null, "EditionOther": null, "Classification": "Provincial", "Diocese": "Ravenna", "RecordID": "298", "Month": null, "Edition": "Mansi 24, col 616-26", "BaseText": ["GoogleBooks", "WebDownload"], "IssuingAuthority": "Bonifacio", "Year": "1286", "RegnalStart": null}