{"TextNeeded": null, "SourceNotes": null, "Transcription": "Completed", "PlaceNotes": "Raised to Archbishopric in 1197", "Source": null, "Latitude": "35.166667", "NoKnownText": null, "Circa": null, "Province": "Nicosia", "RegnalEnd": null, "Fragment": null, "GeneralNotes": "Published by Peter, Bp of Rodez, Papal legate, in Synod of Nicosia", "ClassificationNotes": null, "TranscriptionNotes": null, "Delegated": null, "Day": null, "DatingNotes": "part of Synodicum Nicosiense, compiled ca. 1340 with some later additions", "BiblioRefs": null, "Language": "Latin", "LanguageNotes": null, "CountryModern": "Cyprus", "SourceOther": null, "OCR": "Yes", "Longitude": "33.366667", "Place": "Nicosia", "IssuingAuthorityAlt": null, "EditionOther": null, "Classification": "Diocesan", "Diocese": "Nicosia", "RecordID": "852", "Month": null, "Edition": "Schabel, Synodicum Nicosiense, 208-225", "BaseText": "Data Capture", "IssuingAuthority": "Pierre de Pleine-Chassaigne", "Year": "1313", "RegnalStart": null}