{"TextNeeded": null, "SourceNotes": "https://books.google.it/books?id=Mqg-AAAAcAAJ", "Transcription": "Reviewed ", "PlaceNotes": null, "Source": null, "Latitude": "44.833333", "NoKnownText": null, "Circa": null, "Province": "Ravenna", "RegnalEnd": null, "Fragment": null, "GeneralNotes": null, "ClassificationNotes": null, "TranscriptionNotes": null, "Delegated": null, "Day": null, "DatingNotes": null, "BiblioRefs": null, "Language": "Latin", "LanguageNotes": null, "CountryModern": "Italy", "SourceOther": null, "OCR": null, "Longitude": "11.616667", "Place": "Ferrara", "IssuingAuthorityAlt": null, "EditionOther": null, "Classification": "Diocesan", "Diocese": "Ferrara", "RecordID": "389", "Month": null, "Edition": "Muratori, Antiquitates, VI, col 433-438", "BaseText": ["GoogleBooks", "Data Capture", "WebDownload"], "IssuingAuthority": null, "Year": "1278", "RegnalStart": null}