{"TextNeeded": null, "SourceNotes": null, "Transcription": "Completed", "PlaceNotes": null, "Source": "Strasbourg, Arch dep., G 57 (charter)", "Latitude": "48.58476", "NoKnownText": null, "Circa": null, "Province": "Mainz", "RegnalEnd": null, "Fragment": null, "GeneralNotes": null, "ClassificationNotes": null, "TranscriptionNotes": null, "Delegated": null, "Day": "25", "DatingNotes": null, "BiblioRefs": null, "Language": "Latin", "LanguageNotes": null, "CountryModern": "France", "SourceOther": null, "OCR": "Yes", "Longitude": "7.750576", "Place": "Strasbourg", "IssuingAuthorityAlt": null, "EditionOther": null, "Classification": "Diocesan", "Diocese": "Strasbourg", "RecordID": "1199", "Month": "2", "Edition": "Mone, Kirchenverordnungen, 142-150", "BaseText": ["GoogleBooks", "Library Scan", "WebDownload"], "IssuingAuthority": null, "Year": "1251", "RegnalStart": null}