{"TextNeeded": null, "SourceNotes": null, "Transcription": "Reviewed ", "PlaceNotes": null, "Source": null, "Latitude": "47.828611", "NoKnownText": null, "Circa": null, "Province": "Tours", "RegnalEnd": null, "Fragment": null, "GeneralNotes": "Avril, Tours, p137 \u2013 first of a series of reforming councils in the ecclesiastical province of Tours", "ClassificationNotes": null, "TranscriptionNotes": null, "Delegated": null, "Day": null, "DatingNotes": null, "BiblioRefs": null, "Language": "Latin", "LanguageNotes": null, "CountryModern": "France", "SourceOther": null, "OCR": "Yes", "Longitude": "-0.702778", "Place": "Ch\u00e2teau-Gontier ", "IssuingAuthorityAlt": null, "EditionOther": null, "Classification": "Provincial", "Diocese": "Tours", "RecordID": "109", "Month": null, "Edition": "Avril, Tours, 140-155", "BaseText": "Hard Copy Scan", "IssuingAuthority": null, "Year": "1231", "RegnalStart": null}