{"TextNeeded": null, "SourceNotes": "Mansi edition taken from Muratori: https://archive.org/stream/RerumItalicarumScriptores8/Rerum_Italicarum_Scriptores_8#page/n585/mode/2up", "Transcription": "Reviewed ", "PlaceNotes": null, "Source": null, "Latitude": "45.316667", "NoKnownText": null, "Circa": "Yes", "Province": "Lombardy", "RegnalEnd": "1230", "Fragment": null, "GeneralNotes": null, "ClassificationNotes": "councli held by Goffredo di Castiglione, apostolic legate in Lombardy (late Pope Celestine IV); statutes then issued by Enrico di Settala, AB of Milan", "TranscriptionNotes": null, "Delegated": null, "Day": "21", "DatingNotes": "1228x1229; dated 1287 in Mansi", "BiblioRefs": null, "Language": "Latin", "LanguageNotes": null, "CountryModern": "Italy", "SourceOther": null, "OCR": null, "Longitude": "9.5", "Place": "Lodi", "IssuingAuthorityAlt": null, "EditionOther": "Muratori, RIS, 8, cols. 1065-1068", "Classification": "Legatine", "Diocese": "Lodi", "RecordID": "301", "Month": "5", "Edition": "Mansi 24, Col 882-86", "BaseText": ["GoogleBooks", "Data Capture"], "IssuingAuthority": "Enrico di Settala", "Year": "1229", "RegnalStart": "1213"}