{"TextNeeded": null, "SourceNotes": "MS Hist 47 contains three copies of these statutes", "Transcription": "Completed", "PlaceNotes": null, "Source": "Geneva, AE, MS hist 47, f\u00b0 78-88", "Latitude": "46.2", "NoKnownText": null, "Circa": null, "Province": "Vienne", "RegnalEnd": null, "Fragment": null, "GeneralNotes": ["Summary of rubrics in Binz, Vie religieuse, 175-76", "orders all curates to have copies of either Manipulus curatorum of Guy de Montrocher or the work of a certain William, Bp of Paris [perhaps Dialogus de septem sacramentis of the dominican Guillaume de Paris]"], "ClassificationNotes": null, "TranscriptionNotes": null, "Delegated": null, "Day": "8", "DatingNotes": null, "BiblioRefs": null, "Language": "Latin", "LanguageNotes": null, "CountryModern": "Switzerland", "SourceOther": "Geneva, AE, MS hist 47, f\u00b0 90-96 [incomplete]; fols. 97-102v", "OCR": null, "Longitude": "6.15", "Place": "Geneva", "IssuingAuthorityAlt": null, "EditionOther": null, "Classification": "Diocesan", "Diocese": "Geneva", "RecordID": "1065", "Month": "2", "Edition": null, "BaseText": "Digital MS", "IssuingAuthority": "Francois de Metz", "Year": "1431", "RegnalStart": null}