{"TextNeeded": null, "SourceNotes": null, "Transcription": "Reviewed ", "PlaceNotes": null, "Source": null, "Latitude": "45.433333", "NoKnownText": null, "Circa": null, "Province": "Aquileia", "RegnalEnd": "1214", "Fragment": null, "GeneralNotes": null, "ClassificationNotes": null, "TranscriptionNotes": null, "Delegated": null, "Day": "3", "DatingNotes": null, "BiblioRefs": null, "Language": "Latin", "LanguageNotes": null, "CountryModern": "Italy", "SourceOther": null, "OCR": null, "Longitude": "10.983333", "Place": "Verona", "IssuingAuthorityAlt": null, "EditionOther": null, "Classification": "Diocesan", "Diocese": "Verona", "RecordID": "1838", "Month": "3", "Edition": "Bellotti, RIcerche intorno alle costituzioni, 51", "BaseText": ["Library Scan", "Hard Copy Scan"], "IssuingAuthority": "Adelardo II", "Year": "1189", "RegnalStart": "1188"}