{"TextNeeded": null, "SourceNotes": null, "Transcription": "Completed", "PlaceNotes": "Raised to Archbishopric in 1197", "Source": null, "Latitude": "35.166667", "NoKnownText": null, "Circa": "Yes", "Province": "Nicosia", "RegnalEnd": "1342", "Fragment": null, "GeneralNotes": null, "ClassificationNotes": null, "TranscriptionNotes": null, "Delegated": null, "Day": null, "DatingNotes": "part of Synodicum Nicosiense, compiled ca. 1340 with some later additions", "BiblioRefs": null, "Language": "Latin", "LanguageNotes": null, "CountryModern": "Cyprus", "SourceOther": null, "OCR": "Yes", "Longitude": "33.366667", "Place": "Nicosia", "IssuingAuthorityAlt": null, "EditionOther": null, "Classification": "Diocesan", "Diocese": "Nicosia", "RecordID": "849", "Month": null, "Edition": "Schabel, Synodicum Nicosiense, 158-59", "BaseText": "Data Capture", "IssuingAuthority": "\u00c9lie de Nabinal", "Year": "1336", "RegnalStart": "1332"}