{"TextNeeded": null, "SourceNotes": null, "Transcription": "Reviewed ", "PlaceNotes": null, "Source": null, "Latitude": "45.524167", "NoKnownText": null, "Circa": null, "Province": "Vienne", "RegnalEnd": null, "Fragment": null, "GeneralNotes": null, "ClassificationNotes": null, "TranscriptionNotes": null, "Delegated": null, "Day": null, "DatingNotes": null, "BiblioRefs": null, "Language": "Latin", "LanguageNotes": null, "CountryModern": "France", "SourceOther": null, "OCR": null, "Longitude": "4.878056", "Place": "Vienne", "IssuingAuthorityAlt": null, "EditionOther": null, "Classification": "Provincial", "Diocese": "Vienne", "RecordID": "117", "Month": null, "Edition": "Boisset, Concile, 219-325", "BaseText": "Hard Copy Scan", "IssuingAuthority": null, "Year": "1289", "RegnalStart": null}