{"TextNeeded": null, "SourceNotes": "https://books.google.com/books?id=0SGIk69vxS0C", "Transcription": "Reviewed ", "PlaceNotes": null, "Source": null, "Latitude": "49.443889", "NoKnownText": null, "Circa": null, "Province": "Rouen", "RegnalEnd": "1339", "Fragment": null, "GeneralNotes": null, "ClassificationNotes": null, "TranscriptionNotes": null, "Delegated": null, "Day": null, "DatingNotes": null, "BiblioRefs": null, "Language": "Latin", "LanguageNotes": null, "CountryModern": "France", "SourceOther": null, "OCR": null, "Longitude": "1.103333", "Place": "Rouen", "IssuingAuthorityAlt": null, "EditionOther": null, "Classification": "Provincial", "Diocese": "Rouen", "RecordID": "242", "Month": "9", "Edition": "Bessin, Concilia, I, 175-80", "BaseText": ["GoogleBooks", "WebDownload"], "IssuingAuthority": "Pierre Roger", "Year": "1335", "RegnalStart": "1330"}