{"TextNeeded": null, "SourceNotes": null, "Transcription": "Reviewed ", "PlaceNotes": "Issued for an unknown English diocese; location marked as geographical centre of England", "Source": null, "Latitude": "52.561928", "NoKnownText": null, "Circa": "Yes", "Province": "Canterbury", "RegnalEnd": null, "Fragment": null, "GeneralNotes": "issued (it would seem, acc. editor's note) as a local appendix to the 1200 Council of Westminster", "ClassificationNotes": null, "TranscriptionNotes": null, "Delegated": null, "Day": null, "DatingNotes": "1200x1215", "BiblioRefs": null, "Language": "Latin", "LanguageNotes": null, "CountryModern": "England", "SourceOther": null, "OCR": "Yes", "Longitude": "-1.464854", "Place": "<unknown>", "IssuingAuthorityAlt": null, "EditionOther": null, "Classification": "Diocesan", "Diocese": "<unknown>", "RecordID": "1967", "Month": null, "Edition": "Councils & Synods, I/2, pp. 1070-74", "BaseText": ["Library Scan", "Hard Copy Scan"], "IssuingAuthority": null, "Year": "1205", "RegnalStart": null}