{"TextNeeded": null, "SourceNotes": null, "Transcription": "Reviewed ", "PlaceNotes": "diocese declared exempt from metropolitan jurisdiction in 1105; not made suffragan to Santiago until 1851", "Source": null, "Latitude": "42.3", "NoKnownText": null, "Circa": null, "Province": null, "RegnalEnd": "1389", "Fragment": null, "GeneralNotes": null, "ClassificationNotes": "Constitutions for Archdeaconate of Babia", "TranscriptionNotes": null, "Delegated": null, "Day": "20", "DatingNotes": null, "BiblioRefs": null, "Language": "Old Spanish", "LanguageNotes": null, "CountryModern": "Spain", "SourceOther": null, "OCR": "Yes", "Longitude": "-5.516667", "Place": "Valencia de Don Juan", "IssuingAuthorityAlt": null, "EditionOther": null, "Classification": "Other", "Diocese": "Oviedo", "RecordID": "1999", "Month": "9", "Edition": "Synodicon Hispanum, III, pp428-437", "BaseText": ["Library Scan", "Hard Copy Scan"], "IssuingAuthority": "Gutierre G\u00f3mez de Toledo", "Year": "1381", "RegnalStart": "1377"}