{"TextNeeded": null, "SourceNotes": "https://books.google.com/books?vid=HARVARD:32044100885706", "Transcription": "Completed", "PlaceNotes": null, "Source": null, "Latitude": "45.85", "NoKnownText": null, "Circa": "Yes", "Province": "Bourges", "RegnalEnd": "1371", "Fragment": null, "GeneralNotes": null, "ClassificationNotes": null, "TranscriptionNotes": null, "Delegated": null, "Day": null, "DatingNotes": "1348x1371", "BiblioRefs": null, "Language": "Latin", "LanguageNotes": null, "CountryModern": "France", "SourceOther": null, "OCR": null, "Longitude": "1.25", "Place": "Limoges", "IssuingAuthorityAlt": null, "EditionOther": null, "Classification": "Diocesan", "Diocese": "Limoges", "RecordID": "212", "Month": null, "Edition": "Lecler, \u201cAnciens statuts du dioc\u00e8se de Limoges,\" 152-53", "BaseText": ["GoogleBooks", "WebDownload"], "IssuingAuthority": "Jean de Cros", "Year": "1360", "RegnalStart": "1348"}