{"TextNeeded": null, "SourceNotes": null, "Transcription": "Completed", "PlaceNotes": null, "Source": null, "Latitude": "50.175579", "NoKnownText": null, "Circa": null, "Province": "Reims", "RegnalEnd": "1336", "Fragment": null, "GeneralNotes": null, "ClassificationNotes": null, "TranscriptionNotes": null, "Delegated": null, "Day": "18", "DatingNotes": null, "BiblioRefs": null, "Language": "Latin", "LanguageNotes": null, "CountryModern": "Belgium", "SourceOther": null, "OCR": "Yes", "Longitude": "3.2345", "Place": "Cambrai", "IssuingAuthorityAlt": null, "EditionOther": null, "Classification": "Diocesan", "Diocese": "Cambrai", "RecordID": "771", "Month": "10", "Edition": "Reusens, Statuta, 88-89", "BaseText": ["GoogleBooks", "Library Scan", "WebDownload"], "IssuingAuthority": "Gui III de Boulogne", "Year": "1325", "RegnalStart": "1324"}