{"TextNeeded": null, "SourceNotes": null, "Transcription": "Reviewed ", "PlaceNotes": null, "Source": null, "Latitude": "48.2", "NoKnownText": null, "Circa": null, "Province": "Salzburg", "RegnalEnd": null, "Fragment": null, "GeneralNotes": null, "ClassificationNotes": null, "TranscriptionNotes": null, "Delegated": null, "Day": null, "DatingNotes": null, "BiblioRefs": null, "Language": "Latin", "LanguageNotes": null, "CountryModern": "Germany", "SourceOther": null, "OCR": null, "Longitude": "15.625", "Place": "Sankt P\u00f6lten ", "IssuingAuthorityAlt": null, "EditionOther": null, "Classification": "Diocesan", "Diocese": "Passau", "RecordID": "15", "Month": null, "Edition": "Mansi 24, 1115-16", "BaseText": ["GoogleBooks", "Data Capture"], "IssuingAuthority": null, "Year": "1294", "RegnalStart": null}