{"TextNeeded": null, "SourceNotes": null, "Transcription": "Reviewed ", "PlaceNotes": null, "Source": null, "Latitude": "48.0077", "NoKnownText": null, "Circa": "Yes", "Province": "Tours", "RegnalEnd": null, "Fragment": null, "GeneralNotes": null, "ClassificationNotes": "Additions to Liber Synodalis", "TranscriptionNotes": null, "Delegated": null, "Day": null, "DatingNotes": "second half of the 13th-c (and after 1268)", "BiblioRefs": null, "Language": "Latin", "LanguageNotes": null, "CountryModern": "France", "SourceOther": null, "OCR": "Yes", "Longitude": "0.1984", "Place": "Le Mans", "IssuingAuthorityAlt": null, "EditionOther": "Pontal, Statuts, II, 151-79", "Classification": "Liber Synodalis", "Diocese": "Le Mans", "RecordID": "2025", "Month": null, "Edition": "Avril, Naissance et evolution, 247-49", "BaseText": "Hard Copy Scan", "IssuingAuthority": null, "Year": "1270", "RegnalStart": null}