{"TextNeeded": null, "SourceNotes": null, "Transcription": "Reviewed ", "PlaceNotes": null, "Source": null, "Latitude": "52.4", "NoKnownText": null, "Circa": "Yes", "Province": "Canterbury", "RegnalEnd": null, "Fragment": null, "GeneralNotes": "Concerning tithing of lambs; MS ascribes it to Bp Eustace of Ely, but this is not certain", "ClassificationNotes": null, "TranscriptionNotes": null, "Delegated": null, "Day": null, "DatingNotes": "1198x1215 (February)", "BiblioRefs": null, "Language": "Latin", "LanguageNotes": null, "CountryModern": "England", "SourceOther": null, "OCR": null, "Longitude": "0.26", "Place": "Ely", "IssuingAuthorityAlt": null, "EditionOther": null, "Classification": "Diocesan", "Diocese": "Ely", "RecordID": "1478", "Month": null, "Edition": "Powicke & Cheney I, 41-42", "BaseText": "Data Capture", "IssuingAuthority": "Eustace", "Year": "1210", "RegnalStart": null}