{"TextNeeded": null, "SourceNotes": "http://books.google.com/books?id=mstTAAAAYAAJ", "Transcription": "Reviewed ", "PlaceNotes": null, "Source": null, "Latitude": "43.7592", "NoKnownText": null, "Circa": null, "Province": "Auch", "RegnalEnd": null, "Fragment": null, "GeneralNotes": null, "ClassificationNotes": null, "TranscriptionNotes": null, "Delegated": null, "Day": "19", "DatingNotes": null, "BiblioRefs": null, "Language": "Latin", "LanguageNotes": null, "CountryModern": "France", "SourceOther": null, "OCR": "Yes", "Longitude": "-0.0328", "Place": "Nogaro", "IssuingAuthorityAlt": null, "EditionOther": "Mansi 24, col 1066-1072", "Classification": "Provincial", "Diocese": "Auch", "RecordID": "274", "Month": "8", "Edition": "Duffour, Livre Rouge, 40-48", "BaseText": ["GoogleBooks", "WebDownload"], "IssuingAuthority": "Armanieu II d'Armagnac", "Year": "1290", "RegnalStart": null}