{"TextNeeded": null, "SourceNotes": null, "Transcription": "Reviewed ", "PlaceNotes": null, "Source": null, "Latitude": "49.4149", "NoKnownText": null, "Circa": null, "Province": "Reims", "RegnalEnd": null, "Fragment": null, "GeneralNotes": null, "ClassificationNotes": null, "TranscriptionNotes": null, "Delegated": null, "Day": "15", "DatingNotes": "Sept 11-15", "BiblioRefs": null, "Language": "Latin", "LanguageNotes": null, "CountryModern": "France", "SourceOther": null, "OCR": null, "Longitude": "2.823056", "Place": "Compi\u00e8gne ", "IssuingAuthorityAlt": null, "EditionOther": "Mansi 25, cols 877-882", "Classification": "Provincial", "Diocese": null, "RecordID": "131", "Month": "9", "Edition": "Gousset, APER II, 531-34", "BaseText": "WebDownload", "IssuingAuthority": "Guillaume de Trie", "Year": "1329", "RegnalStart": null}