{"TextNeeded": null, "SourceNotes": null, "Transcription": "Completed", "PlaceNotes": null, "Source": null, "Latitude": "44.191111", "NoKnownText": null, "Circa": "Yes", "Province": "Aix-en-Provence", "RegnalEnd": null, "Fragment": null, "GeneralNotes": null, "ClassificationNotes": null, "TranscriptionNotes": null, "Delegated": null, "Day": null, "DatingNotes": "1225x1235; reworked and augmented by Hostiensis in 1249 ", "BiblioRefs": null, "Language": "Latin", "LanguageNotes": null, "CountryModern": "France", "SourceOther": null, "OCR": "Yes", "Longitude": "5.947222", "Place": "Sisteron", "IssuingAuthorityAlt": null, "EditionOther": null, "Classification": "Diocesan", "Diocese": "Sisteron", "RecordID": "48", "Month": null, "Edition": "Pontal, II, 186-233", "BaseText": ["GoogleBooks", "WebDownload"], "IssuingAuthority": null, "Year": "1230", "RegnalStart": null}