{"TextNeeded": null, "SourceNotes": null, "Transcription": "Reviewed ", "PlaceNotes": null, "Source": null, "Latitude": "53.347778", "NoKnownText": null, "Circa": "Yes", "Province": "Dublin", "RegnalEnd": "1271", "Fragment": null, "GeneralNotes": "derived largely from York & Chichester canons issued 1241x1255 as well as Canterbury 1261", "ClassificationNotes": null, "TranscriptionNotes": null, "Delegated": null, "Day": null, "DatingNotes": "1262x1267; previously ascribed to AB Luke, (r. 1230-55) and dated c. 1240.", "BiblioRefs": null, "Language": "Latin", "LanguageNotes": null, "CountryModern": "Ireland", "SourceOther": null, "OCR": null, "Longitude": "-6.259722", "Place": "Dublin", "IssuingAuthorityAlt": null, "EditionOther": null, "Classification": "Provincial", "Diocese": "Dublin", "RecordID": "1452", "Month": null, "Edition": "Records of Convocation 16, pp. 115-22", "BaseText": ["Library Scan", "Hard Copy Scan"], "IssuingAuthority": "Fulk de Sandford", "Year": "1265", "RegnalStart": "1256"}