{"TextNeeded": null, "SourceNotes": null, "Transcription": "Completed", "PlaceNotes": null, "Source": "Geneva, AE, MS hist 47, f\u00b0168v-171r", "Latitude": "46.2", "NoKnownText": null, "Circa": null, "Province": "Vienne", "RegnalEnd": null, "Fragment": null, "GeneralNotes": null, "ClassificationNotes": null, "TranscriptionNotes": null, "Delegated": null, "Day": "24", "DatingNotes": null, "BiblioRefs": null, "Language": "Latin", "LanguageNotes": null, "CountryModern": "Switzerland", "SourceOther": null, "OCR": null, "Longitude": "6.15", "Place": "Geneva", "IssuingAuthorityAlt": null, "EditionOther": null, "Classification": "Diocesan", "Diocese": "Geneva", "RecordID": "1062", "Month": "4", "Edition": null, "BaseText": "Digital MS", "IssuingAuthority": null, "Year": "1409", "RegnalStart": null}