{"TextNeeded": null, "SourceNotes": "https://books.google.com/books?id=riNhAAAAcAAJ", "Transcription": "Completed", "PlaceNotes": null, "Source": null, "Latitude": "45.416667", "NoKnownText": null, "Circa": null, "Province": "Aquileia", "RegnalEnd": "1370", "Fragment": null, "GeneralNotes": "copies heavily from 1338 Aquileia synod of Bertrandus  (which was also copied at length in 1339 Padua diocesan synod); **like the 1339 Padua synod,  UsVor and Quamquam not cited, as they are in the Aquileia 1338 constitutions", "ClassificationNotes": null, "TranscriptionNotes": null, "Delegated": null, "Day": "8", "DatingNotes": null, "BiblioRefs": null, "Language": "Latin", "LanguageNotes": null, "CountryModern": "Italy", "SourceOther": null, "OCR": "Yes", "Longitude": "11.866667", "Place": "Padua", "IssuingAuthorityAlt": null, "EditionOther": "Sinodo inedito di Pilleo Cardinal Prata...pp124-178", "Classification": "Diocesan", "Diocese": "Padua", "RecordID": "716", "Month": "3", "Edition": "Ceccon, SInodi diocesane, 200-224", "BaseText": ["GoogleBooks", "WebDownload"], "IssuingAuthority": "Pileo da Prata", "Year": "1360", "RegnalStart": "1359"}