{"TextNeeded": null, "SourceNotes": null, "Transcription": "Reviewed ", "PlaceNotes": null, "Source": null, "Latitude": "42.605556", "NoKnownText": null, "Circa": null, "Province": "Santiago", "RegnalEnd": "1289", "Fragment": null, "GeneralNotes": null, "ClassificationNotes": null, "TranscriptionNotes": null, "Delegated": null, "Day": "24", "DatingNotes": null, "BiblioRefs": null, "Language": "Old Spanish", "LanguageNotes": "Rubrics in Latin", "CountryModern": "Spain", "SourceOther": null, "OCR": "Yes", "Longitude": "-5.57", "Place": "Le\u00f3n", "IssuingAuthorityAlt": null, "EditionOther": null, "Classification": "Diocesan", "Diocese": "Le\u00f3n", "RecordID": "613", "Month": "9", "Edition": "Synodicon Hispanum, III, pp253-260", "BaseText": ["Library Scan", "Hard Copy Scan"], "IssuingAuthority": "Martin Fern\u00e1ndez", "Year": "1288", "RegnalStart": "1254"}