{"TextNeeded": null, "SourceNotes": null, "Transcription": "Reviewed ", "PlaceNotes": null, "Source": null, "Latitude": "42.016667", "NoKnownText": null, "Circa": null, "Province": "Toledo", "RegnalEnd": "1396", "Fragment": null, "GeneralNotes": "Unclear when exactly the constitutions are from during his epispocal tenure", "ClassificationNotes": null, "TranscriptionNotes": null, "Delegated": null, "Day": null, "DatingNotes": "1390 & 2 May 1391", "BiblioRefs": null, "Language": "Old Spanish", "LanguageNotes": null, "CountryModern": "Spain", "SourceOther": null, "OCR": "Yes", "Longitude": "-4.533333", "Place": "Palencia", "IssuingAuthorityAlt": null, "EditionOther": null, "Classification": "Diocesan", "Diocese": "Palencia", "RecordID": "638", "Month": null, "Edition": "Synodicon Hispanum, VII, pp392-401", "BaseText": ["Library Scan", "Hard Copy Scan"], "IssuingAuthority": "Juan de Castromocho", "Year": "1390", "RegnalStart": "1382"}