{"TextNeeded": null, "SourceNotes": null, "Transcription": "Completed", "PlaceNotes": null, "Source": "Tilburg, Universiteitsbibliotheek (olim Bibliotheek Theologische Faculteit), MS 15, 1r-27v", "Latitude": "50.175579", "NoKnownText": null, "Circa": "Yes", "Province": "Reims", "RegnalEnd": "1309", "Fragment": null, "GeneralNotes": "14th-C Synodal", "ClassificationNotes": null, "TranscriptionNotes": "Avril's edition frequently cites simply the corresponding entry in earlier statutes,so hold off on transcription until sources are done", "Delegated": null, "Day": null, "DatingNotes": "composed under Philippe de Marigny [see Avril, Codifications, 414] and remained in force until 16th; for the dating (to c. 1307), see Boeren, A propos des statuts synodaux, 209 n4. ", "BiblioRefs": null, "Language": "Latin", "LanguageNotes": null, "CountryModern": "Belgium", "SourceOther": null, "OCR": "Yes", "Longitude": "3.2345", "Place": "Cambrai", "IssuingAuthorityAlt": null, "EditionOther": null, "Classification": "Liber Synodalis", "Diocese": "Cambrai", "RecordID": "62", "Month": null, "Edition": "Avril, Statuts, IV, 137-80", "BaseText": "Hard Copy Scan", "IssuingAuthority": "Phlippe de Marigny", "Year": "1307", "RegnalStart": "1306"}