{"TextNeeded": null, "SourceNotes": null, "Transcription": "Reviewed ", "PlaceNotes": null, "Source": null, "Latitude": "49.443889", "NoKnownText": null, "Circa": null, "Province": "Rouen", "RegnalEnd": "1343", "Fragment": null, "GeneralNotes": "Single statute survives", "ClassificationNotes": "Delegated to Jean, Bp of Avranches (due to ill health)", "TranscriptionNotes": null, "Delegated": "Yes", "Day": "14", "DatingNotes": null, "BiblioRefs": null, "Language": "Latin", "LanguageNotes": null, "CountryModern": "France", "SourceOther": null, "OCR": null, "Longitude": "1.103333", "Place": "Rouen", "IssuingAuthorityAlt": null, "EditionOther": null, "Classification": "Provincial", "Diocese": "Rouen", "RecordID": "1428", "Month": "12", "Edition": "Mansi 25, cols 1269-72", "BaseText": ["GoogleBooks", "Data Capture"], "IssuingAuthority": "Aymery Gu\u00e9naud", "Year": "1342", "RegnalStart": "1339"}