{"TextNeeded": null, "SourceNotes": "https://books.google.com/books?id=FRtUAAAAcAAJ", "Transcription": "Reviewed ", "PlaceNotes": null, "Source": null, "Latitude": "51.507222", "NoKnownText": null, "Circa": null, "Province": "Canterbury", "RegnalEnd": "1327", "Fragment": null, "GeneralNotes": "Inc. Cum quanta reverentia...", "ClassificationNotes": null, "TranscriptionNotes": null, "Delegated": null, "Day": null, "DatingNotes": "Mansi dates this to 1321; Wilkins to 1322", "BiblioRefs": null, "Language": "Latin", "LanguageNotes": null, "CountryModern": "England", "SourceOther": null, "OCR": null, "Longitude": "-0.1275", "Place": "London", "IssuingAuthorityAlt": null, "EditionOther": "Mansi 25, 670-684;", "Classification": "Provincial", "Diocese": "London", "RecordID": "337", "Month": null, "Edition": "Wilkins 2:512-514", "BaseText": ["GoogleBooks", "WebDownload"], "IssuingAuthority": "Walter Reynolds", "Year": "1322", "RegnalStart": "1313"}