{"TextNeeded": null, "SourceNotes": "complete text does not survive; breaks off midway through c. 14", "Transcription": "Reviewed ", "PlaceNotes": null, "Source": null, "Latitude": "51.133333", "NoKnownText": null, "Circa": null, "Province": "Mainz", "RegnalEnd": null, "Fragment": "Yes", "GeneralNotes": "These were sent to Innocent IV for confirmation, which he granted. (cf. Leipzig UB MS 1062, fols 35v-36v; cited in Pixton, Watchmen, 432; text in Hartzheim III, 575-77)", "ClassificationNotes": "issued by AB of Mainz, for Hessian clergy", "TranscriptionNotes": null, "Delegated": null, "Day": "30", "DatingNotes": "dated 1246 in Mansi; 1243 dating in \"Fritzlar\" by S. Zollo in Dizionario dei Concili, ed. Palazzini, 89; 1244 in Finke, Konzilienstudien", "BiblioRefs": null, "Language": "Latin", "LanguageNotes": null, "CountryModern": "Germany", "SourceOther": null, "OCR": null, "Longitude": "9.283333", "Place": "Fritzlar", "IssuingAuthorityAlt": null, "EditionOther": "Mansi 23, 725-30", "Classification": "Diocesan", "Diocese": "Mainz", "RecordID": "1462", "Month": "5", "Edition": "Hartzheim III, 571-75", "BaseText": ["GoogleBooks", "Data Capture"], "IssuingAuthority": "Siegfried III", "Year": "1244", "RegnalStart": null}