{"TextNeeded": null, "SourceNotes": null, "Transcription": "Reviewed ", "PlaceNotes": null, "Source": null, "Latitude": "50.94257", "NoKnownText": null, "Circa": null, "Province": "Cologne", "RegnalEnd": null, "Fragment": null, "GeneralNotes": null, "ClassificationNotes": null, "TranscriptionNotes": null, "Delegated": null, "Day": "21", "DatingNotes": null, "BiblioRefs": null, "Language": "Latin", "LanguageNotes": null, "CountryModern": "Germany", "SourceOther": null, "OCR": null, "Longitude": "6.958976", "Place": "Cologne", "IssuingAuthorityAlt": null, "EditionOther": "Mansi 23, cols 1131-1156", "Classification": "Diocesan", "Diocese": "Cologne", "RecordID": "1316", "Month": "5", "Edition": "Hartzheim, III, 617-31", "BaseText": ["GoogleBooks", "Data Capture"], "IssuingAuthority": "Engelbert II", "Year": "1266", "RegnalStart": null}