{"TextNeeded": null, "SourceNotes": null, "Transcription": "Reviewed ", "PlaceNotes": null, "Source": null, "Latitude": "44.411111", "NoKnownText": null, "Circa": null, "Province": "Genoa", "RegnalEnd": "1377", "Fragment": null, "GeneralNotes": null, "ClassificationNotes": null, "TranscriptionNotes": null, "Delegated": null, "Day": "15", "DatingNotes": null, "BiblioRefs": null, "Language": "Latin", "LanguageNotes": null, "CountryModern": "Italy", "SourceOther": null, "OCR": "Yes", "Longitude": "8.932778", "Place": "Genoa", "IssuingAuthorityAlt": null, "EditionOther": null, "Classification": "Provincial", "Diocese": "Genoa", "RecordID": "459", "Month": "5", "Edition": "Cambiaso, Sinodi, 59-87", "BaseText": "Hard Copy Scan", "IssuingAuthority": "Andrea della Torre", "Year": "1375", "RegnalStart": "1368"}