{"TextNeeded": null, "SourceNotes": null, "Transcription": "Reviewed ", "PlaceNotes": null, "Source": null, "Latitude": "51.507222", "NoKnownText": null, "Circa": null, "Province": "Canterbury", "RegnalEnd": "1443", "Fragment": null, "GeneralNotes": "Two constitutions, discussing testaments and heretics", "ClassificationNotes": null, "TranscriptionNotes": null, "Delegated": null, "Day": "1", "DatingNotes": null, "BiblioRefs": null, "Language": "Latin", "LanguageNotes": null, "CountryModern": "England", "SourceOther": null, "OCR": null, "Longitude": "-0.1275", "Place": "London", "IssuingAuthorityAlt": null, "EditionOther": null, "Classification": "Provincial", "Diocese": "Canterbury", "RecordID": "1454", "Month": "7", "Edition": "Records of Convocation 5, pp. 31-34", "BaseText": ["Library Scan", "Hard Copy Scan"], "IssuingAuthority": "Henry Chichele", "Year": "1416", "RegnalStart": "1414"}