{"TextNeeded": null, "SourceNotes": null, "Transcription": "Reviewed ", "PlaceNotes": null, "Source": null, "Latitude": "50.175579", "NoKnownText": null, "Circa": null, "Province": "Reims", "RegnalEnd": null, "Fragment": null, "GeneralNotes": "Additiones", "ClassificationNotes": null, "TranscriptionNotes": null, "Delegated": null, "Day": "1", "DatingNotes": null, "BiblioRefs": null, "Language": "Latin", "LanguageNotes": null, "CountryModern": "Belgium", "SourceOther": null, "OCR": "Yes", "Longitude": "3.2345", "Place": "Cambrai", "IssuingAuthorityAlt": null, "EditionOther": "Boeren, Anciens statuts, III, 410-413", "Classification": "Diocesan", "Diocese": "Cambrai", "RecordID": "59", "Month": "10", "Edition": "Avril, Statuts, IV, 111-14", "BaseText": "Hard Copy Scan", "IssuingAuthority": null, "Year": "1286", "RegnalStart": null}