{"TextNeeded": null, "SourceNotes": "https://books.google.com/books?id=0SGIk69vxS0C", "Transcription": "Reviewed ", "PlaceNotes": null, "Source": "Rouen, BM, 1181 (Y 223A), fol 32v-33v", "Latitude": "49.443889", "NoKnownText": null, "Circa": null, "Province": "Rouen", "RegnalEnd": "1318", "Fragment": null, "GeneralNotes": "Title; Precepta sinodalia facta sacerdotibus per magistrum J. de Cropeio vicarium reverendi.", "ClassificationNotes": "issued by vicar J. de Cropio", "TranscriptionNotes": null, "Delegated": "Yes", "Day": null, "DatingNotes": "Autumn", "BiblioRefs": null, "Language": "Latin", "LanguageNotes": null, "CountryModern": "France", "SourceOther": null, "OCR": null, "Longitude": "1.103333", "Place": "Rouen", "IssuingAuthorityAlt": "Gilles Aycelin de Montaigu", "EditionOther": null, "Classification": "Diocesan", "Diocese": "Rouen", "RecordID": "1160", "Month": null, "Edition": "Bessin, Concilia, II, 84", "BaseText": ["GoogleBooks", "WebDownload"], "IssuingAuthority": "Gilles Ascelin", "Year": "1311", "RegnalStart": "1311"}