{"TextNeeded": null, "SourceNotes": null, "Transcription": "Reviewed ", "PlaceNotes": ["diocese also known as \"The Isles'; see Cheney, Manx Synodal Statutes, pt 1", "actually a Possession of the Crown; not part of either England, Scotland or the U"], "Source": null, "Latitude": "54.221", "NoKnownText": null, "Circa": "Yes", "Province": "[Holy See]", "RegnalEnd": null, "Fragment": null, "GeneralNotes": "contains numerous later 13th- and 14th-c interpolations (see p24, n28), incl. cc. 10, 11, 12", "ClassificationNotes": null, "TranscriptionNotes": null, "Delegated": null, "Day": null, "DatingNotes": "25 March 1229 x 24 March 1230", "BiblioRefs": "see Cheney, Manx Synodal Statutes, pt 1", "Language": "Latin", "LanguageNotes": null, "CountryModern": "[Scotland]", "SourceOther": null, "OCR": null, "Longitude": "-4.691", "Place": "Peel", "IssuingAuthorityAlt": null, "EditionOther": null, "Classification": "Diocesan", "Diocese": "Sodor", "RecordID": "1433", "Month": null, "Edition": "Records of Convocation, vol. 1: Sodor and Man, 24-29", "BaseText": ["Library Scan", "Hard Copy Scan"], "IssuingAuthority": null, "Year": "1229", "RegnalStart": null}