{"TextNeeded": null, "SourceNotes": null, "Transcription": "Reviewed ", "PlaceNotes": null, "Source": null, "Latitude": "41.115697", "NoKnownText": null, "Circa": null, "Province": "Tarragona", "RegnalEnd": null, "Fragment": null, "GeneralNotes": null, "ClassificationNotes": "Convened by King James I of Aragon, with bishops", "TranscriptionNotes": null, "Delegated": null, "Day": null, "DatingNotes": null, "BiblioRefs": null, "Language": "Latin", "LanguageNotes": null, "CountryModern": "Spain", "SourceOther": null, "OCR": null, "Longitude": "1.249594", "Place": "Tarragona", "IssuingAuthorityAlt": null, "EditionOther": null, "Classification": "Other", "Diocese": "Tarragona", "RecordID": "2073", "Month": null, "Edition": "Mansi 23, 330-334", "BaseText": "Data Capture", "IssuingAuthority": null, "Year": "1234", "RegnalStart": null}