{"TextNeeded": null, "SourceNotes": "IRHT MF 06342-06343", "Transcription": "Reviewed ", "PlaceNotes": null, "Source": "Nantes, BM 36, fol. 381rv (=Travers, Concilia provinciae Turonensis, III)", "Latitude": "47.21806", "NoKnownText": null, "Circa": "Yes", "Province": "Tours", "RegnalEnd": null, "Fragment": null, "GeneralNotes": null, "ClassificationNotes": null, "TranscriptionNotes": null, "Delegated": null, "Day": null, "DatingNotes": "1304x1337", "BiblioRefs": null, "Language": "Latin", "LanguageNotes": null, "CountryModern": "France", "SourceOther": null, "OCR": null, "Longitude": "-1.55278", "Place": "Nantes", "IssuingAuthorityAlt": null, "EditionOther": null, "Classification": "Diocesan", "Diocese": "Nantes", "RecordID": "1098", "Month": null, "Edition": null, "BaseText": "Microfilm", "IssuingAuthority": "Daniel Vigier", "Year": "1320", "RegnalStart": null}