{"TextNeeded": null, "SourceNotes": "photo taken, but fuzzy", "Transcription": "Reviewed ", "PlaceNotes": null, "Source": "ADMM 2 F 2 no 21", "Latitude": "48.675", "NoKnownText": null, "Circa": null, "Province": "Trier", "RegnalEnd": null, "Fragment": null, "GeneralNotes": null, "ClassificationNotes": null, "TranscriptionNotes": "transcription should be rechecked against better image", "Delegated": null, "Day": null, "DatingNotes": "Pentecost synod", "BiblioRefs": null, "Language": "Latin", "LanguageNotes": null, "CountryModern": "France", "SourceOther": null, "OCR": null, "Longitude": "5.891667", "Place": "Toul", "IssuingAuthorityAlt": null, "EditionOther": null, "Classification": "Diocesan", "Diocese": "Toul", "RecordID": "249", "Month": null, "Edition": null, "BaseText": "Digital MS", "IssuingAuthority": "Bertrand", "Year": "1358", "RegnalStart": null}