{"TextNeeded": null, "SourceNotes": null, "Transcription": "Reviewed ", "PlaceNotes": null, "Source": null, "Latitude": "43.112222", "NoKnownText": null, "Circa": "Yes", "Province": "[Holy See]", "RegnalEnd": null, "Fragment": null, "GeneralNotes": null, "ClassificationNotes": null, "TranscriptionNotes": null, "Delegated": null, "Day": null, "DatingNotes": "dating slightly uncertain, but from first two decades of 14th-c", "BiblioRefs": null, "Language": "Latin", "LanguageNotes": null, "CountryModern": "Italy", "SourceOther": null, "OCR": null, "Longitude": "12.388889", "Place": "Perugia", "IssuingAuthorityAlt": null, "EditionOther": null, "Classification": "Diocesan", "Diocese": "Perugia", "RecordID": "336", "Month": null, "Edition": "Mansi 25, col 639-648", "BaseText": ["GoogleBooks", "Data Capture"], "IssuingAuthority": "Francesco", "Year": "1320", "RegnalStart": null}