{"TextNeeded": null, "SourceNotes": null, "Transcription": "Reviewed ", "PlaceNotes": null, "Source": null, "Latitude": "43.347615", "NoKnownText": null, "Circa": null, "Province": "Narbonne", "RegnalEnd": null, "Fragment": null, "GeneralNotes": null, "ClassificationNotes": null, "TranscriptionNotes": null, "Delegated": null, "Day": "25", "DatingNotes": null, "BiblioRefs": null, "Language": "Latin", "LanguageNotes": null, "CountryModern": "France", "SourceOther": null, "OCR": null, "Longitude": "3.218991", "Place": "B\u00e9ziers", "IssuingAuthorityAlt": null, "EditionOther": "Gallia Christiana VI, col 355", "Classification": "Diocesan", "Diocese": "B\u00e9ziers", "RecordID": "988", "Month": "4", "Edition": "Martene, Thes IV, 665-66", "BaseText": ["GoogleBooks", "Data Capture"], "IssuingAuthority": null, "Year": "1409", "RegnalStart": null}