{"TextNeeded": null, "SourceNotes": null, "Transcription": "Completed", "PlaceNotes": null, "Source": null, "Latitude": "39.470239", "NoKnownText": null, "Circa": null, "Province": "Tarragona", "RegnalEnd": "1312", "Fragment": null, "GeneralNotes": null, "ClassificationNotes": null, "TranscriptionNotes": null, "Delegated": null, "Day": "21", "DatingNotes": null, "BiblioRefs": null, "Language": "Latin", "LanguageNotes": null, "CountryModern": "Spain", "SourceOther": null, "OCR": "Yes", "Longitude": "-0.376805", "Place": "Valencia", "IssuingAuthorityAlt": null, "EditionOther": "Perez de Heredia, Sinodos, 678-697", "Classification": "Diocesan", "Diocese": "Valencia", "RecordID": "409", "Month": "10", "Edition": "Synodicon Hispanum, XII, 756-65", "BaseText": ["Library Scan", "Hard Copy Scan"], "IssuingAuthority": "Ram\u00f3n Despont", "Year": "1298", "RegnalStart": "1289"}