{"TextNeeded": null, "SourceNotes": null, "Transcription": "Reviewed ", "PlaceNotes": null, "Source": null, "Latitude": "46.951667", "NoKnownText": null, "Circa": null, "Province": "Lyons", "RegnalEnd": "1331", "Fragment": null, "GeneralNotes": null, "ClassificationNotes": null, "TranscriptionNotes": null, "Delegated": null, "Day": "12", "DatingNotes": null, "BiblioRefs": null, "Language": "Latin", "LanguageNotes": null, "CountryModern": "France", "SourceOther": null, "OCR": null, "Longitude": "4.299444", "Place": "Autun", "IssuingAuthorityAlt": null, "EditionOther": null, "Classification": "Diocesan", "Diocese": "Autun", "RecordID": "146", "Month": "11", "Edition": "Martene, Thes, IV, coll. 498-500", "BaseText": ["GoogleBooks", "Data Capture"], "IssuingAuthority": "Pierre Bertrand", "Year": "1322", "RegnalStart": "1322"}