{"TextNeeded": null, "SourceNotes": null, "Transcription": "Completed", "PlaceNotes": null, "Source": null, "Latitude": "40.812778", "NoKnownText": null, "Circa": "Yes", "Province": "Tarragona", "RegnalEnd": "1369", "Fragment": null, "GeneralNotes": null, "ClassificationNotes": null, "TranscriptionNotes": null, "Delegated": null, "Day": null, "DatingNotes": "1362-69 (sequence)", "BiblioRefs": null, "Language": "Latin", "LanguageNotes": null, "CountryModern": "Spain", "SourceOther": null, "OCR": "Yes", "Longitude": "0.523333", "Place": "Tortosa", "IssuingAuthorityAlt": "Jaime de Aragon", "EditionOther": null, "Classification": "Diocesan", "Diocese": "Tortosa", "RecordID": "872", "Month": null, "Edition": "Synodicon Hispanum, XII, 653-63", "BaseText": ["Library Scan", "Hard Copy Scan"], "IssuingAuthority": "Jaume de Prades i de Foix", "Year": "1362", "RegnalStart": "1362"}