{"TextNeeded": null, "SourceNotes": "https://books.google.com/books?vid=HARVARD:32044100885706", "Transcription": "Completed", "PlaceNotes": null, "Source": null, "Latitude": "45.85", "NoKnownText": null, "Circa": null, "Province": "Bourges", "RegnalEnd": "1316", "Fragment": null, "GeneralNotes": null, "ClassificationNotes": null, "TranscriptionNotes": null, "Delegated": null, "Day": "10", "DatingNotes": null, "BiblioRefs": null, "Language": "Latin", "LanguageNotes": null, "CountryModern": "France", "SourceOther": null, "OCR": null, "Longitude": "1.25", "Place": "Limoges", "IssuingAuthorityAlt": null, "EditionOther": null, "Classification": "Diocesan", "Diocese": "Limoges", "RecordID": "213", "Month": "11", "Edition": "Lecler, \u201cAnciens statuts du dioc\u00e8se de Limoges,\" 132-139", "BaseText": ["GoogleBooks", "WebDownload"], "IssuingAuthority": "Raynaud de la Porte", "Year": "1310", "RegnalStart": "1294"}