{"TextNeeded": null, "SourceNotes": null, "Transcription": "Reviewed ", "PlaceNotes": null, "Source": null, "Latitude": "41.544167", "NoKnownText": null, "Circa": null, "Province": "Braga", "RegnalEnd": "1292", "Fragment": null, "GeneralNotes": null, "ClassificationNotes": null, "TranscriptionNotes": null, "Delegated": null, "Day": "5", "DatingNotes": null, "BiblioRefs": null, "Language": "Latin", "LanguageNotes": null, "CountryModern": "Portugal", "SourceOther": null, "OCR": "Yes", "Longitude": "-8.421944", "Place": "Braga", "IssuingAuthorityAlt": null, "EditionOther": null, "Classification": "Diocesan", "Diocese": "Braga", "RecordID": "593", "Month": "12", "Edition": "Synodicon Hispanum, 2, 10-26", "BaseText": ["Library Scan", "Hard Copy Scan"], "IssuingAuthority": "Frei Telo", "Year": "1281", "RegnalStart": "1279"}