{"TextNeeded": null, "SourceNotes": null, "Transcription": "Reviewed ", "PlaceNotes": null, "Source": null, "Latitude": "43.428056", "NoKnownText": null, "Circa": null, "Province": "Santiago", "RegnalEnd": null, "Fragment": null, "GeneralNotes": null, "ClassificationNotes": null, "TranscriptionNotes": null, "Delegated": null, "Day": "18", "DatingNotes": null, "BiblioRefs": null, "Language": "Old Spanish", "LanguageNotes": null, "CountryModern": "Spain", "SourceOther": null, "OCR": "Yes", "Longitude": "-7.362778", "Place": "Mondo\u00f1edo", "IssuingAuthorityAlt": null, "EditionOther": null, "Classification": "Diocesan", "Diocese": "Mondo\u00f1edo", "RecordID": "577", "Month": "8", "Edition": "Synodicon Hispanum, 1, 21-25", "BaseText": ["Library Scan", "Hard Copy Scan"], "IssuingAuthority": "Lope de Mendoza", "Year": "1395", "RegnalStart": null}