{"TextNeeded": null, "SourceNotes": null, "Transcription": "Reviewed ", "PlaceNotes": null, "Source": null, "Latitude": "53.555252", "NoKnownText": null, "Circa": null, "Province": "Dublin", "RegnalEnd": null, "Fragment": null, "GeneralNotes": null, "ClassificationNotes": null, "TranscriptionNotes": null, "Delegated": null, "Day": null, "DatingNotes": "1216-1217", "BiblioRefs": null, "Language": "Latin", "LanguageNotes": null, "CountryModern": "Ireland", "SourceOther": null, "OCR": null, "Longitude": "-6.773247", "Place": "Newtown near Trim", "IssuingAuthorityAlt": null, "EditionOther": null, "Classification": "Diocesan", "Diocese": "Meath", "RecordID": "1443", "Month": null, "Edition": "Records of Convocation 16, pp. 111-12", "BaseText": ["Library Scan", "Hard Copy Scan"], "IssuingAuthority": null, "Year": "1216", "RegnalStart": null}