{"TextNeeded": null, "SourceNotes": "https://sok.riksarkivet.se/sdhk? - SDHK-nr: 1822", "Transcription": "Reviewed ", "PlaceNotes": null, "Source": null, "Latitude": "59.833333", "NoKnownText": null, "Circa": "Yes", "Province": "Uppsala", "RegnalEnd": "1305", "Fragment": null, "GeneralNotes": "not itself issued at a council, rather this text is the archbishop's explanation  of the 1279 S\u00f6dert\u00e4lje decrees", "ClassificationNotes": "\"Modificatio et Declaratio\" of the 1279 S\u00f6dert\u00e4lje decrees", "TranscriptionNotes": null, "Delegated": null, "Day": null, "DatingNotes": "1299x1301 (dating from Bertil Nilsson - email 22 March 2017); elsewhere 1296x1314, and possibly attributable to AB Nils Kettilsson", "BiblioRefs": null, "Language": "Latin", "LanguageNotes": null, "CountryModern": "Sweden", "SourceOther": null, "OCR": null, "Longitude": "17.666667", "Place": "Uppsala", "IssuingAuthorityAlt": null, "EditionOther": "Diplomatarium Suecanum, vol. II, nr. 1746  ", "Classification": "Other", "Diocese": "Uppsala", "RecordID": "34", "Month": null, "Edition": "SDHK, nr: 1822", "BaseText": "Other", "IssuingAuthority": "Nils Allesson", "Year": "1299", "RegnalStart": "1292"}