{"TextNeeded": null, "SourceNotes": null, "Transcription": "Reviewed ", "PlaceNotes": null, "Source": null, "Latitude": "42.336389", "NoKnownText": null, "Circa": null, "Province": "Santiago", "RegnalEnd": null, "Fragment": null, "GeneralNotes": null, "ClassificationNotes": "issued by Alvaro Diiz & Ares Fern\u00e1ndez (episcopal vicars)", "TranscriptionNotes": null, "Delegated": "Yes", "Day": "9", "DatingNotes": null, "BiblioRefs": null, "Language": "Old Spanish", "LanguageNotes": null, "CountryModern": "Spain", "SourceOther": null, "OCR": "Yes", "Longitude": " -7.863333", "Place": "Orense", "IssuingAuthorityAlt": null, "EditionOther": null, "Classification": "Diocesan", "Diocese": "Orense", "RecordID": "583", "Month": "4", "Edition": "Synodicon Hispanum, 1, 103-104", "BaseText": ["Library Scan", "Hard Copy Scan"], "IssuingAuthority": "Pedro Di\u00e1z", "Year": "1394", "RegnalStart": null}