{"TextNeeded": null, "SourceNotes": null, "Transcription": "Reviewed ", "PlaceNotes": null, "Source": null, "Latitude": "47.0844", "NoKnownText": null, "Circa": null, "Province": "Bourges", "RegnalEnd": null, "Fragment": null, "GeneralNotes": null, "ClassificationNotes": "Presided over by Apostolic Legate Simon, but with participation of AB of Bourges and his suffragans", "TranscriptionNotes": null, "Delegated": null, "Day": "13", "DatingNotes": "2-13 September", "BiblioRefs": null, "Language": "Latin", "LanguageNotes": null, "CountryModern": "France", "SourceOther": null, "OCR": null, "Longitude": "2.3964", "Place": "Bourges", "IssuingAuthorityAlt": null, "EditionOther": null, "Classification": "Provincial", "Diocese": "Bourges", "RecordID": "839", "Month": "9", "Edition": "Mansi 24, col 165-180", "BaseText": ["GoogleBooks", "Data Capture"], "IssuingAuthority": "Simon", "Year": "1276", "RegnalStart": null}