{"TextNeeded": null, "SourceNotes": null, "Transcription": "Reviewed ", "PlaceNotes": null, "Source": null, "Latitude": "45.7464", "NoKnownText": null, "Circa": null, "Province": "Bordeaux", "RegnalEnd": null, "Fragment": null, "GeneralNotes": null, "ClassificationNotes": null, "TranscriptionNotes": null, "Delegated": null, "Day": null, "DatingNotes": null, "BiblioRefs": null, "Language": "Latin", "LanguageNotes": null, "CountryModern": "France", "SourceOther": null, "OCR": null, "Longitude": "-0.6333", "Place": "Saintes", "IssuingAuthorityAlt": null, "EditionOther": null, "Classification": "Diocesan", "Diocese": "Saintes", "RecordID": "310", "Month": null, "Edition": "Mansi 24, col 1185-86", "BaseText": ["GoogleBooks", "Data Capture"], "IssuingAuthority": null, "Year": "1298", "RegnalStart": null}