{"TextNeeded": null, "SourceNotes": null, "Transcription": "Reviewed ", "PlaceNotes": null, "Source": null, "Latitude": "53.958333", "NoKnownText": null, "Circa": "Yes", "Province": "York", "RegnalEnd": null, "Fragment": null, "GeneralNotes": "constitutions of York provincial councils of 1364-1367 ", "ClassificationNotes": null, "TranscriptionNotes": null, "Delegated": null, "Day": null, "DatingNotes": "constitutions from 1364x1367; given as 1367 in Wilkins", "BiblioRefs": null, "Language": "Latin", "LanguageNotes": null, "CountryModern": "England", "SourceOther": null, "OCR": null, "Longitude": "-1.080278", "Place": "York", "IssuingAuthorityAlt": null, "EditionOther": "Wilkins III, 68-73", "Classification": "Provincial", "Diocese": "York", "RecordID": "551", "Month": null, "Edition": "Records of Convocation, vol. 13: York, 153-162", "BaseText": ["Library Scan", "Hard Copy Scan"], "IssuingAuthority": null, "Year": "1364", "RegnalStart": null}