{"TextNeeded": null, "SourceNotes": ["only fragments of two decrees survive", "http://www.wbc.poznan.pl/Content/20067/kw_02.html"], "Transcription": "Reviewed ", "PlaceNotes": null, "Source": null, "Latitude": "52.533333", "NoKnownText": null, "Circa": null, "Province": "Gniezno ", "RegnalEnd": null, "Fragment": "Yes", "GeneralNotes": null, "ClassificationNotes": null, "TranscriptionNotes": null, "Delegated": null, "Day": "14", "DatingNotes": "held in September (acc Palazzini) correcting KDW/Gromnicki (who said October)", "BiblioRefs": ["Gromnicki, Synody prowincyonalne, 215-16: https://books.google.com/books?id=tdLcnQAACAAJ", "Korytkowski, Arcybiskupi gnieznienscy, I, 480-81: https://books.google.com/books?id=4rsaAAAAYAAJ"], "Language": "Latin", "LanguageNotes": null, "CountryModern": "Poland", "SourceOther": null, "OCR": "Yes", "Longitude": "17.6", "Place": "Gniezno ", "IssuingAuthorityAlt": null, "EditionOther": null, "Classification": "Provincial", "Diocese": "Gniezno ", "RecordID": "2019", "Month": "9", "Edition": "Kodeks dyplomatyczny Wielkopolski II, 35 (no. 654)", "BaseText": ["GoogleBooks", "WebDownload"], "IssuingAuthority": "Jakob Swinka", "Year": "1290", "RegnalStart": null}