{"TextNeeded": null, "SourceNotes": null, "Transcription": "Reviewed ", "PlaceNotes": null, "Source": null, "Latitude": "45.766667", "NoKnownText": null, "Circa": null, "Province": "Aquileia", "RegnalEnd": null, "Fragment": null, "GeneralNotes": "From Andrea Tilatti (email): In ogni caso, la redazione del 1338 presenta una stratificazione di almeno quattro patriarchi: Bertoldo di Andechs (1218-1251), Gregorio di Montelongo (1251-1269), Raimondo Della Torre (1273-1299) e Bertrando di Saint-Geni\u00e8s (1334-1350): ciascuno di questi patriarchi (e forse altri) ha convocato sinodi diocesane e ha emanato statuti", "ClassificationNotes": null, "TranscriptionNotes": null, "Delegated": null, "Day": "19", "DatingNotes": null, "BiblioRefs": "Ceccon, Sinodi diocesane, 58-59", "Language": "Latin", "LanguageNotes": null, "CountryModern": "Italy", "SourceOther": null, "OCR": "Yes", "Longitude": "13.366667", "Place": "Aquileia", "IssuingAuthorityAlt": null, "EditionOther": null, "Classification": "Diocesan", "Diocese": "Aquileia", "RecordID": "1855", "Month": "10", "Edition": "Marcuzzi, Sinodi, 350-367 (discussed on pp157-174)", "BaseText": ["Library Scan", "Hard Copy Scan"], "IssuingAuthority": null, "Year": "1338", "RegnalStart": null}