{"TextNeeded": null, "SourceNotes": null, "Transcription": "Reviewed ", "PlaceNotes": null, "Source": null, "Latitude": "45.733333", "NoKnownText": null, "Circa": null, "Province": "Tarentaise", "RegnalEnd": "1283", "Fragment": null, "GeneralNotes": "58 decisions; 44 statutes inspired by Eudes de Sully (in some places verbatim), the remainder apparently additions to an initial corpus", "ClassificationNotes": null, "TranscriptionNotes": null, "Delegated": null, "Day": null, "DatingNotes": null, "BiblioRefs": "Avril, Premiers statuts parisiens", "Language": "Latin", "LanguageNotes": null, "CountryModern": "Italy", "SourceOther": null, "OCR": null, "Longitude": "7.316667", "Place": "Aosta", "IssuingAuthorityAlt": "Simon de Duingt", "EditionOther": null, "Classification": "Diocesan", "Diocese": "Aosta", "RecordID": "970", "Month": null, "Edition": "Amiet, Le pontifical d\u2019Emeric de Quart, pp196-208", "BaseText": "Hard Copy Scan", "IssuingAuthority": "Simon de Duin", "Year": "1280", "RegnalStart": "1275"}