{"TextNeeded": null, "SourceNotes": null, "Transcription": "Completed", "PlaceNotes": null, "Source": "Copenhagen, Bibl. Kgl. S.4'.1623, fols. 26rv", "Latitude": "50.175579", "NoKnownText": null, "Circa": "Yes", "Province": "Reims", "RegnalEnd": null, "Fragment": null, "GeneralNotes": "Inc. Cum plures per negligentiam decanorum curatorum et ipsorum viceregentium traditione crismatis moderate capiunt", "ClassificationNotes": null, "TranscriptionNotes": null, "Delegated": null, "Day": null, "DatingNotes": "1358x1421, probably 1412x1421", "BiblioRefs": null, "Language": "Latin", "LanguageNotes": null, "CountryModern": "Belgium", "SourceOther": null, "OCR": null, "Longitude": "3.2345", "Place": "Cambrai", "IssuingAuthorityAlt": null, "EditionOther": null, "Classification": "Diocesan", "Diocese": "Cambrai", "RecordID": "721", "Month": null, "Edition": "Boeren, A propos des statuts diocesains de Cambrai, 211-214", "BaseText": ["Library Scan", "Hard Copy Scan", "Digital MS"], "IssuingAuthority": null, "Year": "1415", "RegnalStart": null}