{"TextNeeded": null, "SourceNotes": null, "Transcription": "Completed", "PlaceNotes": null, "Source": null, "Latitude": "40.466667", "NoKnownText": null, "Circa": null, "Province": "Toledo", "RegnalEnd": null, "Fragment": null, "GeneralNotes": null, "ClassificationNotes": null, "TranscriptionNotes": null, "Delegated": null, "Day": "4", "DatingNotes": null, "BiblioRefs": null, "Language": "Latin", "LanguageNotes": "second article in Old Spanish", "CountryModern": "Spain", "SourceOther": null, "OCR": "Yes", "Longitude": "-3.366667", "Place": "Alcal\u00e1 de Henares", "IssuingAuthorityAlt": null, "EditionOther": "Sanchez Herrero, Concilios, Appendix I, p365-66", "Classification": "Diocesan", "Diocese": "Toledo", "RecordID": "648", "Month": "3", "Edition": "Synodicon Hispanum, X, 528-529", "BaseText": ["Library Scan", "Hard Copy Scan"], "IssuingAuthority": "Gonzalo Garc\u00eda Gudiel", "Year": "1291", "RegnalStart": null}