{"TextNeeded": null, "SourceNotes": null, "Transcription": "Reviewed ", "PlaceNotes": null, "Source": null, "Latitude": "47.393611", "NoKnownText": null, "Circa": "Yes", "Province": "Tours", "RegnalEnd": null, "Fragment": null, "GeneralNotes": null, "ClassificationNotes": null, "TranscriptionNotes": "p. 124: two versions (give shorter as alternate)", "Delegated": null, "Day": null, "DatingNotes": "after 1215; probably 1216x1217", "BiblioRefs": null, "Language": "Latin", "LanguageNotes": null, "CountryModern": "France", "SourceOther": null, "OCR": "Yes", "Longitude": "0.689167", "Place": "Tours", "IssuingAuthorityAlt": null, "EditionOther": null, "Classification": "Provincial", "Diocese": "Tours", "RecordID": "1297", "Month": null, "Edition": "Avril, Tours, 119-25", "BaseText": "Hard Copy Scan", "IssuingAuthority": null, "Year": "1216", "RegnalStart": null}