{"TextNeeded": null, "SourceNotes": null, "Transcription": "Reviewed ", "PlaceNotes": null, "Source": null, "Latitude": "51.3727", "NoKnownText": null, "Circa": null, "Province": "Canterbury", "RegnalEnd": "1443", "Fragment": null, "GeneralNotes": "Single constitution discussing bigamous and married clergy", "ClassificationNotes": null, "TranscriptionNotes": null, "Delegated": null, "Day": null, "DatingNotes": null, "BiblioRefs": null, "Language": "Latin", "LanguageNotes": null, "CountryModern": "England", "SourceOther": null, "OCR": null, "Longitude": "-0.1099", "Place": "Croydon", "IssuingAuthorityAlt": null, "EditionOther": null, "Classification": "Provincial", "Diocese": "Canterbury", "RecordID": "1453", "Month": null, "Edition": "Records of Convocation 5, p. 9", "BaseText": ["Library Scan", "Hard Copy Scan"], "IssuingAuthority": "Henry Chichele", "Year": "1414", "RegnalStart": "1414"}