{"TextNeeded": null, "SourceNotes": null, "Transcription": "Completed", "PlaceNotes": null, "Source": "Paris, BnF lat. 1591, fol. 28v-29v", "Latitude": "50.175579", "NoKnownText": null, "Circa": null, "Province": "Reims", "RegnalEnd": null, "Fragment": null, "GeneralNotes": null, "ClassificationNotes": "issued by Robert, dean of the cathedral chapter", "TranscriptionNotes": null, "Delegated": null, "Day": "2", "DatingNotes": null, "BiblioRefs": null, "Language": "Latin", "LanguageNotes": null, "CountryModern": "Belgium", "SourceOther": "Paris BnF lat. 1592, fol. 19rv (partial); Tilburg, Bibliotheek Theologische Faculteit, MS 15, fol. 30r-31v", "OCR": "Yes", "Longitude": "3.2345", "Place": "Cambrai", "IssuingAuthorityAlt": null, "EditionOther": "partial: Gousset, APER, III, 77-80", "Classification": "Diocesan", "Diocese": "Cambrai", "RecordID": "1003", "Month": "10", "Edition": "Reusens, Statuts, 56-57", "BaseText": ["GoogleBooks", "Library Scan", "WebDownload", "Digital MS"], "IssuingAuthority": "sede vacante", "Year": "1309", "RegnalStart": null}