{"TextNeeded": null, "SourceNotes": "https://books.google.com/books?id=f6lFAAAAcAAJ", "Transcription": "Reviewed ", "PlaceNotes": null, "Source": null, "Latitude": "59.95", "NoKnownText": null, "Circa": null, "Province": "Nidaros", "RegnalEnd": "1309", "Fragment": null, "GeneralNotes": "also survives in Latin redaction ", "ClassificationNotes": null, "TranscriptionNotes": null, "Delegated": null, "Day": "6", "DatingNotes": "June 26-July 7 (dating from Bertil Nilsson, email 22 March 2017)", "BiblioRefs": null, "Language": "Old Norse", "LanguageNotes": null, "CountryModern": "Norway", "SourceOther": null, "OCR": null, "Longitude": "10.75", "Place": "Oslo", "IssuingAuthorityAlt": "J\u00f8rund", "EditionOther": null, "Classification": "Provincial", "Diocese": "Oslo", "RecordID": "1998", "Month": "7", "Edition": "Norges gamle love III, pp243-45", "BaseText": ["GoogleBooks", "WebDownload"], "IssuingAuthority": "J\u00f6rund", "Year": "1306", "RegnalStart": "1288"}