{"TextNeeded": null, "SourceNotes": "https://books.google.com/books?id=L9U-AAAAcAAJ", "Transcription": "Completed", "PlaceNotes": null, "Source": null, "Latitude": "50.175579", "NoKnownText": null, "Circa": null, "Province": "Reims", "RegnalEnd": "1324", "Fragment": null, "GeneralNotes": null, "ClassificationNotes": null, "TranscriptionNotes": null, "Delegated": null, "Day": "1", "DatingNotes": null, "BiblioRefs": null, "Language": "Latin", "LanguageNotes": null, "CountryModern": "Belgium", "SourceOther": null, "OCR": "Yes", "Longitude": "3.2345", "Place": "Cambrai", "IssuingAuthorityAlt": null, "EditionOther": "Gousset, APER II, 507-512", "Classification": "Diocesan", "Diocese": "Cambrai", "RecordID": "760", "Month": "10", "Edition": "Reusens, Statuta, 69-70", "BaseText": ["GoogleBooks", "Library Scan", "WebDownload"], "IssuingAuthority": "Pierre de L\u00e9vis-Mirepoix", "Year": "1317", "RegnalStart": "1309"}