{"TextNeeded": null, "SourceNotes": ["MS breaks off suddenly (but is longer than the incomplete MS used by Gummerus)", "https://books.google.com/books?id=kt8vAQAAMAAJ"], "Transcription": "Reviewed ", "PlaceNotes": null, "Source": "Uppsala, UB, C 2 fols. 3r-5v", "Latitude": "59.366667", "NoKnownText": null, "Circa": "Yes", "Province": "Uppsala", "RegnalEnd": null, "Fragment": "Yes", "GeneralNotes": ["seem influenced by Eudes via Liege 1287; see cc. 53, 54, 60, 62 , 65", "For Catalogue entry, see http://www.manuscripta-mediaevalia.de/hs/katalogseiten/HSK0506a_b0027_jpg.htm"], "ClassificationNotes": null, "TranscriptionNotes": null, "Delegated": null, "Day": null, "DatingNotes": "survive in 14th-c copy (first half, acc. catalogue), but with dating unclear", "BiblioRefs": null, "Language": "Latin", "LanguageNotes": null, "CountryModern": "Sweden", "SourceOther": null, "OCR": null, "Longitude": "17.033333", "Place": "Str\u00e4ngn\u00e4s", "IssuingAuthorityAlt": null, "EditionOther": "Gummerus, Synodalstatuter, s. 87-93 [incomplete; stops midway through fol. 5r of Uppsala MS]", "Classification": "Diocesan", "Diocese": "Str\u00e4ngn\u00e4s", "RecordID": "571", "Month": null, "Edition": "Kroon, Prastmotet, 156-168", "BaseText": ["GoogleBooks", "Digital MS", "Hard Copy Scan"], "IssuingAuthority": null, "Year": "1300", "RegnalStart": null}