{"TextNeeded": null, "SourceNotes": null, "Transcription": "Reviewed ", "PlaceNotes": null, "Source": null, "Latitude": "50.175579", "NoKnownText": null, "Circa": null, "Province": "Reims", "RegnalEnd": "1286", "Fragment": null, "GeneralNotes": "Additiones", "ClassificationNotes": null, "TranscriptionNotes": null, "Delegated": null, "Day": "1", "DatingNotes": "Month/Day uncertain", "BiblioRefs": null, "Language": "Latin", "LanguageNotes": null, "CountryModern": "Belgium", "SourceOther": null, "OCR": "Yes", "Longitude": "3.2345", "Place": "Cambrai", "IssuingAuthorityAlt": null, "EditionOther": "Boeren, Anciens statuts, III, 398-402", "Classification": "Diocesan", "Diocese": "Cambrai", "RecordID": "55", "Month": "10", "Edition": "Avril, Statuts, IV, 100-103", "BaseText": "Hard Copy Scan", "IssuingAuthority": "Enguerrand II de Cr\u00e9qui", "Year": "1277", "RegnalStart": "1274"}