{"TextNeeded": null, "SourceNotes": null, "Transcription": "Completed", "PlaceNotes": "[dependant on Holy See until 1492]", "Source": null, "Latitude": "37.986111", "NoKnownText": null, "Circa": null, "Province": "[Holy See]", "RegnalEnd": "1326", "Fragment": null, "GeneralNotes": null, "ClassificationNotes": null, "TranscriptionNotes": null, "Delegated": null, "Day": "18", "DatingNotes": null, "BiblioRefs": null, "Language": "Old Spanish", "LanguageNotes": null, "CountryModern": "Spain", "SourceOther": null, "OCR": "Yes", "Longitude": "-1.130278", "Place": "Murcia", "IssuingAuthorityAlt": null, "EditionOther": "Sanz Sancho, Constituciones, 69-82", "Classification": "Diocesan", "Diocese": "Cartagena", "RecordID": "414", "Month": "11", "Edition": "Synodicon Hispanum, XI, 118-133", "BaseText": ["Library Scan", "Hard Copy Scan"], "IssuingAuthority": "Juan Munoz Gomez de Hinojosa", "Year": "1323", "RegnalStart": "1311"}