{"TextNeeded": null, "SourceNotes": "MS used by Meersseman is incomplete; breaks off after c. 31, whereas 1266 statutes continue on to c. 45", "Transcription": "Reviewed ", "PlaceNotes": null, "Source": null, "Latitude": "50.94257", "NoKnownText": null, "Circa": null, "Province": "Cologne", "RegnalEnd": "1332", "Fragment": null, "GeneralNotes": "reissue of 1266 statutes, apparently", "ClassificationNotes": null, "TranscriptionNotes": null, "Delegated": null, "Day": null, "DatingNotes": null, "BiblioRefs": null, "Language": "Latin", "LanguageNotes": null, "CountryModern": "Germany", "SourceOther": null, "OCR": null, "Longitude": "6.958976", "Place": "Cologne", "IssuingAuthorityAlt": null, "EditionOther": null, "Classification": "Diocesan", "Diocese": "Cologne", "RecordID": "711", "Month": null, "Edition": "Meersseman, Akten, 235-248", "BaseText": ["Library Scan", "Hard Copy Scan"], "IssuingAuthority": "Heinrich von Virneburg", "Year": "1322", "RegnalStart": "1304"}