{"TextNeeded": null, "SourceNotes": null, "Transcription": "Reviewed ", "PlaceNotes": null, "Source": "Barcelona, ACB, Cod. 26, ff. 60r-63v", "Latitude": "40.812778", "NoKnownText": null, "Circa": null, "Province": "Tarragona", "RegnalEnd": null, "Fragment": null, "GeneralNotes": null, "ClassificationNotes": null, "TranscriptionNotes": null, "Delegated": null, "Day": "19", "DatingNotes": null, "BiblioRefs": null, "Language": "Latin", "LanguageNotes": null, "CountryModern": "Spain", "SourceOther": "Zaragoza, Biblioteca General Universitaria, MS 14, fols 85v-95r; and others", "OCR": null, "Longitude": "0.523333", "Place": "Tortosa", "IssuingAuthorityAlt": null, "EditionOther": "Aznar Gil, Concilios y Sinodos, 517-40;  Villanuno, Summa conciliorum III, 213-34", "Classification": "Legatine", "Diocese": "Tortosa", "RecordID": "1717", "Month": "9", "Edition": "Grohe, Synode, 151-65", "BaseText": ["Library Scan", "Hard Copy Scan"], "IssuingAuthority": "Pedro de Fox", "Year": "1429", "RegnalStart": null}