{"TextNeeded": null, "SourceNotes": null, "Transcription": "Completed", "PlaceNotes": null, "Source": null, "Latitude": "46.581945", "NoKnownText": null, "Circa": null, "Province": "Bordeaux", "RegnalEnd": "1312", "Fragment": null, "GeneralNotes": null, "ClassificationNotes": null, "TranscriptionNotes": null, "Delegated": null, "Day": null, "DatingNotes": null, "BiblioRefs": null, "Language": "Latin", "LanguageNotes": null, "CountryModern": "France", "SourceOther": null, "OCR": "Yes", "Longitude": "0.336112", "Place": "Poitiers", "IssuingAuthorityAlt": null, "EditionOther": null, "Classification": "Diocesan", "Diocese": "Poitiers", "RecordID": "79", "Month": null, "Edition": "Avril, Statuts, V, 138-40", "BaseText": "Hard Copy Scan", "IssuingAuthority": "Arnaud d\u2019Aux", "Year": "1310", "RegnalStart": "1306"}