{"TextNeeded": null, "SourceNotes": null, "Transcription": "Reviewed ", "PlaceNotes": null, "Source": null, "Latitude": "53.347778", "NoKnownText": null, "Circa": null, "Province": "Dublin", "RegnalEnd": "1362", "Fragment": null, "GeneralNotes": null, "ClassificationNotes": null, "TranscriptionNotes": null, "Delegated": null, "Day": null, "DatingNotes": null, "BiblioRefs": null, "Language": "Latin", "LanguageNotes": null, "CountryModern": "Ireland", "SourceOther": null, "OCR": null, "Longitude": "-6.259722", "Place": "Dublin", "IssuingAuthorityAlt": null, "EditionOther": null, "Classification": "Provincial", "Diocese": "Dublin", "RecordID": "360", "Month": null, "Edition": "Records of Convocation XVI: Ireland, 166-171", "BaseText": ["Library Scan", "Hard Copy Scan"], "IssuingAuthority": "John of St. Paul", "Year": "1352", "RegnalStart": "1349"}