{"TextNeeded": null, "SourceNotes": null, "Transcription": "Completed", "PlaceNotes": null, "Source": null, "Latitude": "39.470239", "NoKnownText": null, "Circa": null, "Province": "Tarragona", "RegnalEnd": "1369", "Fragment": null, "GeneralNotes": null, "ClassificationNotes": null, "TranscriptionNotes": null, "Delegated": null, "Day": null, "DatingNotes": null, "BiblioRefs": null, "Language": "Latin", "LanguageNotes": null, "CountryModern": "Spain", "SourceOther": null, "OCR": "Yes", "Longitude": "-0.376805", "Place": "Valencia", "IssuingAuthorityAlt": null, "EditionOther": "Perez de Heredia, Sinodos, 725-735", "Classification": "Diocesan", "Diocese": "Valencia", "RecordID": "419", "Month": null, "Edition": "Synodicon Hispanum, XII, 780-85", "BaseText": ["Library Scan", "Hard Copy Scan"], "IssuingAuthority": "Vidal de Blanes ", "Year": "1357", "RegnalStart": "1356"}