{"TextNeeded": null, "SourceNotes": null, "Transcription": "Reviewed ", "PlaceNotes": null, "Source": null, "Latitude": "52.19123", "NoKnownText": null, "Circa": null, "Province": "Canterbury", "RegnalEnd": null, "Fragment": null, "GeneralNotes": null, "ClassificationNotes": null, "TranscriptionNotes": null, "Delegated": null, "Day": null, "DatingNotes": null, "BiblioRefs": null, "Language": "Latin", "LanguageNotes": null, "CountryModern": "England", "SourceOther": null, "OCR": null, "Longitude": "-2.22231", "Place": "Worcester", "IssuingAuthorityAlt": null, "EditionOther": null, "Classification": "Diocesan", "Diocese": "Worcester", "RecordID": "1480", "Month": null, "Edition": "Powicke & Cheney I, 52-57", "BaseText": "Data Capture", "IssuingAuthority": "William de Blois", "Year": "1219", "RegnalStart": null}