{"TextNeeded": null, "SourceNotes": null, "Transcription": "Completed", "PlaceNotes": null, "Source": null, "Latitude": "42.016667", "NoKnownText": null, "Circa": null, "Province": "Toledo", "RegnalEnd": null, "Fragment": null, "GeneralNotes": "Synod of Blas Fern\u00e1ndez de Toledo, 2-6 May 1346", "ClassificationNotes": null, "TranscriptionNotes": null, "Delegated": null, "Day": "6", "DatingNotes": "2-6 May", "BiblioRefs": null, "Language": "Latin", "LanguageNotes": null, "CountryModern": "Spain", "SourceOther": null, "OCR": "Yes", "Longitude": "-4.533333", "Place": "Palencia", "IssuingAuthorityAlt": null, "EditionOther": "San Martin, Sinodos diocesanos, 158-166", "Classification": "Diocesan", "Diocese": "Palencia", "RecordID": "635", "Month": "5", "Edition": "Synodicon Hispanum, VII, pp377-386", "BaseText": ["Library Scan", "Hard Copy Scan"], "IssuingAuthority": "Blas Fern\u00e1ndez de Toledo", "Year": "1346", "RegnalStart": null}