{"TextNeeded": null, "SourceNotes": null, "Transcription": "Reviewed ", "PlaceNotes": null, "Source": null, "Latitude": "50.289722", "NoKnownText": null, "Circa": "Yes", "Province": "Reims", "RegnalEnd": null, "Fragment": null, "GeneralNotes": "Decree concerning fasting and feast days", "ClassificationNotes": null, "TranscriptionNotes": null, "Delegated": null, "Day": null, "DatingNotes": "Before 1298 (or at least before local knowledge of Boniface VIII's constitution 'Gloriosus' which introduced feasts of Saints Gregory, Augustine, Ambrose, and Jerome)", "BiblioRefs": null, "Language": "Latin", "LanguageNotes": null, "CountryModern": "France", "SourceOther": null, "OCR": "Yes", "Longitude": "2.780833", "Place": "Arras", "IssuingAuthorityAlt": null, "EditionOther": null, "Classification": "Other", "Diocese": "Arras", "RecordID": "1273", "Month": null, "Edition": "Avril, Statuts, IV, 225-27", "BaseText": "Hard Copy Scan", "IssuingAuthority": null, "Year": "1298", "RegnalStart": null}