{"TextNeeded": null, "SourceNotes": null, "Transcription": "Reviewed ", "PlaceNotes": null, "Source": "Paris, BnF lat 11030, f 25rv", "Latitude": "47.473612", "NoKnownText": null, "Circa": null, "Province": "Tours", "RegnalEnd": "1240", "Fragment": null, "GeneralNotes": "Found as additions to a later Liber synodalis of Angers", "ClassificationNotes": null, "TranscriptionNotes": null, "Delegated": null, "Day": null, "DatingNotes": null, "BiblioRefs": null, "Language": "Latin", "LanguageNotes": null, "CountryModern": "France", "SourceOther": null, "OCR": "Yes", "Longitude": "-0.554167", "Place": "Angers", "IssuingAuthorityAlt": null, "EditionOther": null, "Classification": "Diocesan", "Diocese": "Angers", "RecordID": "2022", "Month": null, "Edition": "Avril, Naissance et evolution, 211", "BaseText": "Hard Copy Scan", "IssuingAuthority": "Guillaume de Beaumont", "Year": "1230", "RegnalStart": "1203"}