{"TextNeeded": null, "SourceNotes": null, "Transcription": "Reviewed ", "PlaceNotes": null, "Source": null, "Latitude": "47.9025", "NoKnownText": null, "Circa": null, "Province": "Sens", "RegnalEnd": null, "Fragment": null, "GeneralNotes": null, "ClassificationNotes": null, "TranscriptionNotes": null, "Delegated": null, "Day": null, "DatingNotes": null, "BiblioRefs": null, "Language": "Latin", "LanguageNotes": null, "CountryModern": "France", "SourceOther": null, "OCR": null, "Longitude": "1.909", "Place": "Orl\u00e9ans", "IssuingAuthorityAlt": null, "EditionOther": null, "Classification": "Diocesan", "Diocese": "Orl\u00e9ans", "RecordID": "194", "Month": null, "Edition": "Martene, Vet Script, VII, coll 1289-90", "BaseText": ["GoogleBooks", "Data Capture"], "IssuingAuthority": null, "Year": "1320", "RegnalStart": null}