{"TextNeeded": null, "SourceNotes": null, "Transcription": "Completed", "PlaceNotes": null, "Source": null, "Latitude": "48.24754", "NoKnownText": null, "Circa": "Yes", "Province": "Sens", "RegnalEnd": "1279", "Fragment": null, "GeneralNotes": "Bp was participant at Lyons II", "ClassificationNotes": null, "TranscriptionNotes": null, "Delegated": null, "Day": null, "DatingNotes": "1277x1279", "BiblioRefs": null, "Language": "Latin", "LanguageNotes": null, "CountryModern": "France", "SourceOther": null, "OCR": "Yes", "Longitude": "3.287659", "Place": "[Paris]", "IssuingAuthorityAlt": null, "EditionOther": null, "Classification": "Diocesan", "Diocese": "Paris", "RecordID": "81", "Month": null, "Edition": "Avril, Statuts, V, 176-79", "BaseText": "Hard Copy Scan", "IssuingAuthority": "Etienne Tempier", "Year": "1278", "RegnalStart": "1268"}