{"TextNeeded": null, "SourceNotes": ["https://sok.riksarkivet.se/sdhk - SDHK-nr: 1798", "https://books.google.com/books?id=lp_dvHv4FTkC"], "Transcription": "Reviewed ", "PlaceNotes": null, "Source": null, "Latitude": "59.833333", "NoKnownText": null, "Circa": null, "Province": "Uppsala", "RegnalEnd": "1305", "Fragment": null, "GeneralNotes": null, "ClassificationNotes": null, "TranscriptionNotes": null, "Delegated": null, "Day": "3", "DatingNotes": null, "BiblioRefs": null, "Language": "Latin", "LanguageNotes": null, "CountryModern": "Sweden", "SourceOther": null, "OCR": null, "Longitude": "17.666667", "Place": "Uppsala", "IssuingAuthorityAlt": null, "EditionOther": "Diplomatarium Suecanum, no. 1240 [II, 267-68]", "Classification": "Diocesan", "Diocese": "Uppsala", "RecordID": "465", "Month": "7", "Edition": "SDHK-nr: 1798", "BaseText": "Other", "IssuingAuthority": "Nils Allesson", "Year": "1298", "RegnalStart": "1292"}