{"TextNeeded": null, "SourceNotes": null, "Transcription": "Reviewed ", "PlaceNotes": null, "Source": null, "Latitude": "51.507222", "NoKnownText": null, "Circa": null, "Province": "Canterbury", "RegnalEnd": null, "Fragment": null, "GeneralNotes": null, "ClassificationNotes": null, "TranscriptionNotes": null, "Delegated": null, "Day": "25", "DatingNotes": null, "BiblioRefs": null, "Language": "Latin", "LanguageNotes": null, "CountryModern": "England", "SourceOther": null, "OCR": null, "Longitude": "-0.1275", "Place": "London", "IssuingAuthorityAlt": null, "EditionOther": "Mansi 25, col 1168-1184; Wilkins II, 702-709", "Classification": "Provincial", "Diocese": "London", "RecordID": "356", "Month": "10", "Edition": "Records of Convocation, vol. 3: Canterbury, pp203-219", "BaseText": ["Library Scan", "Hard Copy Scan"], "IssuingAuthority": null, "Year": "1342", "RegnalStart": null}