{"TextNeeded": null, "SourceNotes": null, "Transcription": "Reviewed ", "PlaceNotes": null, "Source": null, "Latitude": "48.9575", "NoKnownText": null, "Circa": null, "Province": "Reims", "RegnalEnd": null, "Fragment": null, "GeneralNotes": null, "ClassificationNotes": null, "TranscriptionNotes": null, "Delegated": "Yes", "Day": "23", "DatingNotes": null, "BiblioRefs": null, "Language": "Latin", "LanguageNotes": null, "CountryModern": "France", "SourceOther": null, "OCR": null, "Longitude": "4.365", "Place": "Chalons-sur-Marne", "IssuingAuthorityAlt": null, "EditionOther": "Gousset, APER II, 614-616", "Classification": "Diocesan", "Diocese": "Chalons-sur-Marne", "RecordID": "170", "Month": "4", "Edition": "Martene, Thes, IV, coll. 667-72", "BaseText": ["GoogleBooks", "Data Capture"], "IssuingAuthority": "Charles de Poitiers", "Year": "1393", "RegnalStart": null}