{"TextNeeded": null, "SourceNotes": "https://books.google.com/books?id=0SGIk69vxS0C", "Transcription": "Reviewed ", "PlaceNotes": null, "Source": null, "Latitude": "49.046111", "NoKnownText": null, "Circa": null, "Province": "Rouen", "RegnalEnd": null, "Fragment": null, "GeneralNotes": null, "ClassificationNotes": null, "TranscriptionNotes": null, "Delegated": null, "Day": null, "DatingNotes": null, "BiblioRefs": null, "Language": "Latin", "LanguageNotes": null, "CountryModern": "France", "SourceOther": null, "OCR": null, "Longitude": "-1.443889", "Place": "Coutances", "IssuingAuthorityAlt": null, "EditionOther": null, "Classification": "Diocesan", "Diocese": "Coutances", "RecordID": "1038", "Month": null, "Edition": "Bessin, II, 565-66", "BaseText": ["GoogleBooks", "Data Capture"], "IssuingAuthority": null, "Year": "1377", "RegnalStart": null}