{"TextNeeded": null, "SourceNotes": null, "Transcription": "Completed", "PlaceNotes": null, "Source": null, "Latitude": "49.046111", "NoKnownText": null, "Circa": null, "Province": "Rouen", "RegnalEnd": null, "Fragment": null, "GeneralNotes": null, "ClassificationNotes": null, "TranscriptionNotes": null, "Delegated": null, "Day": "21", "DatingNotes": null, "BiblioRefs": null, "Language": "Latin", "LanguageNotes": null, "CountryModern": "France", "SourceOther": null, "OCR": "Yes", "Longitude": "-1.443889", "Place": "Coutances", "IssuingAuthorityAlt": null, "EditionOther": null, "Classification": "Diocesan", "Diocese": "Coutances", "RecordID": "2110", "Month": "9", "Edition": "Avril, Statuts, V, 223", "BaseText": "Hard Copy Scan", "IssuingAuthority": "Robert d\u2019Harcourt", "Year": "1294", "RegnalStart": null}