{"TextNeeded": null, "SourceNotes": null, "Transcription": "Reviewed ", "PlaceNotes": null, "Source": null, "Latitude": "45.267336", "NoKnownText": null, "Circa": "Yes", "Province": "Bourges", "RegnalEnd": null, "Fragment": null, "GeneralNotes": null, "ClassificationNotes": null, "TranscriptionNotes": null, "Delegated": null, "Day": null, "DatingNotes": "1320x1328", "BiblioRefs": null, "Language": "Latin", "LanguageNotes": null, "CountryModern": "France", "SourceOther": null, "OCR": null, "Longitude": "1.765537", "Place": "Tulle", "IssuingAuthorityAlt": null, "EditionOther": null, "Classification": "Compilation (Diocesan)", "Diocese": "Tulle", "RecordID": "229", "Month": null, "Edition": "Martene, Thes, IV, 791-97", "BaseText": ["GoogleBooks", "Data Capture"], "IssuingAuthority": null, "Year": "1325", "RegnalStart": null}