{"TextNeeded": null, "SourceNotes": null, "Transcription": "Completed", "PlaceNotes": null, "Source": null, "Latitude": "47.473612", "NoKnownText": null, "Circa": null, "Province": "Tours", "RegnalEnd": "1291", "Fragment": null, "GeneralNotes": "-note also text of Charles II\u2019s expulsion of jews of Anjou and Maine in 1289: adhuc subvertere videbantur omnes quos poterant: bonis eorum mobilibus et immobilibus, exquisitis fallaciis, usurarum voragine spoliantes [here cited on p125, n12]", "ClassificationNotes": null, "TranscriptionNotes": null, "Delegated": null, "Day": "18", "DatingNotes": "Feast of Saint Luke", "BiblioRefs": null, "Language": "Latin", "LanguageNotes": null, "CountryModern": "France", "SourceOther": null, "OCR": "Yes", "Longitude": "-0.554167", "Place": "Angers", "IssuingAuthorityAlt": "Nicholaus Gelant", "EditionOther": null, "Classification": "Diocesan", "Diocese": "Angers", "RecordID": "127", "Month": "10", "Edition": "Avril, Statuts, III, 122-125", "BaseText": "Hard Copy Scan", "IssuingAuthority": "Nicolas Gellent", "Year": "1274", "RegnalStart": "1260"}