{"TextNeeded": null, "SourceNotes": null, "Transcription": "Reviewed ", "PlaceNotes": null, "Source": null, "Latitude": "47.8286", "NoKnownText": null, "Circa": null, "Province": "Tours", "RegnalEnd": null, "Fragment": null, "GeneralNotes": "Survives in multiple versions, including a vernacular translation", "ClassificationNotes": null, "TranscriptionNotes": null, "Delegated": null, "Day": null, "DatingNotes": null, "BiblioRefs": null, "Language": "Latin", "LanguageNotes": null, "CountryModern": "France", "SourceOther": null, "OCR": "Yes", "Longitude": "-0.7028", "Place": "Ch\u00e2teau-Gontier", "IssuingAuthorityAlt": null, "EditionOther": null, "Classification": "Provincial", "Diocese": "Tours", "RecordID": "350", "Month": null, "Edition": "Avril, Tours, 351-52", "BaseText": "Hard Copy Scan", "IssuingAuthority": null, "Year": "1336", "RegnalStart": null}