{"TextNeeded": null, "SourceNotes": null, "Transcription": "Reviewed ", "PlaceNotes": null, "Source": null, "Latitude": "50.83652", "NoKnownText": null, "Circa": null, "Province": "Canterbury", "RegnalEnd": null, "Fragment": null, "GeneralNotes": null, "ClassificationNotes": null, "TranscriptionNotes": null, "Delegated": null, "Day": null, "DatingNotes": null, "BiblioRefs": null, "Language": "Latin", "LanguageNotes": null, "CountryModern": "England", "SourceOther": null, "OCR": null, "Longitude": "-0.77918", "Place": "Chichester", "IssuingAuthorityAlt": null, "EditionOther": "Mansi 24 col 1098-1100", "Classification": "Diocesan", "Diocese": "Chichester", "RecordID": "557", "Month": null, "Edition": "Powicke & Cheney, II, 1115-1118", "BaseText": "Data Capture", "IssuingAuthority": "Gilbert of St. Leofard", "Year": "1292", "RegnalStart": null}