{"TextNeeded": null, "SourceNotes": "http://gallica.bnf.fr/ark:/12148/btv1b8427238x", "Transcription": "Completed", "PlaceNotes": null, "Source": "Paris, BnF lat. 1590, fol. 62r-67v", "Latitude": "45.65", "NoKnownText": null, "Circa": null, "Province": "Bordeaux", "RegnalEnd": null, "Fragment": null, "GeneralNotes": ["see Leinweber, Provinzialsynoden, 42-43", "-reissues two canons from 1276 Bourges", "-also issues new statutes", "-concerns itself with \"die Erstellung eines authentischen Textes der Provinzialstatuten\" "], "ClassificationNotes": null, "TranscriptionNotes": "Transcription must be corrected checked against Vatican MS", "Delegated": null, "Day": "21", "DatingNotes": "17-21 November", "BiblioRefs": null, "Language": "Latin", "LanguageNotes": null, "CountryModern": "France", "SourceOther": "BAV Vat. lat. 9868, fol. 474r-477v (18th-c copy)", "OCR": null, "Longitude": "0.16", "Place": "Perigueux", "IssuingAuthorityAlt": null, "EditionOther": null, "Classification": "Provincial", "Diocese": null, "RecordID": "1422", "Month": "11", "Edition": null, "BaseText": "Digital MS", "IssuingAuthority": null, "Year": "1365", "RegnalStart": null}