{"TextNeeded": null, "SourceNotes": "https://books.google.com/books?id=MGmoF8riCdUC", "Transcription": "Reviewed ", "PlaceNotes": "aka Sitten", "Source": null, "Latitude": "46.227778", "NoKnownText": null, "Circa": "Yes", "Province": "Tarentaise", "RegnalEnd": "1236", "Fragment": null, "GeneralNotes": null, "ClassificationNotes": null, "TranscriptionNotes": null, "Delegated": null, "Day": null, "DatingNotes": "dating given by Gremaud and upheld by Morenzoni, despite objections by some others (incl. Treyer), who push it to 1233 or later", "BiblioRefs": null, "Language": "Latin", "LanguageNotes": null, "CountryModern": "Switzerland", "SourceOther": null, "OCR": null, "Longitude": "7.358611", "Place": "Sion", "IssuingAuthorityAlt": null, "EditionOther": null, "Classification": "Diocesan", "Diocese": "Sion", "RecordID": "373", "Month": null, "Edition": "Gremaud, Documents, 29, 210-222 [no 282]", "BaseText": ["GoogleBooks", "Data Capture"], "IssuingAuthority": "Landri de Mont", "Year": "1219", "RegnalStart": "1206"}