{"TextNeeded": null, "SourceNotes": "http://www.centrodocumentazioneviterbo.it/sinodo_1356.html [downloaded high quality version]", "Transcription": "Completed", "PlaceNotes": null, "Source": "Archivio Capitolare di Viterbo, MS 12 [consulted dactylographic typescript of original]", "Latitude": "42.351389", "NoKnownText": null, "Circa": null, "Province": "[Holy See]", "RegnalEnd": "1385", "Fragment": null, "GeneralNotes": "known as Synod of Montalto", "ClassificationNotes": null, "TranscriptionNotes": "Archive has a transcription of the MS; they kindly lent it to Alessia Rovelli, who made a copy for me", "Delegated": null, "Day": "20", "DatingNotes": null, "BiblioRefs": null, "Language": "Latin", "LanguageNotes": null, "CountryModern": "Italy", "SourceOther": null, "OCR": null, "Longitude": "11.607778", "Place": "Montalto di Castro", "IssuingAuthorityAlt": null, "EditionOther": null, "Classification": "Diocesan", "Diocese": "Viterbo", "RecordID": "710", "Month": "5", "Edition": null, "BaseText": "Digital MS", "IssuingAuthority": "Niccol\u00f2 di Paolo de' Vetuli", "Year": "1356", "RegnalStart": "1350"}