{"TextNeeded": null, "SourceNotes": null, "Transcription": "Completed", "PlaceNotes": null, "Source": null, "Latitude": "39.470239", "NoKnownText": null, "Circa": null, "Province": "Tarragona", "RegnalEnd": "1455", "Fragment": null, "GeneralNotes": "issued by Alfonso de Borja, future Calixtus III", "ClassificationNotes": null, "TranscriptionNotes": null, "Delegated": null, "Day": "2", "DatingNotes": null, "BiblioRefs": null, "Language": "Latin", "LanguageNotes": null, "CountryModern": "Spain", "SourceOther": null, "OCR": "Yes", "Longitude": "-0.376805", "Place": "Valencia", "IssuingAuthorityAlt": null, "EditionOther": "Perez de Heredia, Sinodos, 831-842", "Classification": "Diocesan", "Diocese": "Valencia", "RecordID": "424", "Month": "2", "Edition": "Synodicon Hispanum, XII, 832-39", "BaseText": ["Library Scan", "Hard Copy Scan"], "IssuingAuthority": "Alfonso de Borja", "Year": "1432", "RegnalStart": "1429"}