{"TextNeeded": null, "SourceNotes": null, "Transcription": "Completed", "PlaceNotes": null, "Source": null, "Latitude": "50.633333", "NoKnownText": null, "Circa": null, "Province": "Cologne", "RegnalEnd": null, "Fragment": null, "GeneralNotes": ["statutes of Jean de Flandre", "Avril, Jean de Flandre, 44: title on usury in Liege 1288, however, almost completely ignores the formulations of the Cambrai version of the \"synodal nordiste\", though the traces are visible in some statutes, and are strongly present (albeit rewritten) in a number of other statutes"], "ClassificationNotes": null, "TranscriptionNotes": null, "Delegated": null, "Day": null, "DatingNotes": null, "BiblioRefs": null, "Language": "Latin", "LanguageNotes": null, "CountryModern": "Belgium", "SourceOther": null, "OCR": "Yes", "Longitude": "5.566667", "Place": "Li\u00e8ge ", "IssuingAuthorityAlt": null, "EditionOther": null, "Classification": "Diocesan", "Diocese": "Li\u00e8ge ", "RecordID": "121", "Month": null, "Edition": "Avril, ed., 1288 Statuts ", "BaseText": "Hard Copy Scan", "IssuingAuthority": null, "Year": "1288", "RegnalStart": null}