{"TextNeeded": null, "SourceNotes": null, "Transcription": "Reviewed ", "PlaceNotes": null, "Source": null, "Latitude": "44.5075", "NoKnownText": null, "Circa": null, "Province": "[Tuscany/Emilia-Romagna]", "RegnalEnd": null, "Fragment": null, "GeneralNotes": null, "ClassificationNotes": "his legation included much of north-central Italy", "TranscriptionNotes": null, "Delegated": null, "Day": null, "DatingNotes": null, "BiblioRefs": null, "Language": "Latin", "LanguageNotes": null, "CountryModern": "Italy", "SourceOther": null, "OCR": null, "Longitude": "11.351389", "Place": "Bologna", "IssuingAuthorityAlt": null, "EditionOther": null, "Classification": "Legatine", "Diocese": null, "RecordID": "291", "Month": null, "Edition": "Mansi 24, 246-253", "BaseText": ["GoogleBooks", "Data Capture"], "IssuingAuthority": "Latino Malabranca", "Year": "1279", "RegnalStart": null}