{"TextNeeded": null, "SourceNotes": null, "Transcription": "Completed", "PlaceNotes": null, "Source": null, "Latitude": "50.175579", "NoKnownText": null, "Circa": null, "Province": "Reims", "RegnalEnd": "1324", "Fragment": null, "GeneralNotes": null, "ClassificationNotes": null, "TranscriptionNotes": null, "Delegated": null, "Day": "19", "DatingNotes": "18 or 19 October", "BiblioRefs": null, "Language": "Latin", "LanguageNotes": null, "CountryModern": "Belgium", "SourceOther": null, "OCR": "Yes", "Longitude": "3.2345", "Place": "Cambrai", "IssuingAuthorityAlt": null, "EditionOther": null, "Classification": "Diocesan", "Diocese": "Cambrai", "RecordID": "767", "Month": "10", "Edition": "Reusens, Statuta, 72-75", "BaseText": ["GoogleBooks", "Library Scan", "WebDownload"], "IssuingAuthority": "Pierre de L\u00e9vis-Mirepoix", "Year": "1319", "RegnalStart": "1309"}