{"TextNeeded": null, "SourceNotes": null, "Transcription": "Completed", "PlaceNotes": null, "Source": null, "Latitude": "49.8486", "NoKnownText": null, "Circa": null, "Province": "Reims", "RegnalEnd": null, "Fragment": null, "GeneralNotes": "largely renewing canons of 1231 council", "ClassificationNotes": "Issued by Milo, Bp of Soissons, as Reims was sede vacante", "TranscriptionNotes": null, "Delegated": null, "Day": null, "DatingNotes": null, "BiblioRefs": null, "Language": "Latin", "LanguageNotes": null, "CountryModern": "France", "SourceOther": null, "OCR": "Yes", "Longitude": "3.2864", "Place": "Saint-Quentin", "IssuingAuthorityAlt": null, "EditionOther": "Mansi 24, cols 17-20", "Classification": "Provincial", "Diocese": "Saint-Quentin", "RecordID": "1923", "Month": null, "Edition": "Gousset, APER II, 411-13", "BaseText": "WebDownload", "IssuingAuthority": "sede vacante", "Year": "1271", "RegnalStart": null}