{"TextNeeded": null, "SourceNotes": null, "Transcription": "Completed", "PlaceNotes": "[dependant on Holy See until 1492]", "Source": null, "Latitude": "37.986111", "NoKnownText": null, "Circa": "Yes", "Province": "[Holy See]", "RegnalEnd": "1402", "Fragment": null, "GeneralNotes": null, "ClassificationNotes": null, "TranscriptionNotes": null, "Delegated": null, "Day": null, "DatingNotes": "1389x1390", "BiblioRefs": null, "Language": "Old Spanish", "LanguageNotes": "First article in Latin, as well as list of reserved cases", "CountryModern": "Spain", "SourceOther": null, "OCR": "Yes", "Longitude": "-1.130278", "Place": "Murcia", "IssuingAuthorityAlt": null, "EditionOther": null, "Classification": "Diocesan", "Diocese": "Cartagena", "RecordID": "1463", "Month": "4", "Edition": "Synodicon Hispanum, XI, pp192-97", "BaseText": ["Library Scan", "Hard Copy Scan"], "IssuingAuthority": "Fernando de Pedrosa", "Year": "1389", "RegnalStart": "1383"}