{"TextNeeded": null, "SourceNotes": null, "Transcription": "Completed", "PlaceNotes": null, "Source": null, "Latitude": "39.470239", "NoKnownText": null, "Circa": null, "Province": "Tarragona", "RegnalEnd": "1427", "Fragment": null, "GeneralNotes": null, "ClassificationNotes": null, "TranscriptionNotes": null, "Delegated": null, "Day": "15", "DatingNotes": "12-15 October", "BiblioRefs": null, "Language": "Latin", "LanguageNotes": null, "CountryModern": "Spain", "SourceOther": null, "OCR": "Yes", "Longitude": "-0.376805", "Place": "Valencia", "IssuingAuthorityAlt": null, "EditionOther": "Perez de Heredia, Sinodos, 799-830", "Classification": "Diocesan", "Diocese": "Valencia", "RecordID": "423", "Month": "10", "Edition": "Synodicon Hispanum, XII, 814-20", "BaseText": ["Library Scan", "Hard Copy Scan"], "IssuingAuthority": "Hug de Llupi\u00e0 i Bages", "Year": "1400", "RegnalStart": "1397"}