{"TextNeeded": null, "SourceNotes": ["http://gallica.bnf.fr/ark:/12148/bpt6k6251679t", "https://books.google.com/books?id=Qz9AAAAAcAAJ", "Paris, BnF B-5590, B-20473; Bib Sainte-Genevieve, C 8' 571 INV 161"], "Transcription": "Reviewed ", "PlaceNotes": null, "Source": null, "Latitude": "48.24754", "NoKnownText": null, "Circa": "Yes", "Province": "Sens", "RegnalEnd": "1224", "Fragment": null, "GeneralNotes": null, "ClassificationNotes": null, "TranscriptionNotes": null, "Delegated": null, "Day": null, "DatingNotes": "1219x1224", "BiblioRefs": null, "Language": "Latin", "LanguageNotes": null, "CountryModern": "France", "SourceOther": null, "OCR": null, "Longitude": "3.287659", "Place": "Paris", "IssuingAuthorityAlt": null, "EditionOther": "Synodicon ecclesie Parisiensis, ed. Fr. de Harlay, Paris: Muguet, 1674. (pp26-28)", "Classification": "Diocesan", "Diocese": "Paris", "RecordID": "1136", "Month": null, "Edition": "Pontal, Statuts synodaux, I, 100-101", "BaseText": ["GoogleBooks", "WebDownload"], "IssuingAuthority": "Guillaume de Seignelay", "Year": "1220", "RegnalStart": "1219"}