{"TextNeeded": null, "SourceNotes": "Given name \"Constitutiones cuiusdam episcopi\" in MS", "Transcription": "Reviewed ", "PlaceNotes": "Issued for an unknown English diocese; location marked as geographical centre of England", "Source": null, "Latitude": "52.561928", "NoKnownText": null, "Circa": "Yes", "Province": "Canterbury", "RegnalEnd": null, "Fragment": null, "GeneralNotes": null, "ClassificationNotes": null, "TranscriptionNotes": null, "Delegated": null, "Day": null, "DatingNotes": "1225x1230", "BiblioRefs": null, "Language": "Latin", "LanguageNotes": null, "CountryModern": "England", "SourceOther": null, "OCR": null, "Longitude": "-1.464854", "Place": "<unknown>", "IssuingAuthorityAlt": null, "EditionOther": null, "Classification": "Diocesan", "Diocese": "<unknown>", "RecordID": "1489", "Month": null, "Edition": "Powicke & Cheney I, 181-97", "BaseText": "Data Capture", "IssuingAuthority": null, "Year": "1228", "RegnalStart": null}