{"TextNeeded": null, "SourceNotes": null, "Transcription": "Reviewed ", "PlaceNotes": null, "Source": null, "Latitude": "53.23272", "NoKnownText": null, "Circa": "Yes", "Province": "York", "RegnalEnd": "1253", "Fragment": null, "GeneralNotes": null, "ClassificationNotes": null, "TranscriptionNotes": null, "Delegated": null, "Day": null, "DatingNotes": "Wilkins (III, 59-60) erroneously prints these as 1364 constitutions of Simon Langham, Bishop of Ely (r. 1362-66)", "BiblioRefs": null, "Language": "Latin", "LanguageNotes": null, "CountryModern": "England", "SourceOther": null, "OCR": null, "Longitude": "-0.537661", "Place": "Lincoln", "IssuingAuthorityAlt": null, "EditionOther": null, "Classification": "Diocesan", "Diocese": "Lincoln", "RecordID": "1496", "Month": null, "Edition": "Powicke & Cheney I, 265-78", "BaseText": "Data Capture", "IssuingAuthority": "Robert Grosseteste", "Year": "1239", "RegnalStart": "1235"}