{"TextNeeded": null, "SourceNotes": " [IRHT MF 07960]/  MF 07207", "Transcription": "Reviewed ", "PlaceNotes": null, "Source": "Digne-les-Bains, Arch d\u00e9p des Alpes-de-Haute-Provence, 1 G 1 [=G 1], fol. IIIv-IV", "Latitude": "44.093333", "NoKnownText": null, "Circa": "Yes", "Province": "Embrun", "RegnalEnd": null, "Fragment": null, "GeneralNotes": "Extracted from statutes issued by Jacques de Serene, AB Embrun (r. 1275-1286); reissued as diocesan statutes for Digne, though not necessarily in synod", "ClassificationNotes": null, "TranscriptionNotes": null, "Delegated": null, "Day": null, "DatingNotes": "1275x1286", "BiblioRefs": "Kay, \"Hostiensis and some Provincial Councils of Embrun\", for discussion of MSS", "Language": "Latin", "LanguageNotes": null, "CountryModern": "France", "SourceOther": "Digne-les-Bains, Arch d\u00e9p des Alpes-de-Haute-Provence, 1 G 467, IIIv-IV", "OCR": null, "Longitude": "6.236389", "Place": "Digne", "IssuingAuthorityAlt": null, "EditionOther": null, "Classification": "Diocesan", "Diocese": "Digne", "RecordID": "2120", "Month": null, "Edition": "Mansi 23, 1181-84", "BaseText": "Digital MS", "IssuingAuthority": null, "Year": "1280", "RegnalStart": null}