{"TextNeeded": null, "SourceNotes": null, "Transcription": "Reviewed ", "PlaceNotes": null, "Source": null, "Latitude": "51.275", "NoKnownText": null, "Circa": null, "Province": "Canterbury", "RegnalEnd": null, "Fragment": null, "GeneralNotes": "Decree against concubinary priests and beneficed clerks and their mistresses; may not have been issued in a synod but simply sent in letter from AB to suffragans", "ClassificationNotes": null, "TranscriptionNotes": null, "Delegated": null, "Day": null, "DatingNotes": null, "BiblioRefs": null, "Language": "Latin", "LanguageNotes": null, "CountryModern": "England", "SourceOther": null, "OCR": null, "Longitude": "1.087", "Place": "Canterbury", "IssuingAuthorityAlt": null, "EditionOther": null, "Classification": "Provincial", "Diocese": "Canterbury", "RecordID": "1486", "Month": null, "Edition": "Powicke & Cheney I, 154-55", "BaseText": "Data Capture", "IssuingAuthority": "Stephen Langton", "Year": "1225", "RegnalStart": null}