{"TextNeeded": null, "SourceNotes": null, "Transcription": "Reviewed ", "PlaceNotes": null, "Source": null, "Latitude": "40.211111", "NoKnownText": null, "Circa": null, "Province": "Braga", "RegnalEnd": null, "Fragment": null, "GeneralNotes": null, "ClassificationNotes": null, "TranscriptionNotes": null, "Delegated": null, "Day": "9", "DatingNotes": null, "BiblioRefs": null, "Language": "Latin", "LanguageNotes": null, "CountryModern": "Portugal", "SourceOther": null, "OCR": "Yes", "Longitude": "-8.429167", "Place": "Coimbra", "IssuingAuthorityAlt": null, "EditionOther": null, "Classification": "Diocesan", "Diocese": "Coimbra", "RecordID": "1392", "Month": "9", "Edition": "Synodicon Hispanum II, 194-197", "BaseText": ["Library Scan", "Hard Copy Scan"], "IssuingAuthority": "Estevao Anes Brochardo", "Year": "1307", "RegnalStart": null}