{"TextNeeded": null, "SourceNotes": null, "Transcription": "Reviewed ", "PlaceNotes": null, "Source": null, "Latitude": "41.162142", "NoKnownText": null, "Circa": "Yes", "Province": "Braga", "RegnalEnd": "1265", "Fragment": null, "GeneralNotes": null, "ClassificationNotes": null, "TranscriptionNotes": null, "Delegated": null, "Day": null, "DatingNotes": "1261x1265", "BiblioRefs": null, "Language": "Latin", "LanguageNotes": null, "CountryModern": "Portugal", "SourceOther": null, "OCR": "Yes", "Longitude": "-8.621953", "Place": "Porto", "IssuingAuthorityAlt": null, "EditionOther": null, "Classification": "Diocesan", "Diocese": "Porto", "RecordID": "609", "Month": null, "Edition": "Synodicon Hispanum, 2, 344-346", "BaseText": ["Library Scan", "Hard Copy Scan"], "IssuingAuthority": "Vicente Mendes", "Year": "1263", "RegnalStart": "1261"}