{"TextNeeded": null, "SourceNotes": null, "Transcription": "Reviewed ", "PlaceNotes": null, "Source": null, "Latitude": "50.175579", "NoKnownText": null, "Circa": null, "Province": "Reims", "RegnalEnd": null, "Fragment": null, "GeneralNotes": null, "ClassificationNotes": "sede vacante, issued by chapter", "TranscriptionNotes": null, "Delegated": null, "Day": "1", "DatingNotes": "MS gives 1270, but sede vacante only fell in October in 1273", "BiblioRefs": null, "Language": "Latin", "LanguageNotes": null, "CountryModern": "Belgium", "SourceOther": null, "OCR": "Yes", "Longitude": "3.2345", "Place": "Cambrai", "IssuingAuthorityAlt": null, "EditionOther": "Boeren, Anciens statuts, III, 391-92", "Classification": "Diocesan", "Diocese": "Cambrai", "RecordID": "52", "Month": "10", "Edition": "Avril, Statuts, IV, 93-94", "BaseText": "Hard Copy Scan", "IssuingAuthority": "sede vacante", "Year": "1273", "RegnalStart": null}