{"TextNeeded": null, "SourceNotes": null, "Transcription": "Completed", "PlaceNotes": null, "Source": null, "Latitude": "39.856667", "NoKnownText": null, "Circa": null, "Province": "Toledo", "RegnalEnd": "1350", "Fragment": null, "GeneralNotes": null, "ClassificationNotes": null, "TranscriptionNotes": null, "Delegated": null, "Day": "16", "DatingNotes": null, "BiblioRefs": null, "Language": "Latin", "LanguageNotes": null, "CountryModern": "Spain", "SourceOther": null, "OCR": "Yes", "Longitude": "-4.024444", "Place": "Toledo", "IssuingAuthorityAlt": null, "EditionOther": null, "Classification": "Diocesan", "Diocese": "Toledo", "RecordID": "659", "Month": "4", "Edition": "Synodicon Hispanum, X, 555-557", "BaseText": ["Library Scan", "Hard Copy Scan"], "IssuingAuthority": "Gil \u00c1lvarez de Albornoz", "Year": "1342", "RegnalStart": "1338"}