{"TextNeeded": null, "SourceNotes": null, "Transcription": "Completed", "PlaceNotes": null, "Source": null, "Latitude": "40.812778", "NoKnownText": null, "Circa": null, "Province": "Tarragona", "RegnalEnd": "1340", "Fragment": null, "GeneralNotes": null, "ClassificationNotes": null, "TranscriptionNotes": null, "Delegated": null, "Day": "30", "DatingNotes": null, "BiblioRefs": null, "Language": "Latin", "LanguageNotes": null, "CountryModern": "Spain", "SourceOther": null, "OCR": "Yes", "Longitude": "0.523333", "Place": "Tortosa", "IssuingAuthorityAlt": null, "EditionOther": null, "Classification": "Diocesan", "Diocese": "Tortosa", "RecordID": "868", "Month": "4", "Edition": "Synodicon Hispanum, XII, 633-34", "BaseText": ["Library Scan", "Hard Copy Scan"], "IssuingAuthority": "Berenguer de Prats", "Year": "1324", "RegnalStart": "1316"}