{"TextNeeded": null, "SourceNotes": null, "Transcription": "Completed", "PlaceNotes": null, "Source": null, "Latitude": "53.713889", "NoKnownText": null, "Circa": null, "Province": "Armagh", "RegnalEnd": "1416", "Fragment": null, "GeneralNotes": "contains numerous earlier canons", "ClassificationNotes": null, "TranscriptionNotes": null, "Delegated": null, "Day": null, "DatingNotes": null, "BiblioRefs": null, "Language": "Latin", "LanguageNotes": null, "CountryModern": "Ireland", "SourceOther": null, "OCR": null, "Longitude": "-6.350278", "Place": "Drogheda", "IssuingAuthorityAlt": null, "EditionOther": null, "Classification": "Provincial", "Diocese": "Armagh", "RecordID": "1444", "Month": null, "Edition": "Records of Convocation 16, pp205-16", "BaseText": ["Library Scan", "Hard Copy Scan"], "IssuingAuthority": "Nicholas Fleming", "Year": "1411", "RegnalStart": "1404"}