{"TextNeeded": null, "SourceNotes": null, "Transcription": "Completed", "PlaceNotes": null, "Source": null, "Latitude": "49.26278", "NoKnownText": null, "Circa": null, "Province": "Reims", "RegnalEnd": "1373", "Fragment": null, "GeneralNotes": null, "ClassificationNotes": "Episcopal ordinance governing parish visitations", "TranscriptionNotes": null, "Delegated": null, "Day": null, "DatingNotes": null, "BiblioRefs": null, "Language": "Latin", "LanguageNotes": null, "CountryModern": "France", "SourceOther": null, "OCR": "Yes", "Longitude": "4.03472", "Place": "Reims", "IssuingAuthorityAlt": null, "EditionOther": null, "Classification": "Other", "Diocese": "Reims", "RecordID": "2062", "Month": null, "Edition": "Gousset, APER II, 660-66", "BaseText": "WebDownload", "IssuingAuthority": "Jean III de Craon", "Year": "1363", "RegnalStart": "1355"}