{"TextNeeded": null, "SourceNotes": "https://books.google.com/books?id=0SGIk69vxS0C", "Transcription": "Reviewed ", "PlaceNotes": null, "Source": null, "Latitude": "49.146389", "NoKnownText": null, "Circa": "Yes", "Province": "Rouen", "RegnalEnd": null, "Fragment": null, "GeneralNotes": null, "ClassificationNotes": null, "TranscriptionNotes": null, "Delegated": null, "Day": null, "DatingNotes": "14th-c, dating uncertain", "BiblioRefs": null, "Language": "Latin", "LanguageNotes": null, "CountryModern": "France", "SourceOther": null, "OCR": null, "Longitude": "0.226667", "Place": "Lisieux", "IssuingAuthorityAlt": null, "EditionOther": null, "Classification": "Diocesan", "Diocese": "Lisieux", "RecordID": "1087", "Month": null, "Edition": "Bessin, Concilia Rothomagensis, II, 480-81", "BaseText": ["GoogleBooks", "WebDownload"], "IssuingAuthority": null, "Year": "1350", "RegnalStart": null}