{"TextNeeded": null, "SourceNotes": "https://books.google.com/books?id=iqREAAAAcAAJ", "Transcription": "Reviewed ", "PlaceNotes": null, "Source": null, "Latitude": "48.366667", "NoKnownText": null, "Circa": "Yes", "Province": "Mainz", "RegnalEnd": "1331", "Fragment": null, "GeneralNotes": null, "ClassificationNotes": null, "TranscriptionNotes": null, "Delegated": null, "Day": null, "DatingNotes": "1309x1331 (misdated 1355 in Hartzheim; dated 1321 in Steiner; for this revised dating, see Hauck, Kirchengeschichte, V.i.186)", "BiblioRefs": null, "Language": "Latin", "LanguageNotes": null, "CountryModern": "Germany", "SourceOther": null, "OCR": null, "Longitude": "10.9", "Place": "Augsburg", "IssuingAuthorityAlt": null, "EditionOther": null, "Classification": "Diocesan", "Diocese": "Augsburg", "RecordID": "747", "Month": null, "Edition": "Steiner, Synodi dioecesis Augustanae, I, 72-96", "BaseText": ["GoogleBooks", "WebDownload"], "IssuingAuthority": "Friedrich I", "Year": "1320", "RegnalStart": "1309"}