{"TextNeeded": null, "SourceNotes": null, "Transcription": "Reviewed ", "PlaceNotes": null, "Source": null, "Latitude": "49.443889", "NoKnownText": null, "Circa": "Yes", "Province": "Rouen", "RegnalEnd": null, "Fragment": null, "GeneralNotes": "Additiones to Synodal de l'Ouest", "ClassificationNotes": null, "TranscriptionNotes": "Facing page French translation", "Delegated": null, "Day": null, "DatingNotes": "1238x1244", "BiblioRefs": null, "Language": "Latin", "LanguageNotes": null, "CountryModern": "France", "SourceOther": null, "OCR": "Yes", "Longitude": "1.103333", "Place": "Rouen", "IssuingAuthorityAlt": null, "EditionOther": null, "Classification": "Diocesan", "Diocese": "Rouen", "RecordID": "1278", "Month": null, "Edition": "Pontal, Statuts, II, 130-137", "BaseText": ["GoogleBooks", "WebDownload"], "IssuingAuthority": "Pierre de Colmieu", "Year": "1240", "RegnalStart": null}