{"TextNeeded": null, "SourceNotes": "https://books.google.com/books?id=kt8vAQAAMAAJ", "Transcription": "Reviewed ", "PlaceNotes": null, "Source": null, "Latitude": "58.383333", "NoKnownText": null, "Circa": null, "Province": "Uppsala", "RegnalEnd": "1408", "Fragment": null, "GeneralNotes": null, "ClassificationNotes": "local abstract (\"affattadt f\u00f6r Skara stift\") of statutes from provincial council of Arboga of 1396", "TranscriptionNotes": null, "Delegated": null, "Day": null, "DatingNotes": null, "BiblioRefs": null, "Language": "Latin", "LanguageNotes": null, "CountryModern": "Sweden", "SourceOther": null, "OCR": "Yes", "Longitude": "13.433333", "Place": "Skara", "IssuingAuthorityAlt": null, "EditionOther": null, "Classification": "Abstract/Abbreviation", "Diocese": "Skara", "RecordID": "750", "Month": null, "Edition": "Gummerus, Synodalstatuter, pp27-29", "BaseText": ["GoogleBooks", "WebDownload"], "IssuingAuthority": "Henrik Karlsson", "Year": "1396", "RegnalStart": "1383"}