{"TextNeeded": null, "SourceNotes": null, "Transcription": "Reviewed ", "PlaceNotes": null, "Source": "Besancon, Arch Dioc, MS D 1", "Latitude": "47.233611", "NoKnownText": null, "Circa": "Yes", "Province": "Besan\u00e7on", "RegnalEnd": "1301", "Fragment": "Yes", "GeneralNotes": null, "ClassificationNotes": null, "TranscriptionNotes": null, "Delegated": null, "Day": null, "DatingNotes": "1281x1295; see Moreau translation (Concile Provincial de Besancon, 53, n21)", "BiblioRefs": null, "Language": "Latin", "LanguageNotes": null, "CountryModern": "France", "SourceOther": "Besancon, Arch Dioc, MS D 5 (19th-c copy)", "OCR": null, "Longitude": "6.030556", "Place": "Besan\u00e7on", "IssuingAuthorityAlt": null, "EditionOther": null, "Classification": "Diocesan", "Diocese": "Besan\u00e7on", "RecordID": "1686", "Month": null, "Edition": "Concile provincial de Besancon, ed. de Vregille, 41-42", "BaseText": ["Library Scan", "Hard Copy Scan"], "IssuingAuthority": "Eudes de Rougemont", "Year": "1285", "RegnalStart": "1269"}