{"TextNeeded": null, "SourceNotes": null, "Transcription": "Completed", "PlaceNotes": null, "Source": null, "Latitude": "46.581945", "NoKnownText": null, "Circa": "Yes", "Province": "Bordeaux", "RegnalEnd": null, "Fragment": null, "GeneralNotes": null, "ClassificationNotes": null, "TranscriptionNotes": null, "Delegated": null, "Day": null, "DatingNotes": "before 1280", "BiblioRefs": null, "Language": "Latin", "LanguageNotes": null, "CountryModern": "France", "SourceOther": null, "OCR": "Yes", "Longitude": "0.336112", "Place": "Poitiers", "IssuingAuthorityAlt": null, "EditionOther": null, "Classification": "Diocesan", "Diocese": "Poitiers", "RecordID": "73", "Month": null, "Edition": "Avril, Statuts, V,  86-101", "BaseText": "Hard Copy Scan", "IssuingAuthority": null, "Year": "1280", "RegnalStart": null}