{"TextNeeded": null, "SourceNotes": "[MF 2267] [R 62981] [downloaded from BnF]", "Transcription": "Completed", "PlaceNotes": null, "Source": "Paris BnF lat 1613, fol 49v-50r", "Latitude": "43.21306", "NoKnownText": null, "Circa": null, "Province": "Narbonne", "RegnalEnd": null, "Fragment": null, "GeneralNotes": ["Avril, Bourges, 402: According to lost manuscript of Carcassonne diocesan statutes, described by A. Mahul in Cartulaire et archives, t. v. pp. 535-536, Pierre de Rochefort issued diocesan statutes in 1301, 1303, 1307, 1309, 1310, 1311, 1312, 1313, 1314, 1315, 1316, 1318, 1319, 1320, 1321", "-he was not especially unnusual in this regard, as far as Carcassonne bishops went; between 1294-1352, some 31 years saw the promulgation of synodal statutes"], "ClassificationNotes": null, "TranscriptionNotes": null, "Delegated": null, "Day": null, "DatingNotes": null, "BiblioRefs": null, "Language": "Latin", "LanguageNotes": null, "CountryModern": "France", "SourceOther": "Vatican BAV Vat Lat 9868, f. 283rv (partial)", "OCR": null, "Longitude": "2.352028", "Place": "Carcassonne", "IssuingAuthorityAlt": null, "EditionOther": null, "Classification": "Diocesan", "Diocese": "Carcassonne", "RecordID": "784", "Month": null, "Edition": null, "BaseText": "Digital MS", "IssuingAuthority": null, "Year": "1301", "RegnalStart": null}