{"TextNeeded": null, "SourceNotes": "https://books.google.com/books?id=Ov8PAAAAYAAJ", "Transcription": "Reviewed ", "PlaceNotes": null, "Source": "Geneva, AE, MS hist 47, f\u00b0157v-159r", "Latitude": "46.2", "NoKnownText": null, "Circa": null, "Province": "Vienne", "RegnalEnd": null, "Fragment": null, "GeneralNotes": null, "ClassificationNotes": null, "TranscriptionNotes": null, "Delegated": null, "Day": null, "DatingNotes": null, "BiblioRefs": null, "Language": "Latin", "LanguageNotes": null, "CountryModern": "Switzerland", "SourceOther": null, "OCR": null, "Longitude": "6.15", "Place": "Geneva", "IssuingAuthorityAlt": null, "EditionOther": "partial edition in Fleury, HIstoire de l'Eglise de Geneve, I, 442-43", "Classification": "Diocesan", "Diocese": "Geneva", "RecordID": "442", "Month": null, "Edition": "Morenzoni, L'encadrement, 32-37", "BaseText": ["GoogleBooks", "WebDownload", "Digital MS"], "IssuingAuthority": "Jean de Murol", "Year": "1381", "RegnalStart": null}