{"TextNeeded": null, "SourceNotes": null, "Transcription": "Completed", "PlaceNotes": null, "Source": null, "Latitude": "49.581667", "NoKnownText": null, "Circa": "Yes", "Province": "Reims", "RegnalEnd": null, "Fragment": null, "GeneralNotes": null, "ClassificationNotes": null, "TranscriptionNotes": "Avril's edition occasionally cites simply the corresponding entry in earlier statutes,so hold off on transcription until sources are done", "Delegated": null, "Day": null, "DatingNotes": "1280x1285", "BiblioRefs": null, "Language": "Latin", "LanguageNotes": null, "CountryModern": "France", "SourceOther": null, "OCR": "Yes", "Longitude": "2.999722", "Place": "Noyon", "IssuingAuthorityAlt": null, "EditionOther": null, "Classification": "Liber Synodalis", "Diocese": "Noyon", "RecordID": "64", "Month": null, "Edition": "Avril, Statuts, IV, 239-56", "BaseText": "Hard Copy Scan", "IssuingAuthority": null, "Year": "1282", "RegnalStart": null}