{"TextNeeded": null, "SourceNotes": null, "Transcription": "Completed", "PlaceNotes": null, "Source": null, "Latitude": "45.7464", "NoKnownText": null, "Circa": null, "Province": "Bordeaux", "RegnalEnd": null, "Fragment": null, "GeneralNotes": [], "ClassificationNotes": null, "TranscriptionNotes": null, "Delegated": null, "Day": null, "DatingNotes": "Easter", "BiblioRefs": null, "Language": "Latin", "LanguageNotes": null, "CountryModern": "France", "SourceOther": null, "OCR": "Yes", "Longitude": "-0.6333", "Place": "Saintes", "IssuingAuthorityAlt": null, "EditionOther": null, "Classification": "Diocesan", "Diocese": "Saintes", "RecordID": "1254", "Month": null, "Edition": "Avril, Statuts, V, 74-76", "BaseText": "Hard Copy Scan", "IssuingAuthority": null, "Year": "1282", "RegnalStart": null}