{"TextNeeded": null, "SourceNotes": null, "Transcription": "Reviewed ", "PlaceNotes": null, "Source": null, "Latitude": "42.016667", "NoKnownText": null, "Circa": null, "Province": "Toledo", "RegnalEnd": null, "Fragment": null, "GeneralNotes": "Corresponding text in Old Spanish", "ClassificationNotes": null, "TranscriptionNotes": null, "Delegated": null, "Day": "15", "DatingNotes": null, "BiblioRefs": null, "Language": "Latin", "LanguageNotes": null, "CountryModern": "Spain", "SourceOther": null, "OCR": "Yes", "Longitude": "-4.533333", "Place": "Palencia", "IssuingAuthorityAlt": null, "EditionOther": "San Martin, Sinodos diocesanos", "Classification": "Diocesan", "Diocese": "Palencia", "RecordID": "634", "Month": "12", "Edition": "Synodicon Hispanum, VII, pp356-77", "BaseText": ["Library Scan", "Hard Copy Scan"], "IssuingAuthority": "Blas Fern\u00e1ndez de Toledo", "Year": "1345", "RegnalStart": null}