{"TextNeeded": null, "SourceNotes": null, "Transcription": "Completed", "PlaceNotes": null, "Source": null, "Latitude": "40.466667", "NoKnownText": null, "Circa": null, "Province": "Toledo", "RegnalEnd": "1399", "Fragment": null, "GeneralNotes": null, "ClassificationNotes": null, "TranscriptionNotes": null, "Delegated": null, "Day": null, "DatingNotes": null, "BiblioRefs": null, "Language": "Latin", "LanguageNotes": "c. 32 in Old Spanish", "CountryModern": "Spain", "SourceOther": null, "OCR": "Yes", "Longitude": "-3.366667", "Place": "Alcal\u00e1 de Henares", "IssuingAuthorityAlt": null, "EditionOther": null, "Classification": "Diocesan", "Diocese": "Toledo", "RecordID": "655", "Month": "5", "Edition": "Synodicon Hispanum, X, 589-628", "BaseText": ["Library Scan", "Hard Copy Scan"], "IssuingAuthority": "Pedro Tenorio", "Year": "1379", "RegnalStart": "1377"}