{"TextNeeded": null, "SourceNotes": null, "Transcription": "Completed", "PlaceNotes": "now Acqui Terme", "Source": null, "Latitude": "44.676111", "NoKnownText": null, "Circa": null, "Province": "Milan", "RegnalEnd": "1270", "Fragment": null, "GeneralNotes": null, "ClassificationNotes": "'capituli' issued jointly with Ottone Visconti, AB of Milan", "TranscriptionNotes": null, "Delegated": null, "Day": null, "DatingNotes": "or 1266", "BiblioRefs": null, "Language": "Latin", "LanguageNotes": null, "CountryModern": "Italy", "SourceOther": null, "OCR": "Yes", "Longitude": "8.468611", "Place": "Acqui", "IssuingAuthorityAlt": null, "EditionOther": null, "Classification": "Diocesan", "Diocese": "Acqui", "RecordID": "1889", "Month": null, "Edition": "Baroni, Atti dell'arcivescovo...Visconti, doc 6, p7", "BaseText": ["Library Scan", "WebDownload"], "IssuingAuthority": "Alberto", "Year": "1265", "RegnalStart": "1258"}