{"TextNeeded": null, "SourceNotes": "Two different versions survive; this is the version given in the right-hand column of the Sawicki edition (see also ID 0113)", "Transcription": "Reviewed ", "PlaceNotes": null, "Source": null, "Latitude": "52.55", "NoKnownText": null, "Circa": null, "Province": "Gniezno ", "RegnalEnd": "1425", "Fragment": null, "GeneralNotes": null, "ClassificationNotes": null, "TranscriptionNotes": null, "Delegated": null, "Day": null, "DatingNotes": "or 1423", "BiblioRefs": null, "Language": "Latin", "LanguageNotes": null, "CountryModern": "Poland", "SourceOther": null, "OCR": null, "Longitude": "19.7", "Place": "P\u0142ock", "IssuingAuthorityAlt": null, "EditionOther": null, "Classification": "Diocesan", "Diocese": "P\u0142ock", "RecordID": "1653", "Month": null, "Edition": "Sawicki, VI, 181-263", "BaseText": "Hard Copy Scan", "IssuingAuthority": "Jakub z Korzkwi", "Year": "1398", "RegnalStart": "1396"}