{"TextNeeded": null, "SourceNotes": null, "Transcription": "Reviewed ", "PlaceNotes": null, "Source": null, "Latitude": "42.880447", "NoKnownText": null, "Circa": "Yes", "Province": "Santiago", "RegnalEnd": null, "Fragment": null, "GeneralNotes": null, "ClassificationNotes": null, "TranscriptionNotes": null, "Delegated": null, "Day": null, "DatingNotes": "1259?x1267", "BiblioRefs": null, "Language": "Latin", "LanguageNotes": null, "CountryModern": "Spain", "SourceOther": null, "OCR": "Yes", "Longitude": "-8.546303", "Place": "Santiago", "IssuingAuthorityAlt": null, "EditionOther": null, "Classification": "Diocesan", "Diocese": "Santiago", "RecordID": "585", "Month": null, "Edition": "Synodicon Hispanum, 1, 266-268", "BaseText": ["Library Scan", "Hard Copy Scan"], "IssuingAuthority": "Juan Arias", "Year": "1260", "RegnalStart": null}