{"TextNeeded": null, "SourceNotes": null, "Transcription": "Reviewed ", "PlaceNotes": null, "Source": null, "Latitude": "40.211111", "NoKnownText": null, "Circa": "Yes", "Province": "Braga", "RegnalEnd": null, "Fragment": null, "GeneralNotes": null, "ClassificationNotes": null, "TranscriptionNotes": null, "Delegated": null, "Day": null, "DatingNotes": "date uncertain; late 14th-c", "BiblioRefs": null, "Language": "Old Portuguese", "LanguageNotes": null, "CountryModern": "Portugal", "SourceOther": null, "OCR": "Yes", "Longitude": "-8.429167", "Place": "Coimbra", "IssuingAuthorityAlt": null, "EditionOther": null, "Classification": "Diocesan", "Diocese": "Coimbra", "RecordID": "1393", "Month": null, "Edition": "Synodicon Hispanum II, 197-99", "BaseText": ["Library Scan", "Hard Copy Scan"], "IssuingAuthority": null, "Year": "1390", "RegnalStart": null}