{"TextNeeded": null, "SourceNotes": null, "Transcription": "Reviewed ", "PlaceNotes": null, "Source": null, "Latitude": "41.544167", "NoKnownText": null, "Circa": null, "Province": "Braga", "RegnalEnd": null, "Fragment": null, "GeneralNotes": "survives in later document of 1395", "ClassificationNotes": null, "TranscriptionNotes": null, "Delegated": null, "Day": "11", "DatingNotes": null, "BiblioRefs": null, "Language": "Latin", "LanguageNotes": null, "CountryModern": "Portugal", "SourceOther": null, "OCR": "Yes", "Longitude": "-8.421944", "Place": "Braga", "IssuingAuthorityAlt": null, "EditionOther": null, "Classification": "Diocesan", "Diocese": "Braga", "RecordID": "599", "Month": "10", "Edition": "Synodicon Hispanum, 2, 54-57", "BaseText": ["Library Scan", "Hard Copy Scan"], "IssuingAuthority": "Louren\u00e7o Vicente", "Year": "1374", "RegnalStart": null}