{"TextNeeded": null, "SourceNotes": null, "Transcription": "Reviewed ", "PlaceNotes": null, "Source": null, "Latitude": "43.347615", "NoKnownText": null, "Circa": null, "Province": "Narbonne", "RegnalEnd": null, "Fragment": null, "GeneralNotes": null, "ClassificationNotes": null, "TranscriptionNotes": null, "Delegated": null, "Day": null, "DatingNotes": null, "BiblioRefs": null, "Language": "Latin", "LanguageNotes": null, "CountryModern": "France", "SourceOther": null, "OCR": null, "Longitude": "3.218991", "Place": "B\u00e9ziers", "IssuingAuthorityAlt": null, "EditionOther": null, "Classification": "Provincial", "Diocese": "B\u00e9ziers", "RecordID": "365", "Month": "11", "Edition": "Mansi 26, col 237-250", "BaseText": ["GoogleBooks", "Data Capture"], "IssuingAuthority": "Pierre de la Jugie", "Year": "1351", "RegnalStart": null}