{"TextNeeded": null, "SourceNotes": "https://books.google.com/books?id=FRtUAAAAcAAJ", "Transcription": "Reviewed ", "PlaceNotes": null, "Source": null, "Latitude": "54.7761", "NoKnownText": null, "Circa": null, "Province": "York", "RegnalEnd": null, "Fragment": null, "GeneralNotes": null, "ClassificationNotes": null, "TranscriptionNotes": null, "Delegated": null, "Day": null, "DatingNotes": null, "BiblioRefs": null, "Language": "Latin", "LanguageNotes": null, "CountryModern": "England", "SourceOther": null, "OCR": null, "Longitude": "-1.5733", "Place": "Durham", "IssuingAuthorityAlt": null, "EditionOther": null, "Classification": "Diocesan", "Diocese": "Durham", "RecordID": "782", "Month": null, "Edition": "Wilkins, II, 495-497", "BaseText": ["GoogleBooks", "Data Capture"], "IssuingAuthority": "Lewis de Beaumont", "Year": "1319", "RegnalStart": null}