{"TextNeeded": null, "SourceNotes": null, "Transcription": "Completed", "PlaceNotes": null, "Source": null, "Latitude": "47.473612", "NoKnownText": null, "Circa": null, "Province": "Tours", "RegnalEnd": "1291", "Fragment": null, "GeneralNotes": null, "ClassificationNotes": null, "TranscriptionNotes": null, "Delegated": null, "Day": null, "DatingNotes": "Saint Luke", "BiblioRefs": null, "Language": "Latin", "LanguageNotes": null, "CountryModern": "France", "SourceOther": null, "OCR": "Yes", "Longitude": "-0.554167", "Place": "Angers", "IssuingAuthorityAlt": "Nicholaus Gelant", "EditionOther": null, "Classification": "Diocesan", "Diocese": "Angers", "RecordID": "819", "Month": null, "Edition": "Avril, Statuts, III, 132-37", "BaseText": "Hard Copy Scan", "IssuingAuthority": "Nicolas Gellent", "Year": "1277", "RegnalStart": "1260"}