{"TextNeeded": null, "SourceNotes": "also Villanueva, Viage Literario, V, 283-284", "Transcription": "Completed", "PlaceNotes": null, "Source": null, "Latitude": "40.812778", "NoKnownText": null, "Circa": null, "Province": "Tarragona", "RegnalEnd": "1306", "Fragment": null, "GeneralNotes": "Villanueva, V, 283-334, gives synodal constitutions for 1278, 1307, 1308, 1311, 1314, 1319, 1323, 1324, 1328, 1330; none of these mention usury either", "ClassificationNotes": null, "TranscriptionNotes": null, "Delegated": null, "Day": "12", "DatingNotes": null, "BiblioRefs": null, "Language": "Latin", "LanguageNotes": null, "CountryModern": "Spain", "SourceOther": null, "OCR": "Yes", "Longitude": "0.523333", "Place": "Tortosa", "IssuingAuthorityAlt": "Arnau de Jard\u00ed", "EditionOther": null, "Classification": "Diocesan", "Diocese": "Tortosa", "RecordID": "405", "Month": "11", "Edition": "Synodicon Hispanum, XII, 617-18", "BaseText": ["Library Scan", "Hard Copy Scan"], "IssuingAuthority": "Arnal de Jardin", "Year": "1274", "RegnalStart": "1273"}