{"TextNeeded": null, "SourceNotes": [], "Transcription": "Reviewed ", "PlaceNotes": null, "Source": null, "Latitude": "47.473612", "NoKnownText": null, "Circa": null, "Province": "Tours", "RegnalEnd": null, "Fragment": null, "GeneralNotes": null, "ClassificationNotes": null, "TranscriptionNotes": null, "Delegated": null, "Day": "9", "DatingNotes": null, "BiblioRefs": null, "Language": "Latin", "LanguageNotes": null, "CountryModern": "France", "SourceOther": null, "OCR": "Yes", "Longitude": "-0.554167", "Place": "Angers", "IssuingAuthorityAlt": null, "EditionOther": null, "Classification": "Provincial", "Diocese": "Angers", "RecordID": "1306", "Month": "7", "Edition": "Avril, Tours, 239-41", "BaseText": "Hard Copy Scan", "IssuingAuthority": null, "Year": "1269", "RegnalStart": null}