{"TextNeeded": null, "SourceNotes": "Livre synodal, containing many earlier statutes", "Transcription": "Completed", "PlaceNotes": null, "Source": null, "Latitude": "50.289722", "NoKnownText": null, "Circa": "Yes", "Province": "Reims", "RegnalEnd": null, "Fragment": null, "GeneralNotes": "issued either under Pierre de Noyon or Guillaume d'Issy", "ClassificationNotes": null, "TranscriptionNotes": "Avril's edition frequently cites simply the corresponding entry in earlier statutes (those of Paris and Cambrai) ,so hold off on transcription until sources are done", "Delegated": null, "Day": null, "DatingNotes": "or 1290", "BiblioRefs": null, "Language": "Latin", "LanguageNotes": null, "CountryModern": "France", "SourceOther": null, "OCR": "Yes", "Longitude": "2.780833", "Place": "Arras", "IssuingAuthorityAlt": null, "EditionOther": null, "Classification": "Liber Synodalis", "Diocese": "Arras", "RecordID": "63", "Month": null, "Edition": "Avril, Statuts, IV, 183-209", "BaseText": "Hard Copy Scan", "IssuingAuthority": null, "Year": "1280", "RegnalStart": null}