{"TextNeeded": null, "SourceNotes": ["first four canons missing (part of fourth survives)", "GCN: https://books.google.com/books?id=B4JPAAAAYAAJ"], "Transcription": "Reviewed ", "PlaceNotes": null, "Source": null, "Latitude": "43.6767", "NoKnownText": null, "Circa": "Yes", "Province": "Arles", "RegnalEnd": "1273", "Fragment": "Yes", "GeneralNotes": null, "ClassificationNotes": null, "TranscriptionNotes": null, "Delegated": null, "Day": null, "DatingNotes": "Mansi dates to 1275; Palazzini to 1273; GCN to \"vers 1267\"", "BiblioRefs": null, "Language": "Latin", "LanguageNotes": null, "CountryModern": "France", "SourceOther": null, "OCR": null, "Longitude": "4.6278", "Place": "Arles", "IssuingAuthorityAlt": null, "EditionOther": "Gallia christiana novissima, Arles, 495-97 [no. 1257]", "Classification": "Provincial", "Diocese": "Arles", "RecordID": "845", "Month": null, "Edition": "Mansi, 24, col 147-54", "BaseText": ["GoogleBooks", "WebDownload"], "IssuingAuthority": "Bertran de Saint-Martin", "Year": "1273", "RegnalStart": "1266"}