{"TextNeeded": null, "SourceNotes": null, "Transcription": "Reviewed ", "PlaceNotes": null, "Source": null, "Latitude": "43.1836", "NoKnownText": null, "Circa": null, "Province": "Narbonne, Aix, Arles", "RegnalEnd": null, "Fragment": null, "GeneralNotes": null, "ClassificationNotes": null, "TranscriptionNotes": null, "Delegated": null, "Day": null, "DatingNotes": "dated 1233 in Mansi, but corrected to 1243 in Palazzini", "BiblioRefs": null, "Language": "Latin", "LanguageNotes": null, "CountryModern": "France", "SourceOther": null, "OCR": null, "Longitude": "3.0042", "Place": "Narbonne", "IssuingAuthorityAlt": null, "EditionOther": null, "Classification": "Provincial", "Diocese": "Narbonne", "RecordID": "1907", "Month": null, "Edition": "Mansi 23, cols 353-366", "BaseText": ["GoogleBooks", "Data Capture"], "IssuingAuthority": null, "Year": "1243", "RegnalStart": null}