{"TextNeeded": null, "SourceNotes": "http://gallica.bnf.fr/ark:/12148/btv1b8427238x", "Transcription": "Completed", "PlaceNotes": null, "Source": "Paris, BnF lat. 1590, fols. 40-45v", "Latitude": "44.837912", "NoKnownText": null, "Circa": "Yes", "Province": "Bordeaux", "RegnalEnd": null, "Fragment": null, "GeneralNotes": null, "ClassificationNotes": null, "TranscriptionNotes": "Transcription must be corrected checked against Vatican MS", "Delegated": null, "Day": null, "DatingNotes": "1356x1358", "BiblioRefs": null, "Language": "Latin", "LanguageNotes": null, "CountryModern": "France", "SourceOther": "BAV, Vat. lat. 9868, fol. 441 (copy of  Paris MS)", "OCR": null, "Longitude": "-0.579541", "Place": "Bordeaux", "IssuingAuthorityAlt": null, "EditionOther": null, "Classification": "Diocesan", "Diocese": "Bordeaux", "RecordID": "998", "Month": null, "Edition": null, "BaseText": "Digital MS", "IssuingAuthority": null, "Year": "1357", "RegnalStart": null}