{"TextNeeded": null, "SourceNotes": null, "Transcription": "Reviewed ", "PlaceNotes": null, "Source": null, "Latitude": "52.4", "NoKnownText": null, "Circa": "Yes", "Province": "Canterbury", "RegnalEnd": null, "Fragment": null, "GeneralNotes": null, "ClassificationNotes": null, "TranscriptionNotes": null, "Delegated": null, "Day": null, "DatingNotes": "1239x1256 with additions 1256x1276", "BiblioRefs": null, "Language": "Latin", "LanguageNotes": null, "CountryModern": "England", "SourceOther": null, "OCR": null, "Longitude": "0.26", "Place": "Ely", "IssuingAuthorityAlt": null, "EditionOther": null, "Classification": "Diocesan", "Diocese": "Ely", "RecordID": "1510", "Month": null, "Edition": "Powicke & Cheney I, 515-23", "BaseText": "Data Capture", "IssuingAuthority": null, "Year": "1250", "RegnalStart": null}