{"TextNeeded": null, "SourceNotes": null, "Transcription": "Completed", "PlaceNotes": "suffragan of Zaragoza as of 1318", "Source": null, "Latitude": "42.818333", "NoKnownText": null, "Circa": null, "Province": "Zaragoza", "RegnalEnd": "1355", "Fragment": null, "GeneralNotes": null, "ClassificationNotes": null, "TranscriptionNotes": null, "Delegated": null, "Day": "14", "DatingNotes": null, "BiblioRefs": null, "Language": "Old Spanish", "LanguageNotes": "some passages in Latin", "CountryModern": "Spain", "SourceOther": null, "OCR": "Yes", "Longitude": "-1.644167", "Place": "Pamplona", "IssuingAuthorityAlt": null, "EditionOther": null, "Classification": "Diocesan", "Diocese": "Pamplona", "RecordID": "644", "Month": "9", "Edition": "Synodicon Hispanum, VIII, pp378-398", "BaseText": ["Library Scan", "Hard Copy Scan"], "IssuingAuthority": "Arnalt de Barbaz\u00e1n", "Year": "1354", "RegnalStart": "1318"}