{"TextNeeded": null, "SourceNotes": null, "Transcription": "Completed", "PlaceNotes": null, "Source": null, "Latitude": "42.465", "NoKnownText": null, "Circa": null, "Province": "Tarragona", "RegnalEnd": "1300", "Fragment": null, "GeneralNotes": null, "ClassificationNotes": null, "TranscriptionNotes": null, "Delegated": null, "Day": null, "DatingNotes": null, "BiblioRefs": null, "Language": "Old Spanish", "LanguageNotes": null, "CountryModern": "Spain", "SourceOther": null, "OCR": "Yes", "Longitude": "-2.445556", "Place": "Logro\u00f1o", "IssuingAuthorityAlt": null, "EditionOther": null, "Classification": "Diocesan", "Diocese": "Calahorra y La Calzada", "RecordID": "642", "Month": null, "Edition": "Synodicon Hispanum, VIII, pp25-30", "BaseText": ["Library Scan", "Hard Copy Scan"], "IssuingAuthority": "Almoravid", "Year": "1297", "RegnalStart": "1287"}