{"TextNeeded": null, "SourceNotes": null, "Transcription": "Completed", "PlaceNotes": null, "Source": null, "Latitude": "49.2989", "NoKnownText": null, "Circa": null, "Province": "Prague", "RegnalEnd": null, "Fragment": null, "GeneralNotes": null, "ClassificationNotes": null, "TranscriptionNotes": null, "Delegated": null, "Day": null, "DatingNotes": null, "BiblioRefs": null, "Language": "Latin", "LanguageNotes": null, "CountryModern": "Czech Republic", "SourceOther": null, "OCR": "Yes", "Longitude": "17.393", "Place": "Krom\u0115\u0159\u00ed\u017e", "IssuingAuthorityAlt": "Johannes Noviforensis", "EditionOther": null, "Classification": "Diocesan", "Diocese": "Olomouc", "RecordID": "1291", "Month": null, "Edition": "Krafl, Synody, 314-5 [A5]", "BaseText": ["Library Scan", "Hard Copy Scan"], "IssuingAuthority": "John IX of Sroda Slaska", "Year": "1380", "RegnalStart": null}