{"TextNeeded": null, "SourceNotes": null, "Transcription": "Completed", "PlaceNotes": null, "Source": null, "Latitude": "40.466667", "NoKnownText": null, "Circa": null, "Province": "Toledo", "RegnalEnd": "1360", "Fragment": null, "GeneralNotes": null, "ClassificationNotes": null, "TranscriptionNotes": null, "Delegated": null, "Day": "9", "DatingNotes": null, "BiblioRefs": null, "Language": "Latin", "LanguageNotes": null, "CountryModern": "Spain", "SourceOther": null, "OCR": "Yes", "Longitude": "-3.366667", "Place": "Alcal\u00e1 de Henares", "IssuingAuthorityAlt": null, "EditionOther": "Sanchez Herrero, Concilios y sinodos Toledanos, 217-19", "Classification": "Diocesan", "Diocese": "Toledo", "RecordID": "652", "Month": "5", "Edition": "Synodicon Hispanum, X, 562-565", "BaseText": ["Library Scan", "Hard Copy Scan"], "IssuingAuthority": "Blas Fern\u00e1ndez de Toledo", "Year": "1354", "RegnalStart": "1353"}