{"TextNeeded": null, "SourceNotes": null, "Transcription": "Completed", "PlaceNotes": null, "Source": null, "Latitude": "47.473612", "NoKnownText": null, "Circa": null, "Province": "Tours", "RegnalEnd": "1317", "Fragment": null, "GeneralNotes": null, "ClassificationNotes": null, "TranscriptionNotes": null, "Delegated": null, "Day": null, "DatingNotes": "Pentecostal synod", "BiblioRefs": null, "Language": "Latin", "LanguageNotes": null, "CountryModern": "France", "SourceOther": null, "OCR": "Yes", "Longitude": "-0.554167", "Place": "Angers", "IssuingAuthorityAlt": "Guillermus Major", "EditionOther": null, "Classification": "Diocesan", "Diocese": "Angers", "RecordID": "834", "Month": null, "Edition": "Avril, Statuts, III, 208-211", "BaseText": "Hard Copy Scan", "IssuingAuthority": "Guillaume le Maire", "Year": "1302", "RegnalStart": "1291"}