{"TextNeeded": null, "SourceNotes": "https://books.google.com/books?id=kt8vAQAAMAAJ", "Transcription": "Reviewed ", "PlaceNotes": null, "Source": null, "Latitude": "58.4", "NoKnownText": null, "Circa": null, "Province": "Uppsala", "RegnalEnd": null, "Fragment": null, "GeneralNotes": null, "ClassificationNotes": "local abstract (\"affattadt f\u00f6r Link\u00f6ping stift\") of statutes from provincial council of Arboga of 1412", "TranscriptionNotes": null, "Delegated": null, "Day": null, "DatingNotes": null, "BiblioRefs": null, "Language": "Latin", "LanguageNotes": null, "CountryModern": "Sweden", "SourceOther": null, "OCR": "Yes", "Longitude": "15.616667", "Place": "Link\u00f6ping", "IssuingAuthorityAlt": null, "EditionOther": null, "Classification": "Abstract/Abbreviation", "Diocese": "Link\u00f6ping", "RecordID": "751", "Month": null, "Edition": "Gummerus, Synodalstatuter, 29-31", "BaseText": ["GoogleBooks", "WebDownload"], "IssuingAuthority": null, "Year": "1412", "RegnalStart": null}