{"TextNeeded": null, "SourceNotes": "https://books.google.com/books?id=0SGIk69vxS0C", "Transcription": "Reviewed ", "PlaceNotes": "held in the church of Notre-Dame du Pre", "Source": null, "Latitude": "49.443889", "NoKnownText": null, "Circa": null, "Province": "Rouen", "RegnalEnd": "1306", "Fragment": null, "GeneralNotes": null, "ClassificationNotes": null, "TranscriptionNotes": null, "Delegated": null, "Day": null, "DatingNotes": null, "BiblioRefs": null, "Language": "Latin", "LanguageNotes": null, "CountryModern": "France", "SourceOther": null, "OCR": null, "Longitude": "1.103333", "Place": "Rouen", "IssuingAuthorityAlt": null, "EditionOther": null, "Classification": "Provincial", "Diocese": "Rouen", "RecordID": "239", "Month": null, "Edition": "Bessin, Concilia, I, 162-64", "BaseText": ["GoogleBooks", "WebDownload"], "IssuingAuthority": "Guillaume de Flavacourt", "Year": "1299", "RegnalStart": "1278"}