{"TextNeeded": null, "SourceNotes": null, "Transcription": "Completed", "PlaceNotes": null, "Source": null, "Latitude": "49.1201", "NoKnownText": null, "Circa": null, "Province": "Trier", "RegnalEnd": null, "Fragment": null, "GeneralNotes": null, "ClassificationNotes": null, "TranscriptionNotes": null, "Delegated": null, "Day": null, "DatingNotes": null, "BiblioRefs": null, "Language": "Latin", "LanguageNotes": null, "CountryModern": "France", "SourceOther": null, "OCR": null, "Longitude": "6.17591", "Place": "Metz", "IssuingAuthorityAlt": null, "EditionOther": null, "Classification": "Diocesan", "Diocese": "Metz", "RecordID": "188", "Month": null, "Edition": "Sauerland, Vatikanische Urkunden, II, 152-56 [no.  1254]", "BaseText": ["Library Scan", "WebDownload"], "IssuingAuthority": null, "Year": "1356", "RegnalStart": null}