{"TextNeeded": null, "SourceNotes": "https://books.google.com/books?id=Ov8PAAAAYAAJ; ", "Transcription": "Completed", "PlaceNotes": null, "Source": "Geneva, AE, MS hist 47, f\u00b0151r-152r", "Latitude": "46.2", "NoKnownText": null, "Circa": "Yes", "Province": "Vienne", "RegnalEnd": null, "Fragment": null, "GeneralNotes": null, "ClassificationNotes": null, "TranscriptionNotes": null, "Delegated": null, "Day": null, "DatingNotes": "1343x1352", "BiblioRefs": null, "Language": "Latin", "LanguageNotes": null, "CountryModern": "Switzerland", "SourceOther": null, "OCR": null, "Longitude": "6.15", "Place": "Geneva", "IssuingAuthorityAlt": null, "EditionOther": null, "Classification": "Diocesan", "Diocese": "Geneva", "RecordID": "448", "Month": null, "Edition": "[extracts in] Fleury, Histoire de l'Eglise de Geneve, I, 437-38", "BaseText": ["GoogleBooks", "WebDownload", "Digital MS"], "IssuingAuthority": "Alamand de Saint-Jeoire", "Year": "1345", "RegnalStart": null}