{"TextNeeded": null, "SourceNotes": null, "Transcription": "Reviewed ", "PlaceNotes": null, "Source": null, "Latitude": "38.570833", "NoKnownText": null, "Circa": null, "Province": "Braga", "RegnalEnd": null, "Fragment": null, "GeneralNotes": null, "ClassificationNotes": null, "TranscriptionNotes": null, "Delegated": null, "Day": "2", "DatingNotes": null, "BiblioRefs": null, "Language": "Latin", "LanguageNotes": null, "CountryModern": "Portugal", "SourceOther": null, "OCR": "Yes", "Longitude": "-7.905556", "Place": "Evora", "IssuingAuthorityAlt": null, "EditionOther": null, "Classification": "Diocesan", "Diocese": "Evora", "RecordID": "602", "Month": "7", "Edition": "Synodicon Hispanum, 2, 213-215", "BaseText": ["Library Scan", "Hard Copy Scan"], "IssuingAuthority": "Martinho III", "Year": "1378", "RegnalStart": null}