{"TextNeeded": null, "SourceNotes": null, "Transcription": "Completed", "PlaceNotes": null, "Source": null, "Latitude": "44.350556", "NoKnownText": null, "Circa": "Yes", "Province": "Bourges", "RegnalEnd": null, "Fragment": null, "GeneralNotes": null, "ClassificationNotes": null, "TranscriptionNotes": "[RWD to insert appropriate texts from Beziers council of 1336, once transcribed - With the following text after c. 11: \"Ex statuto antiquo in praesenti ecclesia edito et diutius observato vendentes et ementes in diebus dominicis sunt excommunicati.\"]", "Delegated": null, "Day": null, "DatingNotes": "1289x1336", "BiblioRefs": null, "Language": "Latin", "LanguageNotes": null, "CountryModern": "France", "SourceOther": null, "OCR": null, "Longitude": "2.575", "Place": "Rodez", "IssuingAuthorityAlt": null, "EditionOther": null, "Classification": "Diocesan", "Diocese": "Rodez", "RecordID": "202", "Month": null, "Edition": "Martene, Thes, IV, col. 767-76", "BaseText": ["GoogleBooks", "Data Capture"], "IssuingAuthority": null, "Year": "1300", "RegnalStart": null}