{"TextNeeded": null, "SourceNotes": null, "Transcription": "Reviewed ", "PlaceNotes": null, "Source": "Nantes, BM 36, fol. 429 (=Travers, Concilia, III)", "Latitude": "47.21806", "NoKnownText": null, "Circa": "Yes", "Province": "Tours", "RegnalEnd": "1353", "Fragment": null, "GeneralNotes": null, "ClassificationNotes": null, "TranscriptionNotes": null, "Delegated": null, "Day": null, "DatingNotes": "date given by Nicolas Travers in his autograph copy of Tours councils (see Pontal repertoire, 318, n1)", "BiblioRefs": null, "Language": "Latin", "LanguageNotes": null, "CountryModern": "France", "SourceOther": null, "OCR": null, "Longitude": "-1.55278", "Place": "Nantes", "IssuingAuthorityAlt": null, "EditionOther": null, "Classification": "Diocesan", "Diocese": "Nantes", "RecordID": "255", "Month": null, "Edition": "Martene, Thes, IV, col 960-61", "BaseText": ["GoogleBooks", "Data Capture", "Microfilm"], "IssuingAuthority": "Olivier Salahadin", "Year": "1345", "RegnalStart": "1339"}