{"TextNeeded": null, "SourceNotes": "Edition is based on \"a copy for official use of the first version of the Salisbury statutes\"", "Transcription": "Reviewed ", "PlaceNotes": null, "Source": null, "Latitude": "51.074", "NoKnownText": null, "Circa": "Yes", "Province": "Canterbury", "RegnalEnd": "1228", "Fragment": null, "GeneralNotes": null, "ClassificationNotes": null, "TranscriptionNotes": null, "Delegated": null, "Day": null, "DatingNotes": "1217x1219; additions 1219x1228 and reissued for Durham 1228x1236 after Bp Poore was translated to that see", "BiblioRefs": null, "Language": "Latin", "LanguageNotes": null, "CountryModern": "England", "SourceOther": null, "OCR": null, "Longitude": "-1.7936", "Place": "Salisbury", "IssuingAuthorityAlt": null, "EditionOther": null, "Classification": "Diocesan", "Diocese": "Salisbury", "RecordID": "1481", "Month": null, "Edition": "Powicke & Cheney, I, 57-96", "BaseText": "Data Capture", "IssuingAuthority": "Richard Poore", "Year": "1218", "RegnalStart": "1217"}