{"TextNeeded": null, "SourceNotes": "https://books.google.com/books?id=dow-AAAAcAAJ", "Transcription": "Completed", "PlaceNotes": null, "Source": null, "Latitude": "49.7596", "NoKnownText": null, "Circa": null, "Province": "Trier", "RegnalEnd": "1354", "Fragment": null, "GeneralNotes": "statutes revising provincial canons of 1310 concerning excommunication", "ClassificationNotes": "Decretum commissariorum archiepiscopi & and archepiscopal decree", "TranscriptionNotes": null, "Delegated": null, "Day": "31", "DatingNotes": null, "BiblioRefs": null, "Language": "Latin", "LanguageNotes": null, "CountryModern": "Germany", "SourceOther": null, "OCR": "Yes", "Longitude": "6.6439", "Place": "Trier", "IssuingAuthorityAlt": null, "EditionOther": null, "Classification": "Other", "Diocese": "Trier", "RecordID": "1783", "Month": "8", "Edition": "Blattau, Statuta synodalia, I, 168-172", "BaseText": ["GoogleBooks", "WebDownload"], "IssuingAuthority": "Baldwin of Luxembourg", "Year": "1338", "RegnalStart": "1307"}