{"TextNeeded": null, "SourceNotes": "http://books.google.com/books?id=mstTAAAAYAAJ", "Transcription": "Completed", "PlaceNotes": null, "Source": null, "Latitude": "43.6465", "NoKnownText": null, "Circa": "Yes", "Province": "Auch", "RegnalEnd": null, "Fragment": null, "GeneralNotes": null, "ClassificationNotes": null, "TranscriptionNotes": null, "Delegated": null, "Day": null, "DatingNotes": "reference on p93 to institutione novissima domini Bonifacii pape VIII, together with reference on p25 to provincial constitutions of 1308, seems to place it ca. 1310 (rather than 1304, as given in Pontal repertoire)", "BiblioRefs": null, "Language": "Latin", "LanguageNotes": null, "CountryModern": "France", "SourceOther": null, "OCR": "Yes", "Longitude": "0.5855", "Place": "Auch", "IssuingAuthorityAlt": null, "EditionOther": null, "Classification": "Diocesan", "Diocese": "Auch", "RecordID": "137", "Month": null, "Edition": "Duffour, Livre Rouge, pp71-102", "BaseText": ["GoogleBooks", "WebDownload"], "IssuingAuthority": null, "Year": "1310", "RegnalStart": null}