{"TextNeeded": null, "SourceNotes": "http://books.google.com/books?id=mstTAAAAYAAJ", "Transcription": "Completed", "PlaceNotes": null, "Source": null, "Latitude": "43.6465", "NoKnownText": null, "Circa": null, "Province": "Auch", "RegnalEnd": null, "Fragment": null, "GeneralNotes": null, "ClassificationNotes": null, "TranscriptionNotes": null, "Delegated": null, "Day": null, "DatingNotes": null, "BiblioRefs": null, "Language": "Latin", "LanguageNotes": null, "CountryModern": "France", "SourceOther": null, "OCR": "Yes", "Longitude": "0.5855", "Place": "Auch", "IssuingAuthorityAlt": null, "EditionOther": null, "Classification": "Provincial", "Diocese": "Auch", "RecordID": "136", "Month": "2", "Edition": "Duffour, Livre Rouge, 57-66", "BaseText": ["GoogleBooks", "WebDownload"], "IssuingAuthority": null, "Year": "1305", "RegnalStart": null}