{"TextNeeded": null, "SourceNotes": null, "Transcription": "Reviewed ", "PlaceNotes": null, "Source": null, "Latitude": "47.473612", "NoKnownText": null, "Circa": null, "Province": "Tours", "RegnalEnd": null, "Fragment": null, "GeneralNotes": "Also survives in vernacular translation", "ClassificationNotes": null, "TranscriptionNotes": null, "Delegated": null, "Day": "12", "DatingNotes": "Mansi incorrectly dates this to 1365 (along with other earlier editions)", "BiblioRefs": null, "Language": "Latin", "LanguageNotes": null, "CountryModern": "France", "SourceOther": null, "OCR": "Yes", "Longitude": "-0.554167", "Place": "Angers", "IssuingAuthorityAlt": null, "EditionOther": null, "Classification": "Provincial", "Diocese": "Angers", "RecordID": "367", "Month": "3", "Edition": "Avril, Tours, 373-396", "BaseText": "Hard Copy Scan", "IssuingAuthority": null, "Year": "1366", "RegnalStart": null}