{"TextNeeded": null, "SourceNotes": "https://books.google.com/books?id=L9U-AAAAcAAJ", "Transcription": "Reviewed ", "PlaceNotes": null, "Source": "BnF lat 1592, fol. 27v-28v", "Latitude": "50.175579", "NoKnownText": null, "Circa": null, "Province": "Reims", "RegnalEnd": "1324", "Fragment": null, "GeneralNotes": "MS (and Reusens ed.) has additional passage at end not given in Gousset edition", "ClassificationNotes": null, "TranscriptionNotes": null, "Delegated": null, "Day": "18", "DatingNotes": "dated 1324 in Hartzheim", "BiblioRefs": null, "Language": "Latin", "LanguageNotes": null, "CountryModern": "Belgium", "SourceOther": null, "OCR": "Yes", "Longitude": "3.2345", "Place": "Cambrai", "IssuingAuthorityAlt": null, "EditionOther": "Hartzheim IV, 286-88; Gousset, APER II, 515-518", "Classification": "Diocesan", "Diocese": "Cambrai", "RecordID": "22", "Month": "10", "Edition": "Reusens, Statuta, 83-86", "BaseText": ["GoogleBooks", "Library Scan", "WebDownload", "Digital MS"], "IssuingAuthority": "Pierre de L\u00e9vis-Mirepoix", "Year": "1323", "RegnalStart": "1309"}