{"TextNeeded": null, "SourceNotes": null, "Transcription": "Reviewed ", "PlaceNotes": null, "Source": null, "Latitude": "38.713811", "NoKnownText": null, "Circa": null, "Province": "Braga", "RegnalEnd": null, "Fragment": null, "GeneralNotes": null, "ClassificationNotes": null, "TranscriptionNotes": null, "Delegated": null, "Day": "26", "DatingNotes": null, "BiblioRefs": null, "Language": "Latin", "LanguageNotes": null, "CountryModern": "Portugal", "SourceOther": null, "OCR": "Yes", "Longitude": "-9.139386", "Place": "Lisbon", "IssuingAuthorityAlt": null, "EditionOther": null, "Classification": "Diocesan", "Diocese": "Lisbon", "RecordID": "605", "Month": "3", "Edition": "Synodicon Hispanum, 2, 300-302", "BaseText": ["Library Scan", "Hard Copy Scan"], "IssuingAuthority": "Mateus", "Year": "1264", "RegnalStart": null}