{"TextNeeded": null, "SourceNotes": "https://books.google.com/books?id=dow-AAAAcAAJ", "Transcription": "Completed", "PlaceNotes": null, "Source": null, "Latitude": "49.7596", "NoKnownText": null, "Circa": null, "Province": "Trier", "RegnalEnd": "1430", "Fragment": null, "GeneralNotes": null, "ClassificationNotes": null, "TranscriptionNotes": null, "Delegated": null, "Day": "26", "DatingNotes": null, "BiblioRefs": null, "Language": "Latin", "LanguageNotes": null, "CountryModern": "Germany", "SourceOther": null, "OCR": "Yes", "Longitude": "6.6439", "Place": "Trier", "IssuingAuthorityAlt": null, "EditionOther": "Hartzheim, Concilia V, 222-227", "Classification": "Provincial", "Diocese": "Trier", "RecordID": "1785", "Month": "4", "Edition": "Blattau, Statuta synodalia, I, 222-34", "BaseText": ["GoogleBooks", "WebDownload"], "IssuingAuthority": "Otto von Ziegenheim", "Year": "1423", "RegnalStart": "1418"}