{"TextNeeded": null, "SourceNotes": null, "Transcription": "Reviewed ", "PlaceNotes": null, "Source": null, "Latitude": "53.958333", "NoKnownText": null, "Circa": "Yes", "Province": "York", "RegnalEnd": "1476", "Fragment": null, "GeneralNotes": "List of reserved cases, attributed to AB George Neville", "ClassificationNotes": null, "TranscriptionNotes": null, "Delegated": null, "Day": null, "DatingNotes": "1465x1476", "BiblioRefs": null, "Language": "Latin", "LanguageNotes": null, "CountryModern": "England", "SourceOther": null, "OCR": null, "Longitude": "-1.080278", "Place": "York", "IssuingAuthorityAlt": null, "EditionOther": null, "Classification": "Other", "Diocese": "York", "RecordID": "1442", "Month": null, "Edition": "Records of Convocation, vol. 13: York, 477-479", "BaseText": ["Library Scan", "Hard Copy Scan"], "IssuingAuthority": "George Neville", "Year": "1470", "RegnalStart": "1465"}