{"TextNeeded": null, "SourceNotes": null, "Transcription": "Reviewed ", "PlaceNotes": "declared exempt from metropolitan jurisdiction in 1105; not made suffragan to Santiago until 1851", "Source": null, "Latitude": "43.36", "NoKnownText": null, "Circa": null, "Province": "[Holy See]", "RegnalEnd": "1389", "Fragment": null, "GeneralNotes": null, "ClassificationNotes": null, "TranscriptionNotes": null, "Delegated": null, "Day": "1", "DatingNotes": null, "BiblioRefs": null, "Language": "Old Spanish", "LanguageNotes": null, "CountryModern": "Spain", "SourceOther": null, "OCR": "Yes", "Longitude": "-5.845", "Place": "Oviedo", "IssuingAuthorityAlt": null, "EditionOther": null, "Classification": "Diocesan", "Diocese": "Oviedo", "RecordID": "619", "Month": "5", "Edition": "Synodicon Hispanum, III, pp413-415", "BaseText": ["Library Scan", "Hard Copy Scan"], "IssuingAuthority": "Gutierre G\u00f3mez de Toledo", "Year": "1378", "RegnalStart": "1377"}