{"TextNeeded": null, "SourceNotes": null, "Transcription": "Reviewed ", "PlaceNotes": null, "Source": null, "Latitude": "46.951667", "NoKnownText": null, "Circa": null, "Province": "Lyons", "RegnalEnd": "1308", "Fragment": null, "GeneralNotes": null, "ClassificationNotes": null, "TranscriptionNotes": null, "Delegated": null, "Day": "11", "DatingNotes": null, "BiblioRefs": null, "Language": "Latin", "LanguageNotes": null, "CountryModern": "France", "SourceOther": null, "OCR": null, "Longitude": "4.299444", "Place": "Autun", "IssuingAuthorityAlt": null, "EditionOther": null, "Classification": "Diocesan", "Diocese": "Autun", "RecordID": "141", "Month": "11", "Edition": "Martene, Thes, IV, coll. 490-91", "BaseText": ["GoogleBooks", "Data Capture"], "IssuingAuthority": "Barthelemy", "Year": "1300", "RegnalStart": "1298"}