{"TextNeeded": null, "SourceNotes": null, "Transcription": "Completed", "PlaceNotes": null, "Source": null, "Latitude": "43.1836", "NoKnownText": null, "Circa": "Yes", "Province": "Narbonne", "RegnalEnd": "1261", "Fragment": null, "GeneralNotes": null, "ClassificationNotes": null, "TranscriptionNotes": null, "Delegated": null, "Day": null, "DatingNotes": "1259x1261", "BiblioRefs": null, "Language": "Latin", "LanguageNotes": null, "CountryModern": "France", "SourceOther": null, "OCR": "Yes", "Longitude": "3.0042", "Place": "Narbonne", "IssuingAuthorityAlt": null, "EditionOther": null, "Classification": "Diocesan", "Diocese": "Narbonne", "RecordID": "1130", "Month": null, "Edition": "Avril, Statuts, 6, 394-95", "BaseText": "Hard Copy Scan", "IssuingAuthority": "Guy de Foulques", "Year": "1260", "RegnalStart": "1259"}