{"TextNeeded": null, "SourceNotes": "Salsotto edition mistakenly attributes these to Gerardo da Sesso for diocese of Novara; for clarification, see Olivieri, Note sulla tradizione sinodale, n. 26", "Transcription": "Completed", "PlaceNotes": "for all of Lombardy", "Source": null, "Latitude": "45.316667", "NoKnownText": null, "Circa": "Yes", "Province": "Milan", "RegnalEnd": null, "Fragment": null, "GeneralNotes": null, "ClassificationNotes": null, "TranscriptionNotes": null, "Delegated": null, "Day": null, "DatingNotes": "1227x1237; Maccarrone, Cura animarum, 321, opts for 1228; Benvenuti opts for 1237, Mansi opts for 1227", "BiblioRefs": null, "Language": "Latin", "LanguageNotes": null, "CountryModern": "Italy", "SourceOther": null, "OCR": "Yes", "Longitude": "9.5", "Place": "Lodi", "IssuingAuthorityAlt": null, "EditionOther": "Mansi, 24, coll. 871-886; Muratori, RIS, 8 (cols. 1053-1068)", "Classification": "Legatine", "Diocese": "Lodi", "RecordID": "1822", "Month": null, "Edition": "Salsotto, Per la storia della chiesa novarese, pp32-33", "BaseText": ["Library Scan", "Hard Copy Scan"], "IssuingAuthority": "Goffredo, card. San Marco", "Year": "1230", "RegnalStart": null}