{"TextNeeded": null, "SourceNotes": null, "Transcription": "Reviewed ", "PlaceNotes": null, "Source": null, "Latitude": "43.6767", "NoKnownText": null, "Circa": null, "Province": "Arles", "RegnalEnd": null, "Fragment": null, "GeneralNotes": "Note at end of MS: \"Precedentia statuta, excepto statuto de usuris judeorum, fuerunt renovata [a] predicto domino Johanne, in concilio Arelatensi, anno Domini M.CC.XXX.VI, scilicet iii. ydus novembris.\" [i.e. all statutes reconfirmed in council of 1236 **except those concerning the Jews]", "ClassificationNotes": null, "TranscriptionNotes": null, "Delegated": null, "Day": "10", "DatingNotes": null, "BiblioRefs": null, "Language": "Latin", "LanguageNotes": null, "CountryModern": "France", "SourceOther": null, "OCR": null, "Longitude": "4.6278", "Place": "Arles", "IssuingAuthorityAlt": null, "EditionOther": "Mansi, 23, cols. 335-342", "Classification": "Provincial", "Diocese": "Arles", "RecordID": "1906", "Month": "7", "Edition": "Gallia christiana novissima, Arles, cols. 382-85, no. 988", "BaseText": ["GoogleBooks", "WebDownload"], "IssuingAuthority": null, "Year": "1234", "RegnalStart": null}