{"TextNeeded": null, "SourceNotes": null, "Transcription": "Reviewed ", "PlaceNotes": null, "Source": null, "Latitude": "51.507222", "NoKnownText": null, "Circa": "Yes", "Province": "Canterbury", "RegnalEnd": null, "Fragment": null, "GeneralNotes": null, "ClassificationNotes": "Statutes for archdeaconry of London; not issued in a synod", "TranscriptionNotes": null, "Delegated": null, "Day": null, "DatingNotes": "c. 1229x1241", "BiblioRefs": null, "Language": "Latin", "LanguageNotes": null, "CountryModern": "England", "SourceOther": null, "OCR": null, "Longitude": "-0.1275", "Place": "London", "IssuingAuthorityAlt": null, "EditionOther": null, "Classification": "Other", "Diocese": "London", "RecordID": "1757", "Month": null, "Edition": "Powicke & Cheney I, 328", "BaseText": "Data Capture", "IssuingAuthority": "Roger Niger", "Year": "1235", "RegnalStart": null}