{"TextNeeded": null, "SourceNotes": null, "Transcription": "Completed", "PlaceNotes": null, "Source": null, "Latitude": "40.961612", "NoKnownText": null, "Circa": null, "Province": "Santiago", "RegnalEnd": "1407", "Fragment": null, "GeneralNotes": null, "ClassificationNotes": null, "TranscriptionNotes": null, "Delegated": null, "Day": "30", "DatingNotes": null, "BiblioRefs": null, "Language": "Old Spanish", "LanguageNotes": null, "CountryModern": "Spain", "SourceOther": null, "OCR": "Yes", "Longitude": "-5.667607", "Place": "Salamanca", "IssuingAuthorityAlt": null, "EditionOther": null, "Classification": "Diocesan", "Diocese": "Salamanca", "RecordID": "625", "Month": "1", "Edition": "Synodicon Hispanum, IV, pp23-48", "BaseText": ["Library Scan", "Hard Copy Scan"], "IssuingAuthority": "Diego de Anaya y Maldonado", "Year": "1396", "RegnalStart": "1392"}