{"TextNeeded": null, "SourceNotes": null, "Transcription": "Reviewed ", "PlaceNotes": null, "Source": null, "Latitude": "43.837778", "NoKnownText": null, "Circa": null, "Province": "Narbonne", "RegnalEnd": null, "Fragment": null, "GeneralNotes": ["Pierre de Sampson composed statutes for Nimes in 1252, upon request of Raymond Amaury, bishop of Nimes", "soon adopted in Arles, B\u00e9ziers, Frejus, Lod\u00e8ve, Urz\u00e8s, and became influential across Europe (cf. copy in Wroclaw MS; Sawicki X, 504-41)"], "ClassificationNotes": null, "TranscriptionNotes": null, "Delegated": null, "Day": null, "DatingNotes": null, "BiblioRefs": null, "Language": "Latin", "LanguageNotes": null, "CountryModern": "France", "SourceOther": null, "OCR": "Yes", "Longitude": "4.360833", "Place": "Nimes", "IssuingAuthorityAlt": null, "EditionOther": null, "Classification": "Diocesan", "Diocese": "Nimes", "RecordID": "49", "Month": null, "Edition": "Pontal, II, 264-453", "BaseText": ["GoogleBooks", "WebDownload"], "IssuingAuthority": null, "Year": "1252", "RegnalStart": null}