{"TextNeeded": null, "SourceNotes": null, "Transcription": "Reviewed ", "PlaceNotes": null, "Source": null, "Latitude": "51.5152", "NoKnownText": null, "Circa": null, "Province": "Canterbury", "RegnalEnd": null, "Fragment": null, "GeneralNotes": "Mandate against sorcerors", "ClassificationNotes": "Episcopal mandate, not issued in synod", "TranscriptionNotes": null, "Delegated": null, "Day": "8", "DatingNotes": null, "BiblioRefs": null, "Language": "Latin", "LanguageNotes": null, "CountryModern": "England", "SourceOther": null, "OCR": null, "Longitude": "-0.0462", "Place": "Stepney", "IssuingAuthorityAlt": null, "EditionOther": null, "Classification": "Diocesan", "Diocese": "London", "RecordID": "1526", "Month": "8", "Edition": "Powicke & Cheney II, 1349-50", "BaseText": "Data Capture", "IssuingAuthority": "Ralph Baldock", "Year": "1311", "RegnalStart": null}