{"TextNeeded": null, "SourceNotes": null, "Transcription": "Reviewed ", "PlaceNotes": null, "Source": null, "Latitude": "42.605556", "NoKnownText": null, "Circa": null, "Province": "Santiago", "RegnalEnd": "1313", "Fragment": null, "GeneralNotes": null, "ClassificationNotes": null, "TranscriptionNotes": null, "Delegated": null, "Day": "22", "DatingNotes": null, "BiblioRefs": null, "Language": "Old Spanish", "LanguageNotes": "Rubrics in Latin", "CountryModern": "Spain", "SourceOther": null, "OCR": "Yes", "Longitude": "-5.57", "Place": "Le\u00f3n", "IssuingAuthorityAlt": null, "EditionOther": null, "Classification": "Diocesan", "Diocese": "Le\u00f3n", "RecordID": "614", "Month": "4", "Edition": "Synodicon Hispanum, III, pp260-281", "BaseText": ["Library Scan", "Hard Copy Scan"], "IssuingAuthority": "Gonzalo Osorio", "Year": "1303", "RegnalStart": "1301"}