{"TextNeeded": null, "SourceNotes": null, "Transcription": "Reviewed ", "PlaceNotes": null, "Source": null, "Latitude": "45.066667", "NoKnownText": null, "Circa": null, "Province": "Milan", "RegnalEnd": "1294", "Fragment": null, "GeneralNotes": null, "ClassificationNotes": null, "TranscriptionNotes": null, "Delegated": null, "Day": "16", "DatingNotes": null, "BiblioRefs": null, "Language": "Latin", "LanguageNotes": null, "CountryModern": "Italy", "SourceOther": null, "OCR": "Yes", "Longitude": "7.7", "Place": "Turin", "IssuingAuthorityAlt": null, "EditionOther": null, "Classification": "Diocesan", "Diocese": "Turin", "RecordID": "198", "Month": "5", "Edition": "Briacca, Decreti sinodali Torinesi, 153-56", "BaseText": ["Library Scan", "Hard Copy Scan"], "IssuingAuthority": "Goffredo di Montanaro", "Year": "1286", "RegnalStart": "1264"}