{"TextNeeded": null, "SourceNotes": "https://books.google.com/books?id=dow-AAAAcAAJ", "Transcription": "Completed", "PlaceNotes": null, "Source": null, "Latitude": "49.7596", "NoKnownText": null, "Circa": null, "Province": "Trier", "RegnalEnd": "1354", "Fragment": null, "GeneralNotes": "concerning exactions and dues for investiture", "ClassificationNotes": "Archepiscopal decree", "TranscriptionNotes": null, "Delegated": null, "Day": "10", "DatingNotes": null, "BiblioRefs": null, "Language": "Latin", "LanguageNotes": null, "CountryModern": "Germany", "SourceOther": null, "OCR": "Yes", "Longitude": "6.6439", "Place": "Trier", "IssuingAuthorityAlt": null, "EditionOther": null, "Classification": "Other", "Diocese": "Trier", "RecordID": "1784", "Month": "10", "Edition": "Blattau, Statuta synodalia, I, 193-94", "BaseText": ["GoogleBooks", "WebDownload"], "IssuingAuthority": "Baldwin of Luxembourg", "Year": "1344", "RegnalStart": "1307"}