{"TextNeeded": null, "SourceNotes": null, "Transcription": "Completed", "PlaceNotes": null, "Source": null, "Latitude": "50.175579", "NoKnownText": null, "Circa": null, "Province": "Reims", "RegnalEnd": null, "Fragment": null, "GeneralNotes": null, "ClassificationNotes": "Episcopal mandate", "TranscriptionNotes": null, "Delegated": null, "Day": "24", "DatingNotes": "Month uncertain", "BiblioRefs": null, "Language": "Latin", "LanguageNotes": null, "CountryModern": "Belgium", "SourceOther": null, "OCR": "Yes", "Longitude": "3.2345", "Place": "Cambrai", "IssuingAuthorityAlt": null, "EditionOther": null, "Classification": "Other", "Diocese": "Cambrai", "RecordID": "2156", "Month": "5", "Edition": "Reusens, Statuta, 108-9", "BaseText": ["GoogleBooks", "Library Scan", "WebDownload"], "IssuingAuthority": null, "Year": "1356", "RegnalStart": null}