{"TextNeeded": null, "SourceNotes": null, "Transcription": "Completed", "PlaceNotes": null, "Source": null, "Latitude": "45.416667", "NoKnownText": null, "Circa": null, "Province": "Aquileia", "RegnalEnd": "1447", "Fragment": null, "GeneralNotes": "additions to earlier Liber Synodalis of 1433", "ClassificationNotes": null, "TranscriptionNotes": null, "Delegated": null, "Day": null, "DatingNotes": null, "BiblioRefs": null, "Language": "Latin", "LanguageNotes": null, "CountryModern": "Italy", "SourceOther": null, "OCR": "Yes", "Longitude": "11.866667", "Place": "Padua", "IssuingAuthorityAlt": null, "EditionOther": null, "Classification": "Diocesan", "Diocese": "Padua", "RecordID": "1845", "Month": null, "Edition": "Ceccon, Sinodi diocesane, pp239-241", "BaseText": ["GoogleBooks", "WebDownload"], "IssuingAuthority": "Pietro Dona'", "Year": "1447", "RegnalStart": "1428"}