{"TextNeeded": null, "SourceNotes": null, "Transcription": "Reviewed ", "PlaceNotes": null, "Source": null, "Latitude": "40.633333", "NoKnownText": null, "Circa": null, "Province": "Amalfi", "RegnalEnd": null, "Fragment": null, "GeneralNotes": "held by papal nuncios to secure funding for crusades and war against Venice. no general matters discussed. similar councils held in all of the other provinces of southern Italy.", "ClassificationNotes": null, "TranscriptionNotes": null, "Delegated": null, "Day": "18", "DatingNotes": null, "BiblioRefs": null, "Language": "Latin", "LanguageNotes": null, "CountryModern": "Italy", "SourceOther": null, "OCR": null, "Longitude": "14.6", "Place": "Amalfi", "IssuingAuthorityAlt": null, "EditionOther": null, "Classification": "Legatine", "Diocese": "Amalfi", "RecordID": "263", "Month": "2", "Edition": "Criscuolo, sinodo provinciale, 15-20", "BaseText": "Hard Copy Scan", "IssuingAuthority": null, "Year": "1310", "RegnalStart": null}