{"TextNeeded": null, "SourceNotes": null, "Transcription": "Reviewed ", "PlaceNotes": null, "Source": null, "Latitude": "54.3499", "NoKnownText": null, "Circa": null, "Province": "Armagh", "RegnalEnd": "1513", "Fragment": "Yes", "GeneralNotes": null, "ClassificationNotes": null, "TranscriptionNotes": null, "Delegated": null, "Day": "29", "DatingNotes": null, "BiblioRefs": null, "Language": "Latin", "LanguageNotes": null, "CountryModern": "Ireland", "SourceOther": null, "OCR": null, "Longitude": "-6.6546", "Place": "Armagh", "IssuingAuthorityAlt": null, "EditionOther": null, "Classification": "Provincial", "Diocese": "Armagh", "RecordID": "1448", "Month": "10", "Edition": "Records of Convocation 16, p287", "BaseText": ["Library Scan", "Hard Copy Scan"], "IssuingAuthority": "Ottaviano del Palatio", "Year": "1479", "RegnalStart": "1478"}