{"TextNeeded": null, "SourceNotes": "https://books.google.com/books?id=L9U-AAAAcAAJ", "Transcription": "Completed", "PlaceNotes": null, "Source": "Paris BnF lat 1598, fols. 1-48", "Latitude": "49.26278", "NoKnownText": null, "Circa": "Yes", "Province": "Reims", "RegnalEnd": null, "Fragment": null, "GeneralNotes": "Divided into fourteen sections", "ClassificationNotes": null, "TranscriptionNotes": "p564 includes refs to earlier texts; add these in later", "Delegated": null, "Day": null, "DatingNotes": "1328x1330 ", "BiblioRefs": null, "Language": "Latin", "LanguageNotes": null, "CountryModern": "France", "SourceOther": null, "OCR": "Yes", "Longitude": "4.03472", "Place": "Reims", "IssuingAuthorityAlt": null, "EditionOther": null, "Classification": "Provincial", "Diocese": "Reims", "RecordID": "222", "Month": null, "Edition": "Gousset, APER II, 534-75", "BaseText": ["WebDownload", "Digital MS"], "IssuingAuthority": "Guillaume de Triechal", "Year": "1329", "RegnalStart": null}