{"TextNeeded": null, "SourceNotes": null, "Transcription": "Reviewed ", "PlaceNotes": null, "Source": null, "Latitude": "43.7592", "NoKnownText": null, "Circa": "Yes", "Province": "Auch", "RegnalEnd": null, "Fragment": null, "GeneralNotes": "Much uncertainty surrounding these statutes (which may be compilation including texts from 1300, 1303, 1326).", "ClassificationNotes": null, "TranscriptionNotes": null, "Delegated": null, "Day": "2", "DatingNotes": "dating not certain, according to Kay, Making of Statutes, 220", "BiblioRefs": null, "Language": "Latin", "LanguageNotes": null, "CountryModern": "France", "SourceOther": null, "OCR": null, "Longitude": "-0.0328", "Place": "Nogaro", "IssuingAuthorityAlt": null, "EditionOther": null, "Classification": "Provincial", "Diocese": null, "RecordID": "327", "Month": "12", "Edition": "Mansi 25, col 111-16", "BaseText": ["GoogleBooks", "Data Capture"], "IssuingAuthority": "Armanieu II d'Armagnac", "Year": "1303", "RegnalStart": null}