{"TextNeeded": null, "SourceNotes": "https://books.google.com/books?id=f6lFAAAAcAAJ", "Transcription": "Reviewed ", "PlaceNotes": null, "Source": null, "Latitude": "60.389444", "NoKnownText": null, "Circa": null, "Province": "Nidaros", "RegnalEnd": "1332", "Fragment": null, "GeneralNotes": null, "ClassificationNotes": null, "TranscriptionNotes": null, "Delegated": null, "Day": null, "DatingNotes": null, "BiblioRefs": null, "Language": "Old Norse", "LanguageNotes": null, "CountryModern": "Norway", "SourceOther": null, "OCR": null, "Longitude": "5.33", "Place": "Bergen", "IssuingAuthorityAlt": "Eilif", "EditionOther": null, "Classification": "Provincial", "Diocese": "Bergen", "RecordID": "1740", "Month": null, "Edition": "Norges gamle love III, pp246-48", "BaseText": ["GoogleBooks", "WebDownload"], "IssuingAuthority": "Eiliv", "Year": "1320", "RegnalStart": "1311"}