{"TextNeeded": null, "SourceNotes": "https://books.google.com/books?id=WaZBAAAAYAAJ", "Transcription": "Reviewed ", "PlaceNotes": null, "Source": null, "Latitude": "58.4", "NoKnownText": null, "Circa": "Yes", "Province": "Uppsala", "RegnalEnd": "1391", "Fragment": null, "GeneralNotes": null, "ClassificationNotes": "addressed to the provost of Sk\u00e4nninge ", "TranscriptionNotes": "check Diplomatium Fennicum for transcription", "Delegated": null, "Day": null, "DatingNotes": "1374x1391; dating and attribution uncertain", "BiblioRefs": null, "Language": "Latin", "LanguageNotes": null, "CountryModern": "Sweden", "SourceOther": null, "OCR": "Yes", "Longitude": "15.083333", "Place": "Sk\u00e4nninge ", "IssuingAuthorityAlt": "Nicolaus Hermannus", "EditionOther": null, "Classification": "Other", "Diocese": "Link\u00f6ping", "RecordID": "1957", "Month": null, "Edition": "Reuterdahl, Statuta synodalia, pp72-74", "BaseText": ["GoogleBooks", "WebDownload"], "IssuingAuthority": "Nils Hermansson", "Year": "1380", "RegnalStart": "1374"}