{"TextNeeded": null, "SourceNotes": null, "Transcription": "Completed", "PlaceNotes": null, "Source": null, "Latitude": "40.812778", "NoKnownText": null, "Circa": null, "Province": "Tarragona", "RegnalEnd": "1379", "Fragment": null, "GeneralNotes": null, "ClassificationNotes": null, "TranscriptionNotes": null, "Delegated": null, "Day": "4", "DatingNotes": null, "BiblioRefs": null, "Language": "Latin", "LanguageNotes": null, "CountryModern": "Spain", "SourceOther": null, "OCR": "Yes", "Longitude": "0.523333", "Place": "Tortosa", "IssuingAuthorityAlt": null, "EditionOther": null, "Classification": "Diocesan", "Diocese": "Tortosa", "RecordID": "873", "Month": "5", "Edition": "Synodicon Hispanum, XII, 663-68", "BaseText": ["Library Scan", "Hard Copy Scan"], "IssuingAuthority": "Guillem de Torrelles", "Year": "1378", "RegnalStart": "1369"}