{"TextNeeded": null, "SourceNotes": null, "Transcription": "Reviewed ", "PlaceNotes": null, "Source": null, "Latitude": "48.24754", "NoKnownText": null, "Circa": null, "Province": "Sens", "RegnalEnd": null, "Fragment": null, "GeneralNotes": null, "ClassificationNotes": null, "TranscriptionNotes": null, "Delegated": null, "Day": null, "DatingNotes": "Mansi gives 1346; Leinweber gives 1347", "BiblioRefs": null, "Language": "Latin", "LanguageNotes": null, "CountryModern": "France", "SourceOther": null, "OCR": null, "Longitude": "3.287659", "Place": "Paris", "IssuingAuthorityAlt": null, "EditionOther": null, "Classification": "Provincial", "Diocese": "Paris", "RecordID": "357", "Month": null, "Edition": "Mansi 26, col 15-24", "BaseText": ["GoogleBooks", "Data Capture"], "IssuingAuthority": null, "Year": "1347", "RegnalStart": null}