{"TextNeeded": null, "SourceNotes": "https://books.google.com/books?id=FRtUAAAAcAAJ", "Transcription": "Reviewed ", "PlaceNotes": null, "Source": null, "Latitude": "51.38", "NoKnownText": null, "Circa": null, "Province": "Canterbury", "RegnalEnd": "1363", "Fragment": null, "GeneralNotes": null, "ClassificationNotes": null, "TranscriptionNotes": null, "Delegated": null, "Day": null, "DatingNotes": null, "BiblioRefs": null, "Language": "Latin", "LanguageNotes": null, "CountryModern": "England", "SourceOther": null, "OCR": null, "Longitude": "-2.36", "Place": "Bath", "IssuingAuthorityAlt": null, "EditionOther": null, "Classification": "Diocesan", "Diocese": "Bath and Wells", "RecordID": "783", "Month": null, "Edition": "Wilkins II, 735-738", "BaseText": ["GoogleBooks", "Data Capture"], "IssuingAuthority": "Ralph of Shrewsbury", "Year": "1347", "RegnalStart": "1329"}