{"TextNeeded": null, "SourceNotes": null, "Transcription": "Reviewed ", "PlaceNotes": null, "Source": null, "Latitude": "51.074", "NoKnownText": null, "Circa": "Yes", "Province": "Canterbury", "RegnalEnd": null, "Fragment": null, "GeneralNotes": null, "ClassificationNotes": null, "TranscriptionNotes": null, "Delegated": null, "Day": null, "DatingNotes": "with later additions", "BiblioRefs": null, "Language": "Latin", "LanguageNotes": null, "CountryModern": "England", "SourceOther": null, "OCR": null, "Longitude": "-1.7936", "Place": "Salisbury", "IssuingAuthorityAlt": null, "EditionOther": null, "Classification": "Diocesan", "Diocese": "Salisbury", "RecordID": "1511", "Month": null, "Edition": "Powicke & Cheney, I, 549-67", "BaseText": "Data Capture", "IssuingAuthority": "Giles of Bridport", "Year": "1257", "RegnalStart": null}