{"TextNeeded": null, "SourceNotes": null, "Transcription": "Reviewed ", "PlaceNotes": null, "Source": null, "Latitude": "47.393611", "NoKnownText": null, "Circa": null, "Province": "Tours", "RegnalEnd": "1245", "Fragment": null, "GeneralNotes": null, "ClassificationNotes": null, "TranscriptionNotes": null, "Delegated": null, "Day": null, "DatingNotes": null, "BiblioRefs": null, "Language": "Latin", "LanguageNotes": null, "CountryModern": "France", "SourceOther": null, "OCR": "Yes", "Longitude": "0.689167", "Place": "Tours", "IssuingAuthorityAlt": "Juhellus", "EditionOther": null, "Classification": "Provincial", "Diocese": "Tours", "RecordID": "1300", "Month": null, "Edition": "Avril, Tours, 170-76", "BaseText": "Hard Copy Scan", "IssuingAuthority": "Juhel de Mathefelon", "Year": "1239", "RegnalStart": "1229"}