{"TextNeeded": null, "SourceNotes": null, "Transcription": "Reviewed ", "PlaceNotes": "Zaragoza elevated to metropolitanate in 1318", "Source": null, "Latitude": "42.35", "NoKnownText": null, "Circa": null, "Province": "Zaragoza", "RegnalEnd": null, "Fragment": null, "GeneralNotes": null, "ClassificationNotes": "Capitular Constitution", "TranscriptionNotes": null, "Delegated": null, "Day": "19", "DatingNotes": null, "BiblioRefs": null, "Language": "Old Spanish", "LanguageNotes": null, "CountryModern": "Spain", "SourceOther": null, "OCR": "Yes", "Longitude": "-3.7", "Place": "Burgos", "IssuingAuthorityAlt": null, "EditionOther": null, "Classification": "Other", "Diocese": "Burgos", "RecordID": "631", "Month": "8", "Edition": "Synodicon Hispanum, VII, pp14-16", "BaseText": ["Library Scan", "Hard Copy Scan"], "IssuingAuthority": "Gonzalo de Hinojosa,", "Year": "1323", "RegnalStart": null}