{"TextNeeded": null, "SourceNotes": null, "Transcription": "Completed", "PlaceNotes": null, "Source": null, "Latitude": "38.878889", "NoKnownText": null, "Circa": "Yes", "Province": "Seville", "RegnalEnd": "1264", "Fragment": null, "GeneralNotes": null, "ClassificationNotes": null, "TranscriptionNotes": null, "Delegated": null, "Day": "22", "DatingNotes": "dating uncertain", "BiblioRefs": null, "Language": "Old Spanish", "LanguageNotes": null, "CountryModern": "Spain", "SourceOther": null, "OCR": "Yes", "Longitude": "-6.966944", "Place": "Badajoz", "IssuingAuthorityAlt": null, "EditionOther": null, "Classification": "Diocesan", "Diocese": "Badajoz", "RecordID": "627", "Month": "3", "Edition": "Synodicon Hispanum, V, pp9-14", "BaseText": ["Library Scan", "Hard Copy Scan"], "IssuingAuthority": "Pedro P\u00e9rez", "Year": "1255", "RegnalStart": "1255"}