{"TextNeeded": null, "SourceNotes": "http://gallica.bnf.fr/ark:/12148/bpt6k941738/f243.image", "Transcription": "Completed", "PlaceNotes": null, "Source": null, "Latitude": "43.6767", "NoKnownText": null, "Circa": "Yes", "Province": "Arles", "RegnalEnd": "1266", "Fragment": null, "GeneralNotes": "12 canons", "ClassificationNotes": null, "TranscriptionNotes": null, "Delegated": null, "Day": null, "DatingNotes": "Mansi gives 1260; Albanes does not give precise date; dating from Palazzini", "BiblioRefs": "Palazzini, Dizionario, 90-91", "Language": "Latin", "LanguageNotes": null, "CountryModern": "France", "SourceOther": null, "OCR": "Yes", "Longitude": "4.6278", "Place": "Arles", "IssuingAuthorityAlt": null, "EditionOther": "Mansi 23, cols 1001-12", "Classification": "Provincial", "Diocese": "Arles", "RecordID": "1993", "Month": null, "Edition": "Albanes, Gallia christiana novissima, III, coll 477-84 (n1233)", "BaseText": "WebDownload", "IssuingAuthority": "Florent", "Year": "1263", "RegnalStart": "1262"}