{"TextNeeded": null, "SourceNotes": "https://books.google.com/books?id=Ov8PAAAAYAAJ", "Transcription": "Completed", "PlaceNotes": null, "Source": "Geneva, AE, MS hist 47, f\u00b0164-166v", "Latitude": "46.2", "NoKnownText": null, "Circa": null, "Province": "Vienne", "RegnalEnd": "1408", "Fragment": null, "GeneralNotes": "Summary of topics in Binz, Vie religieuse, 174-75", "ClassificationNotes": null, "TranscriptionNotes": null, "Delegated": null, "Day": null, "DatingNotes": null, "BiblioRefs": null, "Language": "Latin", "LanguageNotes": null, "CountryModern": "Switzerland", "SourceOther": null, "OCR": null, "Longitude": "6.15", "Place": "Geneva", "IssuingAuthorityAlt": null, "EditionOther": null, "Classification": "Diocesan", "Diocese": "Geneva", "RecordID": "1061", "Month": null, "Edition": "Fleury, HIstoire de l'Eglise de Geneve, I, 440-41", "BaseText": ["GoogleBooks", "WebDownload", "Digital MS"], "IssuingAuthority": "Guillaume de Lornay", "Year": "1394", "RegnalStart": "1388"}