{"TextNeeded": null, "SourceNotes": null, "Transcription": "Reviewed ", "PlaceNotes": "Diocese renamed Diocese of Bath in 1219", "Source": null, "Latitude": "51.3815", "NoKnownText": null, "Circa": null, "Province": "Canterbury", "RegnalEnd": "1242", "Fragment": null, "GeneralNotes": "concerning sequestration of vacant churches", "ClassificationNotes": null, "TranscriptionNotes": null, "Delegated": null, "Day": "11", "DatingNotes": null, "BiblioRefs": null, "Language": "Latin", "LanguageNotes": null, "CountryModern": "England", "SourceOther": null, "OCR": null, "Longitude": "-2.3587", "Place": "Bath", "IssuingAuthorityAlt": "Jocelinus Thoteman", "EditionOther": null, "Classification": "Diocesan", "Diocese": "Bath and Glastonbury", "RecordID": "1479", "Month": "7", "Edition": "Powicke & Cheney I, 44-46", "BaseText": "Data Capture", "IssuingAuthority": "Jocelin of Wells", "Year": "1215", "RegnalStart": "1206"}