{"TextNeeded": null, "SourceNotes": null, "Transcription": "Reviewed ", "PlaceNotes": null, "Source": null, "Latitude": "43.347615", "NoKnownText": null, "Circa": null, "Province": "Narbonne", "RegnalEnd": null, "Fragment": null, "GeneralNotes": null, "ClassificationNotes": null, "TranscriptionNotes": null, "Delegated": null, "Day": "29", "DatingNotes": null, "BiblioRefs": null, "Language": "Latin", "LanguageNotes": null, "CountryModern": "France", "SourceOther": null, "OCR": null, "Longitude": "3.218991", "Place": "B\u00e9ziers", "IssuingAuthorityAlt": null, "EditionOther": null, "Classification": "Provincial", "Diocese": "B\u00e9ziers", "RecordID": "317", "Month": "10", "Edition": "Martene, Thes, IV, 225-228", "BaseText": ["GoogleBooks", "Data Capture"], "IssuingAuthority": null, "Year": "1299", "RegnalStart": null}