{"TextNeeded": null, "SourceNotes": null, "Transcription": "Reviewed ", "PlaceNotes": null, "Source": null, "Latitude": "47.21806", "NoKnownText": null, "Circa": null, "Province": "Tours", "RegnalEnd": "1419", "Fragment": null, "GeneralNotes": null, "ClassificationNotes": null, "TranscriptionNotes": null, "Delegated": null, "Day": "30", "DatingNotes": null, "BiblioRefs": null, "Language": "Latin", "LanguageNotes": null, "CountryModern": "France", "SourceOther": null, "OCR": null, "Longitude": "-1.55278", "Place": "Nantes", "IssuingAuthorityAlt": null, "EditionOther": null, "Classification": "Diocesan", "Diocese": "Nantes", "RecordID": "1111", "Month": "5", "Edition": "Martene, Thes, IV, col 1002-3", "BaseText": ["GoogleBooks", "Data Capture"], "IssuingAuthority": "Henri le Barbu", "Year": "1409", "RegnalStart": "1404"}