{"TextNeeded": null, "SourceNotes": "[MF 2267] [R 62981] [downloaded from BnF]", "Transcription": "Completed", "PlaceNotes": null, "Source": "Paris BnF lat 1613, fol 51v-53r", "Latitude": "43.21306", "NoKnownText": null, "Circa": null, "Province": "Narbonne", "RegnalEnd": null, "Fragment": null, "GeneralNotes": null, "ClassificationNotes": null, "TranscriptionNotes": null, "Delegated": null, "Day": null, "DatingNotes": null, "BiblioRefs": null, "Language": "Latin", "LanguageNotes": null, "CountryModern": "France", "SourceOther": "Vatican BAV Vat Lat 9868, f. 283rv (partial)", "OCR": null, "Longitude": "2.352028", "Place": "Carcassonne", "IssuingAuthorityAlt": null, "EditionOther": null, "Classification": "Diocesan", "Diocese": "Carcassonne", "RecordID": "788", "Month": null, "Edition": null, "BaseText": "Digital MS", "IssuingAuthority": null, "Year": "1303", "RegnalStart": null}