{"TextNeeded": null, "SourceNotes": null, "Transcription": "Completed", "PlaceNotes": null, "Source": null, "Latitude": "40.466667", "NoKnownText": null, "Circa": null, "Province": "Toledo", "RegnalEnd": null, "Fragment": null, "GeneralNotes": null, "ClassificationNotes": null, "TranscriptionNotes": null, "Delegated": null, "Day": "11", "DatingNotes": null, "BiblioRefs": null, "Language": "Latin", "LanguageNotes": null, "CountryModern": "Spain", "SourceOther": null, "OCR": "Yes", "Longitude": "-3.366667", "Place": "Alcal\u00e1 de Henares", "IssuingAuthorityAlt": null, "EditionOther": "Sanchez Herrero, Concilios y sinodos Toledanos,189-90", "Classification": "Diocesan", "Diocese": "Toledo", "RecordID": "649", "Month": "11", "Edition": "Synodicon Hispanum, X, 545-547", "BaseText": ["Library Scan", "Hard Copy Scan"], "IssuingAuthority": "Juan de Arag\u00f3n", "Year": "1325", "RegnalStart": null}