{"TextNeeded": null, "SourceNotes": null, "Transcription": "Reviewed ", "PlaceNotes": null, "Source": null, "Latitude": "54.3499", "NoKnownText": null, "Circa": "Yes", "Province": "Armagh", "RegnalEnd": null, "Fragment": null, "GeneralNotes": null, "ClassificationNotes": null, "TranscriptionNotes": null, "Delegated": null, "Day": null, "DatingNotes": "1418x1439 (issued by Archbishop John Swayne)", "BiblioRefs": null, "Language": "Latin", "LanguageNotes": null, "CountryModern": "Ireland", "SourceOther": null, "OCR": null, "Longitude": "-6.6546", "Place": "Armagh", "IssuingAuthorityAlt": null, "EditionOther": null, "Classification": "Provincial", "Diocese": "Armagh", "RecordID": "1445", "Month": null, "Edition": "Records of Convocation 16, pp250-51", "BaseText": ["Library Scan", "Hard Copy Scan"], "IssuingAuthority": null, "Year": "1430", "RegnalStart": null}