{"TextNeeded": null, "SourceNotes": null, "Transcription": "Reviewed ", "PlaceNotes": null, "Source": null, "Latitude": "45.433333", "NoKnownText": null, "Circa": null, "Province": "Aquileia", "RegnalEnd": "1214", "Fragment": null, "GeneralNotes": null, "ClassificationNotes": "Acta giving summary of diocesan statutes issued at synod, rather than statutes proper", "TranscriptionNotes": null, "Delegated": null, "Day": "1", "DatingNotes": null, "BiblioRefs": null, "Language": "Latin", "LanguageNotes": null, "CountryModern": "Italy", "SourceOther": null, "OCR": null, "Longitude": "10.983333", "Place": "Verona", "IssuingAuthorityAlt": null, "EditionOther": null, "Classification": "Other", "Diocese": "Verona", "RecordID": "1839", "Month": "9", "Edition": "Bellotti, RIcerche intorno alle costituzioni, 51-52", "BaseText": ["Library Scan", "Hard Copy Scan"], "IssuingAuthority": "Adelardo II", "Year": "1192", "RegnalStart": "1188"}