{"TextNeeded": null, "SourceNotes": "https://books.google.com/books?id=FRtUAAAAcAAJ", "Transcription": "Reviewed ", "PlaceNotes": null, "Source": null, "Latitude": "51.38", "NoKnownText": null, "Circa": null, "Province": "Canterbury", "RegnalEnd": "1363", "Fragment": null, "GeneralNotes": null, "ClassificationNotes": "Episcopal Mandate", "TranscriptionNotes": null, "Delegated": null, "Day": null, "DatingNotes": null, "BiblioRefs": null, "Language": "Latin", "LanguageNotes": null, "CountryModern": "England", "SourceOther": null, "OCR": null, "Longitude": "-2.36", "Place": "Bath", "IssuingAuthorityAlt": null, "EditionOther": null, "Classification": "Other", "Diocese": "Bath and Wells", "RecordID": "1662", "Month": null, "Edition": "Wilkins II, 745-46", "BaseText": ["GoogleBooks", "Data Capture"], "IssuingAuthority": "Ralph of Shrewsbury", "Year": "1348", "RegnalStart": "1329"}