{"TextNeeded": null, "SourceNotes": "Photo thanks to Mme. Chantal Ammann", "Transcription": "Completed", "PlaceNotes": null, "Source": "Sion, Arch. du Chapitre cathedral, Valere, Tiroir 3, n. 62, fols. 42rv", "Latitude": "46.2", "NoKnownText": null, "Circa": "Yes", "Province": "Vienne", "RegnalEnd": null, "Fragment": null, "GeneralNotes": null, "ClassificationNotes": null, "TranscriptionNotes": "Transcription needs to be carefully reviewed", "Delegated": null, "Day": null, "DatingNotes": "1367x1377", "BiblioRefs": null, "Language": "Latin", "LanguageNotes": null, "CountryModern": "Switzerland", "SourceOther": null, "OCR": null, "Longitude": "6.15", "Place": "Geneva", "IssuingAuthorityAlt": null, "EditionOther": null, "Classification": "Diocesan", "Diocese": "Geneva", "RecordID": "1059", "Month": null, "Edition": null, "BaseText": "Digital MS", "IssuingAuthority": null, "Year": "1375", "RegnalStart": null}