{"TextNeeded": null, "SourceNotes": null, "Transcription": "Reviewed ", "PlaceNotes": null, "Source": null, "Latitude": "43.95", "NoKnownText": null, "Circa": null, "Province": "Aix-en-Provence", "RegnalEnd": "1348", "Fragment": null, "GeneralNotes": null, "ClassificationNotes": null, "TranscriptionNotes": null, "Delegated": null, "Day": "17", "DatingNotes": null, "BiblioRefs": null, "Language": "Latin", "LanguageNotes": null, "CountryModern": "France", "SourceOther": null, "OCR": null, "Longitude": "4.817", "Place": "Avignon", "IssuingAuthorityAlt": null, "EditionOther": null, "Classification": "Diocesan", "Diocese": "Avignon", "RecordID": "151", "Month": "10", "Edition": "Martene, Thes, IV, cols. 565-68", "BaseText": ["GoogleBooks", "Data Capture"], "IssuingAuthority": "Jean de Cojordan", "Year": "1341", "RegnalStart": "1336"}