{"TextNeeded": null, "SourceNotes": "https://books.google.com/books?id=5lVfAAAAcAAJ", "Transcription": "Completed", "PlaceNotes": null, "Source": null, "Latitude": "43.85", "NoKnownText": null, "Circa": null, "Province": "[Holy See]", "RegnalEnd": null, "Fragment": null, "GeneralNotes": "additions on p115-131, with a brief addition to cautionem formula of cap 85 on p129", "ClassificationNotes": null, "TranscriptionNotes": null, "Delegated": null, "Day": null, "DatingNotes": "or 1352", "BiblioRefs": null, "Language": "Latin", "LanguageNotes": null, "CountryModern": "Italy", "SourceOther": null, "OCR": "Yes", "Longitude": "10.5", "Place": "Lucca", "IssuingAuthorityAlt": null, "EditionOther": null, "Classification": "Diocesan", "Diocese": "Lucca", "RecordID": "269", "Month": null, "Edition": "Dinelli, Sinodi, 67-114", "BaseText": ["GoogleBooks", "WebDownload"], "IssuingAuthority": null, "Year": "1351", "RegnalStart": null}