{"TextNeeded": null, "SourceNotes": "https://books.google.com/books?id=WaZBAAAAYAAJ", "Transcription": "Reviewed ", "PlaceNotes": null, "Source": null, "Latitude": "58.4", "NoKnownText": null, "Circa": null, "Province": "Uppsala", "RegnalEnd": "1391", "Fragment": null, "GeneralNotes": null, "ClassificationNotes": "Episcopal mandate", "TranscriptionNotes": null, "Delegated": null, "Day": "8", "DatingNotes": null, "BiblioRefs": null, "Language": "Latin", "LanguageNotes": null, "CountryModern": "Sweden", "SourceOther": null, "OCR": "Yes", "Longitude": "15.616667", "Place": "Link\u00f6ping", "IssuingAuthorityAlt": "Nicolaus Hermannus", "EditionOther": null, "Classification": "Other", "Diocese": "Link\u00f6ping", "RecordID": "1983", "Month": "11", "Edition": "Reuterdahl, Statuta synodalia, pp71-72", "BaseText": ["GoogleBooks", "WebDownload"], "IssuingAuthority": "Nils Hermansson", "Year": "1385", "RegnalStart": "1374"}