{"TextNeeded": null, "SourceNotes": "https://books.google.com/books?id=dow-AAAAcAAJ", "Transcription": "Completed", "PlaceNotes": null, "Source": null, "Latitude": "49.7596", "NoKnownText": null, "Circa": null, "Province": "Trier", "RegnalEnd": "1354", "Fragment": null, "GeneralNotes": null, "ClassificationNotes": null, "TranscriptionNotes": null, "Delegated": null, "Day": null, "DatingNotes": null, "BiblioRefs": null, "Language": "Latin", "LanguageNotes": null, "CountryModern": "Germany", "SourceOther": null, "OCR": "Yes", "Longitude": "6.6439", "Place": "Trier", "IssuingAuthorityAlt": null, "EditionOther": "Hartzheim IV, 127-65", "Classification": "Provincial", "Diocese": "Trier", "RecordID": "18", "Month": null, "Edition": "Blattau, Statuta synodalia, I, 63-155", "BaseText": ["GoogleBooks", "WebDownload"], "IssuingAuthority": "Baldwin of Luxembourg", "Year": "1310", "RegnalStart": "1307"}