{"TextNeeded": null, "SourceNotes": null, "Transcription": "Reviewed ", "PlaceNotes": null, "Source": null, "Latitude": "50.83652", "NoKnownText": null, "Circa": "Yes", "Province": "Canterbury", "RegnalEnd": null, "Fragment": null, "GeneralNotes": null, "ClassificationNotes": null, "TranscriptionNotes": null, "Delegated": null, "Day": null, "DatingNotes": "1245x1252", "BiblioRefs": null, "Language": "Latin", "LanguageNotes": null, "CountryModern": "England", "SourceOther": null, "OCR": null, "Longitude": "-0.77918", "Place": "Chichester", "IssuingAuthorityAlt": null, "EditionOther": null, "Classification": "Diocesan", "Diocese": "Chichester", "RecordID": "1506", "Month": null, "Edition": "Powicke & Cheney I, 451-67", "BaseText": "Data Capture", "IssuingAuthority": "Richard de Wich", "Year": "1250", "RegnalStart": null}