{"TextNeeded": null, "SourceNotes": null, "Transcription": "Reviewed ", "PlaceNotes": null, "Source": null, "Latitude": "48.24754", "NoKnownText": null, "Circa": null, "Province": "Sens", "RegnalEnd": null, "Fragment": null, "GeneralNotes": null, "ClassificationNotes": null, "TranscriptionNotes": null, "Delegated": null, "Day": null, "DatingNotes": null, "BiblioRefs": null, "Language": "Latin", "LanguageNotes": null, "CountryModern": "France", "SourceOther": null, "OCR": "Yes", "Longitude": "3.287659", "Place": "Paris", "IssuingAuthorityAlt": "Galo", "EditionOther": null, "Classification": "Legatine", "Diocese": "Paris", "RecordID": "1286", "Month": null, "Edition": "Pontal, Statuts synodaux I, 98-99", "BaseText": ["GoogleBooks", "WebDownload"], "IssuingAuthority": "Galone", "Year": "1208", "RegnalStart": null}