{"TextNeeded": null, "SourceNotes": ["http://gallica.bnf.fr/ark:/12148/btv1b9077714v", "https://books.google.com/books?id=0SGIk69vxS0C"], "Transcription": "Reviewed ", "PlaceNotes": null, "Source": "Paris BnF lat 15172, fol.127-51 ", "Latitude": "49.146389", "NoKnownText": null, "Circa": "Yes", "Province": "Rouen", "RegnalEnd": null, "Fragment": null, "GeneralNotes": null, "ClassificationNotes": null, "TranscriptionNotes": "Edition numbering based on place in later statute collection; renumbered sequentially in transcription (with notes indicating edition numbering)", "Delegated": null, "Day": null, "DatingNotes": "bef 1321; included in 1321 statutes", "BiblioRefs": null, "Language": "Latin", "LanguageNotes": null, "CountryModern": "France", "SourceOther": null, "OCR": null, "Longitude": "0.226667", "Place": "Lisieux", "IssuingAuthorityAlt": null, "EditionOther": null, "Classification": "Diocesan", "Diocese": "Lisieux", "RecordID": "244", "Month": null, "Edition": "Bessin, Concilia Rothomagensis, II, 479-80 (incomplete)", "BaseText": ["GoogleBooks", "Digital MS", "Data Capture"], "IssuingAuthority": null, "Year": "1321", "RegnalStart": null}