{"TextNeeded": null, "SourceNotes": null, "Transcription": "Completed", "PlaceNotes": "Zaragoza elevated to metropolitanate in 1318", "Source": null, "Latitude": "42.35", "NoKnownText": null, "Circa": null, "Province": "Zaragoza", "RegnalEnd": null, "Fragment": null, "GeneralNotes": null, "ClassificationNotes": null, "TranscriptionNotes": null, "Delegated": null, "Day": "6", "DatingNotes": null, "BiblioRefs": null, "Language": "Old Spanish", "LanguageNotes": null, "CountryModern": "Spain", "SourceOther": null, "OCR": "Yes", "Longitude": "-3.7", "Place": "Burgos", "IssuingAuthorityAlt": null, "EditionOther": null, "Classification": "Diocesan", "Diocese": "Burgos", "RecordID": "632", "Month": "5", "Edition": "Synodicon Hispanum, VII, pp16-26", "BaseText": ["Library Scan", "Hard Copy Scan"], "IssuingAuthority": "Juan S\u00e1nchez de las Roelas", "Year": "1359", "RegnalStart": null}