{"TextNeeded": null, "SourceNotes": null, "Transcription": "Completed", "PlaceNotes": null, "Source": null, "Latitude": "50.175579", "NoKnownText": null, "Circa": null, "Province": "Reims", "RegnalEnd": "1324", "Fragment": null, "GeneralNotes": null, "ClassificationNotes": null, "TranscriptionNotes": null, "Delegated": null, "Day": "18", "DatingNotes": null, "BiblioRefs": null, "Language": "Latin", "LanguageNotes": null, "CountryModern": "Belgium", "SourceOther": null, "OCR": "Yes", "Longitude": "3.2345", "Place": "Cambrai", "IssuingAuthorityAlt": null, "EditionOther": "Gousset, APER, II, pp. 499-500", "Classification": "Diocesan", "Diocese": "Cambrai", "RecordID": "757", "Month": "10", "Edition": "Reusens, Statuta, 60-63", "BaseText": ["GoogleBooks", "Library Scan", "WebDownload"], "IssuingAuthority": "Pierre de L\u00e9vis-Mirepoix", "Year": "1312", "RegnalStart": "1309"}