{"TextNeeded": null, "SourceNotes": null, "Transcription": "Completed", "PlaceNotes": "suffragan of Zaragoza as of 1318", "Source": null, "Latitude": "42.465", "NoKnownText": null, "Circa": null, "Province": "Zaragoza", "RegnalEnd": "1325", "Fragment": null, "GeneralNotes": null, "ClassificationNotes": null, "TranscriptionNotes": null, "Delegated": null, "Day": "4", "DatingNotes": null, "BiblioRefs": null, "Language": "Old Spanish", "LanguageNotes": "First section in Latin", "CountryModern": "Spain", "SourceOther": null, "OCR": "Yes", "Longitude": "-2.445556", "Place": "Logro\u00f1o", "IssuingAuthorityAlt": null, "EditionOther": null, "Classification": "Diocesan", "Diocese": "Calahorra y La Calzada", "RecordID": "643", "Month": "4", "Edition": "Synodicon Hispanum, VIII, pp31-38", "BaseText": ["Library Scan", "Hard Copy Scan"], "IssuingAuthority": "Miguel Romero de Yanguas", "Year": "1324", "RegnalStart": "1311"}