{"TextNeeded": null, "SourceNotes": null, "Transcription": "Reviewed ", "PlaceNotes": null, "Source": null, "Latitude": "48.960278", "NoKnownText": null, "Circa": null, "Province": "Sens", "RegnalEnd": null, "Fragment": null, "GeneralNotes": "Contains a separate set of \"Instructions to Deacons\"", "ClassificationNotes": null, "TranscriptionNotes": null, "Delegated": null, "Day": null, "DatingNotes": null, "BiblioRefs": null, "Language": "Latin", "LanguageNotes": null, "CountryModern": "France", "SourceOther": null, "OCR": null, "Longitude": "2.888333", "Place": "Meaux", "IssuingAuthorityAlt": null, "EditionOther": null, "Classification": "Diocesan", "Diocese": "Meaux", "RecordID": "185", "Month": null, "Edition": "Martene, Thes., IV, coll 923-30", "BaseText": ["GoogleBooks", "Data Capture"], "IssuingAuthority": null, "Year": "1365", "RegnalStart": null}