{"TextNeeded": null, "SourceNotes": null, "Transcription": "Completed", "PlaceNotes": null, "Source": null, "Latitude": "40.812778", "NoKnownText": null, "Circa": null, "Province": "Tarragona", "RegnalEnd": "1310", "Fragment": null, "GeneralNotes": null, "ClassificationNotes": null, "TranscriptionNotes": null, "Delegated": null, "Day": "12", "DatingNotes": null, "BiblioRefs": null, "Language": "Latin", "LanguageNotes": null, "CountryModern": "Spain", "SourceOther": null, "OCR": "Yes", "Longitude": "0.523333", "Place": "Tortosa", "IssuingAuthorityAlt": "Pedro de Betteto", "EditionOther": null, "Classification": "Diocesan", "Diocese": "Tortosa", "RecordID": "863", "Month": "11", "Edition": "Synodicon Hispanum, XII, 626-27", "BaseText": ["Library Scan", "Hard Copy Scan"], "IssuingAuthority": "Pere de Batet", "Year": "1308", "RegnalStart": "1307"}