{"TextNeeded": null, "SourceNotes": "http://books.google.com/books?id=nRZTAAAAcAAJ", "Transcription": "Reviewed ", "PlaceNotes": null, "Source": null, "Latitude": "50.6", "NoKnownText": null, "Circa": null, "Province": "Reims", "RegnalEnd": null, "Fragment": null, "GeneralNotes": "[acc. Barralis, Legislation provinciale, p. 359], these draw in part on Noyon 1344 provincial canons", "ClassificationNotes": null, "TranscriptionNotes": null, "Delegated": null, "Day": null, "DatingNotes": null, "BiblioRefs": null, "Language": "Latin", "LanguageNotes": null, "CountryModern": "Belgium", "SourceOther": null, "OCR": null, "Longitude": "3.383333", "Place": "Tournai", "IssuingAuthorityAlt": null, "EditionOther": null, "Classification": "Diocesan", "Diocese": "Tournai", "RecordID": "245", "Month": null, "Edition": "Le Groux, Summa statutorum synodalium, 1-80", "BaseText": ["GoogleBooks", "WebDownload"], "IssuingAuthority": null, "Year": "1366", "RegnalStart": null}