{"TextNeeded": null, "SourceNotes": "http://books.google.com/books?id=mstTAAAAYAAJ", "Transcription": "Completed", "PlaceNotes": null, "Source": null, "Latitude": "43.7592", "NoKnownText": null, "Circa": null, "Province": "Auch", "RegnalEnd": null, "Fragment": null, "GeneralNotes": null, "ClassificationNotes": null, "TranscriptionNotes": null, "Delegated": null, "Day": null, "DatingNotes": null, "BiblioRefs": null, "Language": "Latin", "LanguageNotes": null, "CountryModern": "France", "SourceOther": null, "OCR": "Yes", "Longitude": "-0.0328", "Place": "Nogaro", "IssuingAuthorityAlt": null, "EditionOther": "Mansi 25, col 557-560", "Classification": "Provincial", "Diocese": "Auch", "RecordID": "275", "Month": null, "Edition": "Duffour, Livre Rouge, 48-52", "BaseText": ["GoogleBooks", "WebDownload"], "IssuingAuthority": null, "Year": "1315", "RegnalStart": null}