{"TextNeeded": null, "SourceNotes": null, "Transcription": "Completed", "PlaceNotes": null, "Source": null, "Latitude": "40.812778", "NoKnownText": null, "Circa": null, "Province": "Tarragona", "RegnalEnd": "1473", "Fragment": null, "GeneralNotes": null, "ClassificationNotes": null, "TranscriptionNotes": null, "Delegated": null, "Day": "1", "DatingNotes": null, "BiblioRefs": null, "Language": "Latin", "LanguageNotes": null, "CountryModern": "Spain", "SourceOther": null, "OCR": "Yes", "Longitude": "0.523333", "Place": "Tortosa", "IssuingAuthorityAlt": null, "EditionOther": null, "Classification": "Diocesan", "Diocese": "Tortosa", "RecordID": "875", "Month": "2", "Edition": "Synodicon Hispanum, XII, 673-81", "BaseText": ["Library Scan", "Hard Copy Scan"], "IssuingAuthority": "Ot de Montcada i de Luna", "Year": "1433", "RegnalStart": "1415"}