{"TextNeeded": null, "SourceNotes": null, "Transcription": "Reviewed ", "PlaceNotes": null, "Source": null, "Latitude": "42.336389", "NoKnownText": null, "Circa": null, "Province": "Santiago", "RegnalEnd": null, "Fragment": null, "GeneralNotes": null, "ClassificationNotes": null, "TranscriptionNotes": null, "Delegated": null, "Day": "11", "DatingNotes": null, "BiblioRefs": null, "Language": "Old Spanish", "LanguageNotes": null, "CountryModern": "Spain", "SourceOther": null, "OCR": "Yes", "Longitude": " -7.863333", "Place": "Orense", "IssuingAuthorityAlt": null, "EditionOther": null, "Classification": "Diocesan", "Diocese": "Orense", "RecordID": "582", "Month": "3", "Edition": "Synodicon Hispanum, 1, 100-102", "BaseText": ["Library Scan", "Hard Copy Scan"], "IssuingAuthority": "Diego de Anaya", "Year": "1391", "RegnalStart": null}