{"TextNeeded": null, "SourceNotes": null, "Transcription": "Reviewed ", "PlaceNotes": null, "Source": null, "Latitude": "44.5658", "NoKnownText": null, "Circa": null, "Province": "Embrun", "RegnalEnd": "1286", "Fragment": null, "GeneralNotes": null, "ClassificationNotes": null, "TranscriptionNotes": null, "Delegated": null, "Day": null, "DatingNotes": null, "BiblioRefs": null, "Language": "Latin", "LanguageNotes": null, "CountryModern": "France", "SourceOther": null, "OCR": null, "Longitude": "6.4961", "Place": "Embrun", "IssuingAuthorityAlt": null, "EditionOther": null, "Classification": "Provincial", "Diocese": "Embrun", "RecordID": "2018", "Month": null, "Edition": "Martene, Thesaurus, IV, 187-190", "BaseText": "Data Capture", "IssuingAuthority": "Jacques II S\u00e9r\u00e8ne", "Year": "1278", "RegnalStart": "1275"}