{"TextNeeded": null, "SourceNotes": null, "Transcription": "Reviewed ", "PlaceNotes": "was originally to be held at Cologne", "Source": null, "Latitude": "49.98", "NoKnownText": null, "Circa": null, "Province": "Mainz", "RegnalEnd": null, "Fragment": null, "GeneralNotes": "Hartzheim etc. divided it into two sessions (Concilium Germanicum and Concilium Moguntinum); in fact it was a single council that met in several sessions over the course of a week (see Pixton, Watchmen, 346; timing first established by Binterim, Concilien, IV, 465)", "ClassificationNotes": null, "TranscriptionNotes": null, "Delegated": null, "Day": "10", "DatingNotes": null, "BiblioRefs": null, "Language": "Latin", "LanguageNotes": null, "CountryModern": "Germany", "SourceOther": null, "OCR": null, "Longitude": "8.2791", "Place": "Mainz", "IssuingAuthorityAlt": null, "EditionOther": "Mansi 23, cols. 1-10", "Classification": "Legatine", "Diocese": "Mainz", "RecordID": "1777", "Month": "12", "Edition": "Hartzheim, Concilia III, 520-25", "BaseText": ["GoogleBooks", "Data Capture"], "IssuingAuthority": "Conrad of Porto", "Year": "1225", "RegnalStart": null}