{"TextNeeded": null, "SourceNotes": null, "Transcription": "Reviewed ", "PlaceNotes": null, "Source": null, "Latitude": "47.0844", "NoKnownText": null, "Circa": null, "Province": "Bourges", "RegnalEnd": null, "Fragment": null, "GeneralNotes": null, "ClassificationNotes": null, "TranscriptionNotes": null, "Delegated": null, "Day": "23", "DatingNotes": null, "BiblioRefs": null, "Language": "Latin", "LanguageNotes": null, "CountryModern": "France", "SourceOther": null, "OCR": null, "Longitude": "2.3964", "Place": "Aurillac", "IssuingAuthorityAlt": null, "EditionOther": null, "Classification": "Provincial", "Diocese": null, "RecordID": "478", "Month": "8", "Edition": "Mansi 24, col 209-212", "BaseText": ["GoogleBooks", "Data Capture"], "IssuingAuthority": null, "Year": "1278", "RegnalStart": null}