{"TextNeeded": null, "SourceNotes": null, "Transcription": "Reviewed ", "PlaceNotes": null, "Source": null, "Latitude": "43.1836", "NoKnownText": null, "Circa": "Yes", "Province": "Narbonne", "RegnalEnd": null, "Fragment": null, "GeneralNotes": null, "ClassificationNotes": null, "TranscriptionNotes": null, "Delegated": null, "Day": null, "DatingNotes": null, "BiblioRefs": null, "Language": "Latin", "LanguageNotes": null, "CountryModern": "France", "SourceOther": null, "OCR": null, "Longitude": "3.0042", "Place": "Narbonne", "IssuingAuthorityAlt": null, "EditionOther": null, "Classification": "Provincial", "Diocese": "Narbonne", "RecordID": "1901", "Month": null, "Edition": "Mansi 23, cols 20-26", "BaseText": ["GoogleBooks", "Data Capture"], "IssuingAuthority": "Pierre Amiel", "Year": "1227", "RegnalStart": null}