{"TextNeeded": null, "SourceNotes": null, "Transcription": "Reviewed ", "PlaceNotes": null, "Source": null, "Latitude": "50.175579", "NoKnownText": null, "Circa": "Yes", "Province": "Reims", "RegnalEnd": null, "Fragment": null, "GeneralNotes": null, "ClassificationNotes": null, "TranscriptionNotes": null, "Delegated": null, "Day": null, "DatingNotes": "1181x1191", "BiblioRefs": null, "Language": "Latin", "LanguageNotes": null, "CountryModern": "Belgium", "SourceOther": null, "OCR": "Yes", "Longitude": "3.2345", "Place": "Cambrai", "IssuingAuthorityAlt": null, "EditionOther": null, "Classification": "Diocesan", "Diocese": "Cambrai", "RecordID": "1268", "Month": null, "Edition": "Avril, \"Les Precepta synodalia de Roger de Cambrai\", 10-11", "BaseText": "Hard Copy Scan", "IssuingAuthority": "Roger de Wavrin", "Year": "1185", "RegnalStart": null}