{"TextNeeded": null, "SourceNotes": null, "Transcription": "Reviewed ", "PlaceNotes": "Bologna was actually subject directly to Holy See from 1106 onward; but this is titled \"Concilium Ravennate, celebratum Bononiae\"", "Source": null, "Latitude": "44.5075", "NoKnownText": null, "Circa": null, "Province": "Ravenna", "RegnalEnd": "1321", "Fragment": null, "GeneralNotes": null, "ClassificationNotes": null, "TranscriptionNotes": null, "Delegated": null, "Day": null, "DatingNotes": null, "BiblioRefs": null, "Language": "Latin", "LanguageNotes": null, "CountryModern": "Italy", "SourceOther": null, "OCR": null, "Longitude": "11.351389", "Place": "Bologna", "IssuingAuthorityAlt": null, "EditionOther": null, "Classification": "Provincial", "Diocese": "Bologna", "RecordID": "287", "Month": null, "Edition": "Mansi 25, col 599-628", "BaseText": ["GoogleBooks", "Data Capture"], "IssuingAuthority": "Rinaldo da Concorezzo", "Year": "1317", "RegnalStart": "1303"}