{"TextNeeded": null, "SourceNotes": null, "Transcription": "Completed", "PlaceNotes": null, "Source": null, "Latitude": "50.175579", "NoKnownText": null, "Circa": "Yes", "Province": "Reims", "RegnalEnd": null, "Fragment": null, "GeneralNotes": null, "ClassificationNotes": "issued by vicars general", "TranscriptionNotes": null, "Delegated": "Yes", "Day": null, "DatingNotes": "or 1370", "BiblioRefs": null, "Language": "Latin", "LanguageNotes": null, "CountryModern": "Belgium", "SourceOther": null, "OCR": "Yes", "Longitude": "3.2345", "Place": "Cambrai", "IssuingAuthorityAlt": null, "EditionOther": null, "Classification": "Diocesan", "Diocese": "Cambrai", "RecordID": "2157", "Month": null, "Edition": "Reusens, Statuta, 112", "BaseText": ["GoogleBooks", "Library Scan", "WebDownload"], "IssuingAuthority": null, "Year": "1369", "RegnalStart": null}