{"TextNeeded": null, "SourceNotes": "http://gallica.bnf.fr/ark:/12148/btv1b8427238x", "Transcription": "Reviewed ", "PlaceNotes": null, "Source": "Paris BnF lat 1590, fols 10v & 11v", "Latitude": "44.837912", "NoKnownText": null, "Circa": null, "Province": "Bordeaux", "RegnalEnd": null, "Fragment": null, "GeneralNotes": "(acc. Avril, Statuts V, 9) these are additional statutes, added at the end of the Liber synodalis of Bordeaux (but issued on the same day as the compilation)", "ClassificationNotes": null, "TranscriptionNotes": null, "Delegated": null, "Day": "13", "DatingNotes": null, "BiblioRefs": null, "Language": "Latin", "LanguageNotes": null, "CountryModern": "France", "SourceOther": null, "OCR": "Yes", "Longitude": "-0.579541", "Place": "Bordeaux", "IssuingAuthorityAlt": null, "EditionOther": null, "Classification": "Diocesan", "Diocese": "Bordeaux", "RecordID": "992", "Month": "4", "Edition": "Pontal, Statuts, II, 474-77", "BaseText": ["GoogleBooks", "WebDownload", "Digital MS"], "IssuingAuthority": null, "Year": "1255", "RegnalStart": null}