{"TextNeeded": null, "SourceNotes": null, "Transcription": "Reviewed ", "PlaceNotes": "place unknown; certainly province of Canterbury", "Source": null, "Latitude": "51.507222", "NoKnownText": null, "Circa": null, "Province": "Canterbury", "RegnalEnd": "1443", "Fragment": null, "GeneralNotes": "Ordinance for the promotion of Oxbridge graduates", "ClassificationNotes": null, "TranscriptionNotes": null, "Delegated": null, "Day": null, "DatingNotes": null, "BiblioRefs": null, "Language": "Latin", "LanguageNotes": null, "CountryModern": "England", "SourceOther": null, "OCR": null, "Longitude": "-0.1275", "Place": "[London]", "IssuingAuthorityAlt": null, "EditionOther": null, "Classification": "Provincial", "Diocese": "Canterbury", "RecordID": "1455", "Month": null, "Edition": "Records of Convocation 5, pp. 64-66", "BaseText": ["Library Scan", "Hard Copy Scan"], "IssuingAuthority": "Henry Chichele", "Year": "1417", "RegnalStart": "1414"}