{"TextNeeded": null, "SourceNotes": "Reims BM CR I 235 P RES; also copy at BnF", "Transcription": "Reviewed ", "PlaceNotes": null, "Source": null, "Latitude": "49.26278", "NoKnownText": null, "Circa": null, "Province": "Reims", "RegnalEnd": null, "Fragment": null, "GeneralNotes": null, "ClassificationNotes": "Issued by Official of Reims", "TranscriptionNotes": null, "Delegated": "Yes", "Day": null, "DatingNotes": null, "BiblioRefs": null, "Language": "Latin", "LanguageNotes": null, "CountryModern": "France", "SourceOther": null, "OCR": null, "Longitude": "4.03472", "Place": "Reims", "IssuingAuthorityAlt": null, "EditionOther": null, "Classification": "Diocesan", "Diocese": "Reims", "RecordID": "511", "Month": null, "Edition": "Incipiunt precepta synodalia secundum usum Remensem. [N.p.]: Pierre Boicel, [n.d.], fols. 67-69", "BaseText": "Digital MS", "IssuingAuthority": null, "Year": "1335", "RegnalStart": null}