{"TextNeeded": null, "SourceNotes": "http://books.google.com/books?id=mstTAAAAYAAJ", "Transcription": "Completed", "PlaceNotes": null, "Source": null, "Latitude": "43.6465", "NoKnownText": null, "Circa": null, "Province": "Auch", "RegnalEnd": null, "Fragment": null, "GeneralNotes": "6 canons", "ClassificationNotes": null, "TranscriptionNotes": null, "Delegated": null, "Day": "26", "DatingNotes": null, "BiblioRefs": null, "Language": "Latin", "LanguageNotes": null, "CountryModern": "France", "SourceOther": null, "OCR": "Yes", "Longitude": "0.5855", "Place": "Auch", "IssuingAuthorityAlt": null, "EditionOther": "Mansi 25, col 199;", "Classification": "Provincial", "Diocese": "Auch", "RecordID": "130", "Month": "11", "Edition": "Duffour, Livre Rouge, 1.66-69", "BaseText": ["GoogleBooks", "WebDownload"], "IssuingAuthority": null, "Year": "1308", "RegnalStart": null}