{"TextNeeded": null, "SourceNotes": ["https://sok.riksarkivet.se/sdhk?SDHK=613&postid=sdhk_613", "https://sok.riksarkivet.se/bildvisning/Sdhk_613.jpg [image]"], "Transcription": "Reviewed ", "PlaceNotes": null, "Source": null, "Latitude": "58.4", "NoKnownText": null, "Circa": null, "Province": "Uppsala", "RegnalEnd": null, "Fragment": null, "GeneralNotes": "Bertram (Kanonisten und ihre Texte, 125) notes that this is the only instance - at least that he found - of a synod discussing the 'Verbreitung' of the Liber Extra [AB and suffragans were to acquire a copy of the Liber Extra within one year, and possess it for the duration of their lives on pain of personal interdict - suggesting that nobody yet had a copy of the work]", "ClassificationNotes": "Provincial council, presided by cardinal legate, with secular rulers in attendance", "TranscriptionNotes": "Donner, Kardinal Wilhelm von Sabina, 372-78 (summary in German)", "Delegated": null, "Day": "1", "DatingNotes": null, "BiblioRefs": "Nilsson, Provincial Council of Sk\u00e4nninge", "Language": "Latin", "LanguageNotes": null, "CountryModern": "Sweden", "SourceOther": null, "OCR": null, "Longitude": "15.083333", "Place": "Sk\u00e4nninge ", "IssuingAuthorityAlt": null, "EditionOther": "Diplomatarium Suecanum no. 359", "Classification": "Legatine", "Diocese": "Link\u00f6ping", "RecordID": "1747", "Month": "3", "Edition": "SDHK, no. 613", "BaseText": "Digital MS", "IssuingAuthority": "William of Sabina", "Year": "1248", "RegnalStart": null}