{"TextNeeded": null, "SourceNotes": null, "Transcription": "Completed", "PlaceNotes": null, "Source": null, "Latitude": "52.083", "NoKnownText": null, "Circa": null, "Province": "Cologne", "RegnalEnd": null, "Fragment": null, "GeneralNotes": null, "ClassificationNotes": null, "TranscriptionNotes": null, "Delegated": null, "Day": "21", "DatingNotes": null, "BiblioRefs": null, "Language": "Latin", "LanguageNotes": null, "CountryModern": "Netherlands", "SourceOther": null, "OCR": null, "Longitude": "5.1", "Place": "Utrecht", "IssuingAuthorityAlt": null, "EditionOther": "Hartzheim IV, 17-19", "Classification": "Diocesan", "Diocese": "Utrecht", "RecordID": "14", "Month": "4", "Edition": "Joosting, Bronnen, V, 60-68", "BaseText": "Data Capture", "IssuingAuthority": "Jan van Zyrik", "Year": "1293", "RegnalStart": null}