{"TextNeeded": null, "SourceNotes": null, "Transcription": "Completed", "PlaceNotes": "suffragan of Zaragoza as of 1318", "Source": null, "Latitude": "42.672134", "NoKnownText": null, "Circa": null, "Province": null, "RegnalEnd": "1355", "Fragment": null, "GeneralNotes": "partially survives via 1499 compilation, as cc. 34-47, 66, 137-38, 145, 174, 181, 197-199, 285", "ClassificationNotes": null, "TranscriptionNotes": "partially survives via 1499 compilation, as cc. 34-47, 66, 137-38, 145, 174, 181, 197-199, 285", "Delegated": null, "Day": "14", "DatingNotes": null, "BiblioRefs": null, "Language": "Latin", "LanguageNotes": null, "CountryModern": "Spain", "SourceOther": null, "OCR": "Yes", "Longitude": "-1.81504", "Place": "Puente la Reina", "IssuingAuthorityAlt": null, "EditionOther": null, "Classification": "Diocesan", "Diocese": "Pamplona", "RecordID": "1561", "Month": "5", "Edition": "Synodicon Hispanum, VIII, pp377", "BaseText": ["Library Scan", "Hard Copy Scan"], "IssuingAuthority": "Arnalt de Barbaz\u00e1n", "Year": "1346", "RegnalStart": "1318"}