{"TextNeeded": null, "SourceNotes": null, "Transcription": "Completed", "PlaceNotes": "[dependant on Holy See until 1492]", "Source": null, "Latitude": "37.986111", "NoKnownText": null, "Circa": null, "Province": "[Holy See]", "RegnalEnd": "1402", "Fragment": null, "GeneralNotes": null, "ClassificationNotes": null, "TranscriptionNotes": null, "Delegated": null, "Day": "7", "DatingNotes": null, "BiblioRefs": null, "Language": "Old Spanish", "LanguageNotes": null, "CountryModern": "Spain", "SourceOther": null, "OCR": "Yes", "Longitude": "-1.130278", "Place": "Murcia", "IssuingAuthorityAlt": null, "EditionOther": null, "Classification": "Diocesan", "Diocese": "Cartagena", "RecordID": "1464", "Month": "4", "Edition": "Synodicon Hispanum, XI, pp197-201", "BaseText": ["Library Scan", "Hard Copy Scan"], "IssuingAuthority": "Fernando de Pedrosa", "Year": "1391", "RegnalStart": "1383"}