{"TextNeeded": null, "SourceNotes": "[IRHT MF 06995]; http://books.google.fr/books?id=q79KKaDMW6cC", "Transcription": "Reviewed ", "PlaceNotes": null, "Source": null, "Latitude": "42.5997", "NoKnownText": null, "Circa": null, "Province": "Narbonne", "RegnalEnd": null, "Fragment": null, "GeneralNotes": null, "ClassificationNotes": null, "TranscriptionNotes": null, "Delegated": null, "Day": null, "DatingNotes": null, "BiblioRefs": null, "Language": "Latin", "LanguageNotes": null, "CountryModern": "France", "SourceOther": null, "OCR": "Yes", "Longitude": "2.971014", "Place": "Elne", "IssuingAuthorityAlt": null, "EditionOther": null, "Classification": "Diocesan", "Diocese": "Elne", "RecordID": "678", "Month": null, "Edition": "Aguirre, Collectio maxima conciliorum, 1694, III, 599-600", "BaseText": "Data Capture", "IssuingAuthority": null, "Year": "1340", "RegnalStart": null}