{"TextNeeded": null, "SourceNotes": null, "Transcription": "Reviewed ", "PlaceNotes": null, "Source": null, "Latitude": "44.41667", "NoKnownText": null, "Circa": null, "Province": "Ravenna", "RegnalEnd": "1321", "Fragment": null, "GeneralNotes": null, "ClassificationNotes": null, "TranscriptionNotes": null, "Delegated": null, "Day": null, "DatingNotes": null, "BiblioRefs": null, "Language": "Latin", "LanguageNotes": null, "CountryModern": "Italy", "SourceOther": null, "OCR": null, "Longitude": "12.2", "Place": "Ravenna", "IssuingAuthorityAlt": null, "EditionOther": null, "Classification": "Provincial", "Diocese": "Ravenna", "RecordID": "331", "Month": "6", "Edition": "Mansi 25, col 449-476", "BaseText": ["GoogleBooks", "Data Capture"], "IssuingAuthority": "Rinaldo da Concorezzo", "Year": "1311", "RegnalStart": "1303"}