{"TextNeeded": null, "SourceNotes": null, "Transcription": "Completed", "PlaceNotes": null, "Source": null, "Latitude": "50.175579", "NoKnownText": null, "Circa": null, "Province": "Reims", "RegnalEnd": null, "Fragment": null, "GeneralNotes": null, "ClassificationNotes": "issued by vicars general", "TranscriptionNotes": null, "Delegated": "Yes", "Day": null, "DatingNotes": null, "BiblioRefs": null, "Language": "Latin", "LanguageNotes": null, "CountryModern": "Belgium", "SourceOther": null, "OCR": "Yes", "Longitude": "3.2345", "Place": "Cambrai", "IssuingAuthorityAlt": null, "EditionOther": null, "Classification": "Diocesan", "Diocese": "Cambrai", "RecordID": "2160", "Month": null, "Edition": "Reusens, Statuta, 113", "BaseText": ["GoogleBooks", "Library Scan", "WebDownload"], "IssuingAuthority": null, "Year": "1462", "RegnalStart": null}