{"TextNeeded": null, "SourceNotes": null, "Transcription": "Completed", "PlaceNotes": null, "Source": null, "Latitude": "50.175579", "NoKnownText": null, "Circa": null, "Province": "Reims", "RegnalEnd": "1336", "Fragment": null, "GeneralNotes": null, "ClassificationNotes": "issued by vicar of the cathedral chapter", "TranscriptionNotes": null, "Delegated": null, "Day": "1", "DatingNotes": null, "BiblioRefs": null, "Language": "Latin", "LanguageNotes": null, "CountryModern": "Belgium", "SourceOther": null, "OCR": "Yes", "Longitude": "3.2345", "Place": "Cambrai", "IssuingAuthorityAlt": null, "EditionOther": "Gousset, ABER, II,  518-19;", "Classification": "Diocesan", "Diocese": "Cambrai", "RecordID": "756", "Month": "10", "Edition": "Reusens, Statuta, 86-88", "BaseText": ["GoogleBooks", "Library Scan", "WebDownload"], "IssuingAuthority": "sede vacante", "Year": "1324", "RegnalStart": "1324"}