{"TextNeeded": null, "SourceNotes": "[MF 2267] [R 62981] [downloaded from BnF]", "Transcription": "Completed", "PlaceNotes": null, "Source": "Paris BnF lat 1613, fols 86r-87r", "Latitude": "43.21306", "NoKnownText": null, "Circa": "Yes", "Province": "Narbonne", "RegnalEnd": null, "Fragment": null, "GeneralNotes": null, "ClassificationNotes": null, "TranscriptionNotes": null, "Delegated": null, "Day": null, "DatingNotes": "1356x1361", "BiblioRefs": null, "Language": "Latin", "LanguageNotes": null, "CountryModern": "France", "SourceOther": null, "OCR": null, "Longitude": "2.352028", "Place": "Carcassonne", "IssuingAuthorityAlt": null, "EditionOther": null, "Classification": "Diocesan", "Diocese": "Carcassonne", "RecordID": "789", "Month": null, "Edition": null, "BaseText": "Digital MS", "IssuingAuthority": "Geoffroi de Vayrols", "Year": "1360", "RegnalStart": null}