{"TextNeeded": null, "SourceNotes": null, "Transcription": "Completed", "PlaceNotes": null, "Source": null, "Latitude": "45.416667", "NoKnownText": null, "Circa": null, "Province": "Aquileia", "RegnalEnd": "1447", "Fragment": null, "GeneralNotes": "additions to earlier Liber Synodalis of 1433", "ClassificationNotes": null, "TranscriptionNotes": null, "Delegated": null, "Day": "8", "DatingNotes": null, "BiblioRefs": null, "Language": "Latin", "LanguageNotes": null, "CountryModern": "Italy", "SourceOther": null, "OCR": "Yes", "Longitude": "11.866667", "Place": "Padua", "IssuingAuthorityAlt": null, "EditionOther": "Dondi dall'Orologio, Dissertazione nona sopra l'istoria ecclesiastica padovana, doc. XXIII, pp60-66", "Classification": "Diocesan", "Diocese": "Padua", "RecordID": "1848", "Month": "6", "Edition": "Ceccon, Sinodi diocesane, pp236-239", "BaseText": ["GoogleBooks", "WebDownload"], "IssuingAuthority": "Pietro Donato", "Year": "1446", "RegnalStart": "1428"}