{"TextNeeded": null, "SourceNotes": null, "Transcription": "Reviewed ", "PlaceNotes": null, "Source": null, "Latitude": "48.1147", "NoKnownText": null, "Circa": null, "Province": "Tours", "RegnalEnd": null, "Fragment": null, "GeneralNotes": null, "ClassificationNotes": null, "TranscriptionNotes": null, "Delegated": null, "Day": null, "DatingNotes": null, "BiblioRefs": null, "Language": "Latin", "LanguageNotes": null, "CountryModern": "France", "SourceOther": null, "OCR": "Yes", "Longitude": "-1.6794", "Place": "Rennes", "IssuingAuthorityAlt": null, "EditionOther": null, "Classification": "Provincial", "Diocese": "Rennes", "RecordID": "1296", "Month": null, "Edition": "Avril, Tours, 244-49", "BaseText": "Hard Copy Scan", "IssuingAuthority": null, "Year": "1273", "RegnalStart": null}