{"TextNeeded": null, "SourceNotes": null, "Transcription": "Completed", "PlaceNotes": "suffragan of Zaragoza as of 1318", "Source": null, "Latitude": "42.818333", "NoKnownText": null, "Circa": null, "Province": null, "RegnalEnd": "1355", "Fragment": null, "GeneralNotes": "partially survives via 1499 compilation, as cc. 112, 124-25, 178, 194-96, 282-84", "ClassificationNotes": null, "TranscriptionNotes": "partially survives via 1499 compilation, as cc. 112, 124-25, 178, 194-96, 282-84", "Delegated": null, "Day": "23", "DatingNotes": null, "BiblioRefs": null, "Language": "Latin", "LanguageNotes": null, "CountryModern": "Spain", "SourceOther": null, "OCR": "Yes", "Longitude": "-1.644167", "Place": "Pamplona", "IssuingAuthorityAlt": null, "EditionOther": null, "Classification": "Diocesan", "Diocese": "Pamplona", "RecordID": "1557", "Month": "9", "Edition": "Synodicon Hispanum, VIII, pp376-77", "BaseText": ["Library Scan", "Hard Copy Scan"], "IssuingAuthority": "Arnalt de Barbaz\u00e1n", "Year": "1330", "RegnalStart": "1318"}