{"TextNeeded": null, "SourceNotes": null, "Transcription": "Completed", "PlaceNotes": null, "Source": null, "Latitude": "42.818333", "NoKnownText": null, "Circa": null, "Province": null, "RegnalEnd": "1316", "Fragment": null, "GeneralNotes": "partially survives via 1499 compilation, as cc. 27-29, 73-75, 141-44, 173, 187, 207-08", "ClassificationNotes": null, "TranscriptionNotes": "partially survives via 1499 compilation, as cc. 27-29, 73-75, 141-44, 173, 187, 207-08", "Delegated": null, "Day": "29", "DatingNotes": null, "BiblioRefs": null, "Language": "Latin", "LanguageNotes": null, "CountryModern": "Spain", "SourceOther": null, "OCR": "Yes", "Longitude": "-1.644167", "Place": "Pamplona", "IssuingAuthorityAlt": null, "EditionOther": null, "Classification": "Diocesan", "Diocese": "Pamplona", "RecordID": "1556", "Month": "10", "Edition": "Synodicon Hispanum, VIII, pp375", "BaseText": ["Library Scan", "Hard Copy Scan"], "IssuingAuthority": "Arnalt de Puyana", "Year": "1315", "RegnalStart": "1310"}